2026-03-10 10:19:21 [WARN ] HikariPool:788 - HikariPool-1 - Thread starvation or clock leap detected (housekeeper delta=14h57m41s330ms510µs100ns).
2026-03-10 10:30:10 [WARN ] HikariPool:788 - HikariPool-1 - Thread starvation or clock leap detected (housekeeper delta=49s444ms907µs100ns).
2026-03-10 11:31:16 [WARN ] HikariPool:788 - HikariPool-1 - Thread starvation or clock leap detected (housekeeper delta=51m41s880ms259µs600ns).
2026-03-10 12:20:10 [WARN ] HikariPool:788 - HikariPool-1 - Thread starvation or clock leap detected (housekeeper delta=25m53s854ms735µs300ns).
2026-03-10 12:34:32 [WARN ] HikariPool:788 - HikariPool-1 - Thread starvation or clock leap detected (housekeeper delta=4m52s473ms726µs200ns).
2026-03-10 13:26:56 [WARN ] HikariPool:788 - HikariPool-1 - Thread starvation or clock leap detected (housekeeper delta=42m30s204ms747µs600ns).
2026-03-10 13:40:49 [WARN ] HikariPool:788 - HikariPool-1 - Thread starvation or clock leap detected (housekeeper delta=4m22s991ms686µs600ns).
2026-03-10 14:05:01 [WARN ] HikariPool:788 - HikariPool-1 - Thread starvation or clock leap detected (housekeeper delta=14m11s937ms743µs700ns).
2026-03-10 14:05:11 [DEBUG] DispatcherServlet:120 - GET "/RailEase/booking/payment/TK2026030987481000", parameters={}
2026-03-10 14:05:11 [DEBUG] RequestMappingHandlerMapping:522 - Mapped to com.railease.controller.BookingController#showPaymentPage(String, HttpSession, Model)
2026-03-10 14:05:11 [DEBUG] DispatcherServlet:1131 - Completed 302 FOUND
2026-03-10 14:05:12 [DEBUG] DispatcherServlet:120 - GET "/RailEase/login", parameters={}
2026-03-10 14:05:12 [DEBUG] RequestMappingHandlerMapping:522 - Mapped to com.railease.controller.LoginController#showLoginForm(Model, String, String, String, String)
2026-03-10 14:05:12 [DEBUG] DispatcherServlet:1131 - Completed 200 OK
2026-03-10 14:05:14 [DEBUG] DispatcherServlet:120 - POST "/RailEase/login", parameters={masked}
2026-03-10 14:05:14 [DEBUG] RequestMappingHandlerMapping:522 - Mapped to com.railease.controller.LoginController#login(String, String, HttpSession, Model)
2026-03-10 14:05:14 [INFO ] LoginController:60 - Login attempt for user: shivangi
2026-03-10 14:05:14 [INFO ] LoginController:60 - Login attempt for user: shivangi
2026-03-10 14:05:14 [INFO ] LoginServiceImpl:24 - Authenticating user: shivangi
2026-03-10 14:05:14 [INFO ] LoginServiceImpl:24 - Authenticating user: shivangi
2026-03-10 14:05:14 [DEBUG] SQL:144 - 
    select
        user0_.user_id as user_id1_8_,
        user0_.created_at as created_2_8_,
        user0_.email as email3_8_,
        user0_.full_name as full_nam4_8_,
        user0_.is_enabled as is_enabl5_8_,
        user0_.last_login as last_log6_8_,
        user0_.mobile_number as mobile_n7_8_,
        user0_.password as password8_8_,
        user0_.profile_photo as profile_9_8_,
        user0_.profile_photo_content_type as profile10_8_,
        user0_.role as role11_8_,
        user0_.session_id as session12_8_,
        user0_.updated_at as updated13_8_,
        user0_.username as usernam14_8_ 
    from
        users user0_ 
    where
        user0_.username=?
2026-03-10 14:05:14 [TRACE] BasicBinder:64 - binding parameter [1] as [VARCHAR] - [shivangi]
2026-03-10 14:05:14 [DEBUG] SQL:144 - 
    select
        userprofil0_.profile_id as profile_1_7_0_,
        userprofil0_.address as address2_7_0_,
        userprofil0_.city as city3_7_0_,
        userprofil0_.date_of_birth as date_of_4_7_0_,
        userprofil0_.gender as gender5_7_0_,
        userprofil0_.id as id6_7_0_,
        userprofil0_.occupation as occupati7_7_0_,
        userprofil0_.pincode as pincode8_7_0_,
        userprofil0_.state as state9_7_0_,
        userprofil0_.user_id as user_id10_7_0_ 
    from
        user_profiles userprofil0_ 
    where
        userprofil0_.user_id=?
2026-03-10 14:05:14 [TRACE] BasicBinder:64 - binding parameter [1] as [BIGINT] - [37]
2026-03-10 14:05:14 [DEBUG] SQL:144 - 
    select
        user0_.user_id as user_id1_8_2_,
        user0_.created_at as created_2_8_2_,
        user0_.email as email3_8_2_,
        user0_.full_name as full_nam4_8_2_,
        user0_.is_enabled as is_enabl5_8_2_,
        user0_.last_login as last_log6_8_2_,
        user0_.mobile_number as mobile_n7_8_2_,
        user0_.password as password8_8_2_,
        user0_.profile_photo as profile_9_8_2_,
        user0_.profile_photo_content_type as profile10_8_2_,
        user0_.role as role11_8_2_,
        user0_.session_id as session12_8_2_,
        user0_.updated_at as updated13_8_2_,
        user0_.username as usernam14_8_2_,
        tickets1_.user_id as user_id30_4_4_,
        tickets1_.ticket_id as ticket_i1_4_4_,
        tickets1_.ticket_id as ticket_i1_4_0_,
        tickets1_.booking_date as booking_2_4_0_,
        tickets1_.booking_status as booking_3_4_0_,
        tickets1_.cancellation_charges as cancella4_4_0_,
        tickets1_.cancellation_date as cancella5_4_0_,
        tickets1_.cancellation_reason as cancella6_4_0_,
        tickets1_.cancellation_requested_date as cancella7_4_0_,
        tickets1_.class_type as class_ty8_4_0_,
        tickets1_.destination_station as destinat9_4_0_,
        tickets1_.journey_date as journey10_4_0_,
        tickets1_.meal_id as meal_id11_4_0_,
        tickets1_.meal_quantity as meal_qu12_4_0_,
        tickets1_.number_of_seats as number_13_4_0_,
        tickets1_.passenger_age as passeng14_4_0_,
        tickets1_.passenger_gender as passeng15_4_0_,
        tickets1_.passenger_name as passeng16_4_0_,
        tickets1_.payment_id as payment17_4_0_,
        tickets1_.payment_method as payment18_4_0_,
        tickets1_.payment_status as payment19_4_0_,
        tickets1_.refund_amount as refund_20_4_0_,
        tickets1_.refund_date as refund_21_4_0_,
        tickets1_.refund_percentage as refund_22_4_0_,
        tickets1_.refund_processed_date as refund_23_4_0_,
        tickets1_.refund_status as refund_24_4_0_,
        tickets1_.refund_transaction_id as refund_25_4_0_,
        tickets1_.source_station as source_26_4_0_,
        tickets1_.ticket_status as ticket_27_4_0_,
        tickets1_.total_fare as total_f28_4_0_,
        tickets1_.train_no as train_n29_4_0_,
        tickets1_.user_id as user_id30_4_0_,
        userprofil2_.profile_id as profile_1_7_1_,
        userprofil2_.address as address2_7_1_,
        userprofil2_.city as city3_7_1_,
        userprofil2_.date_of_birth as date_of_4_7_1_,
        userprofil2_.gender as gender5_7_1_,
        userprofil2_.id as id6_7_1_,
        userprofil2_.occupation as occupati7_7_1_,
        userprofil2_.pincode as pincode8_7_1_,
        userprofil2_.state as state9_7_1_,
        userprofil2_.user_id as user_id10_7_1_ 
    from
        users user0_ 
    left outer join
        tickets tickets1_ 
            on user0_.user_id=tickets1_.user_id 
    left outer join
        user_profiles userprofil2_ 
            on user0_.user_id=userprofil2_.user_id 
    where
        user0_.user_id=?
2026-03-10 14:05:14 [TRACE] BasicBinder:64 - binding parameter [1] as [BIGINT] - [37]
2026-03-10 14:05:15 [DEBUG] SQL:144 - 
    update
        users 
    set
        email=?,
        full_name=?,
        is_enabled=?,
        last_login=?,
        mobile_number=?,
        password=?,
        profile_photo=?,
        profile_photo_content_type=?,
        role=?,
        session_id=?,
        updated_at=?,
        username=? 
    where
        user_id=?
2026-03-10 14:05:15 [TRACE] BasicBinder:64 - binding parameter [1] as [VARCHAR] - [kamadiyasiya@gmail.com]
2026-03-10 14:05:15 [TRACE] BasicBinder:64 - binding parameter [2] as [VARCHAR] - [Shivangi Kamadiya]
2026-03-10 14:05:15 [TRACE] BasicBinder:64 - binding parameter [3] as [BOOLEAN] - [true]
2026-03-10 14:05:15 [TRACE] BasicBinder:64 - binding parameter [4] as [TIMESTAMP] - [2026-03-10T14:05:14.886323400]
2026-03-10 14:05:15 [TRACE] BasicBinder:64 - binding parameter [5] as [VARCHAR] - [7854894548]
2026-03-10 14:05:15 [TRACE] BasicBinder:64 - binding parameter [6] as [VARCHAR] - [$2a$10$4YzX9D39AMqAnBc4OsDDfeO4528j30dte9PhpLRr3wvvzGTUd1RWm]
2026-03-10 14:05:15 [TRACE] BasicBinder:64 - binding parameter [7] as [BLOB] - [[-1, -40, -1, -32, 0, 16, 74, 70, 73, 70, 0, 1, 1, 0, 0, 1, 0, 1, 0, 0, -1, -37, 0, -124, 0, 9, 6, 7, 17, 19, 16, 16, 16, 16, 19, 18, 18, 18, 21, 16, 15, 15, 16, 16, 15, 15, 15, 15, 16, 15, 16, 21, 18, 22, 22, 21, 17, 21, 21, 24, 29, 40, 32, 24, 26, 37, 27, 21, 21, 33, 49, 33, 37, 41, 43, 46, 46, 46, 23, 31, 51, 56, 51, 44, 55, 42, 45, 46, 43, 1, 10, 10, 10, 14, 13, 14, 24, 16, 16, 27, 45, 31, 32, 31, 45, 45, 45, 45, 45, 45, 45, 45, 45, 45, 45, 45, 45, 45, 45, 45, 45, 45, 45, 45, 45, 45, 45, 45, 45, 45, 45, 45, 45, 43, 45, 55, 45, 45, 45, 45, 45, 45, 45, 45, 45, 43, 45, 45, 46, 45, 45, 43, 45, 45, -1, -64, 0, 17, 8, 1, 19, 0, -73, 3, 1, 34, 0, 2, 17, 1, 3, 17, 1, -1, -60, 0, 28, 0, 0, 1, 5, 1, 1, 1, 0, 0, 0, 0, 0, 0, 0, 0, 0, 0, 3, 0, 1, 2, 4, 5, 6, 7, 8, -1, -60, 0, 63, 16, 0, 1, 4, 1, 2, 4, 3, 5, 6, 4, 4, 5, 5, 0, 0, 0, 1, 0, 2, 3, 17, 4, 18, 33, 5, 49, 65, 81, 6, 19, 97, 34, 50, 113, -127, -111, 7, 20, 66, 82, -95, -79, 35, 83, -110, -31, 21, 114, -94, -63, 51, 67, 98, -126, -15, 22, 36, 84, 99, -47, -1, -60, 0, 26, 1, 0, 3, 1, 1, 1, 1, 0, 0, 0, 0, 0, 0, 0, 0, 0, 0, 0, 1, 2, 3, 4, 5, 6, -1, -60, 0, 38, 17, 0, 2, 2, 2, 2, 2, 3, 0, 2, 3, 1, 0, 0, 0, 0, 0, 0, 1, 2, 17, 3, 18, 33, 49, 4, 65, 19, 34, 81, 5, 97, 66, -127, -79, 50, -1, -38, 0, 12, 3, 1, 0, 2, 17, 3, 17, 0, 63, 0, -12, -28, -12, -99, 36, 25, -115, 73, 39, 73, 0, 36, -109, -92, -128, 18, 73, 39, 64, -56, -92, -92, -110, 0, -118, 74, 73, -112, 3, 39, 79, 73, 82, 0, 100, -109, -46, 84, -128, 25, 36, -12, -107, 32, 8, -92, -99, 36, 0, -55, 39, 73, 2, 25, 36, -23, 32, 99, 39, 73, 58, 0, 100, -109, -89, 64, 13, 73, 39, 74, -112, 2, 73, 61, 36, -128, 25, 42, 78, -98, -112, 4, 105, 42, 82, 1, 56, 8, 2, 52, -107, 41, -106, -90, -46, -128, 35, 73, 82, 122, 73, 0, 53, 38, -91, 42, 74, -112, 4, 83, 82, -99, 36, 90, -128, 32, -107, 41, 20, -87, 0, 65, 58, -112, 106, 72, 2, 41, -64, 92, -12, 92, 89, -25, -1, 0, 11, 67, 27, 61, -37, 94, -23, 114, 58, 52, -125, 82, 67, 102, 88, -20, 81, 89, 43, 74, 98, 16, 106, 125, 41, -35, 35, 71, 50, 20, 91, 59, 79, 34, -107, -114, -119, 82, 84, -96, -7, 119, 81, -13, 18, -79, -48, 106, 72, -108, 31, 49, 45, 104, -80, 12, 10, 69, 4, 56, -88, -105, 34, -64, -77, 105, -83, 2, -119, -28, -100, 70, -28, -20, 3, 90, 107, 66, 44, 41, -117, 10, 86, 1, -83, 43, 85, -56, 33, 61, -94, -64, 56, 114, 123, 64, -75, 32, -128, 36, -10, -38, 102, 3, -43, 69, 58, 44, 2, 106, 76, -122, 92, -110, 44, 14, 74, 17, 69, 104, 67, 53, 116, 65, -30, 24, 38, 51, 119, 96, -99, -69, -124, 124, 86, 109, -70, -82, -60, -53, 49, 73, 106, -61, 74, -81, -92, 34, 71, -78, 9, 1, -60, 90, -22, -79, 106, -68, 44, -112, 110, 15, -43, 104, -65, 113, 72, 34, 15, 84, -88, 105, -127, -121, 53, -31, -44, -19, -3, 86, -100, 50, 2, 54, 42, -103, -57, 111, -49, -70, 28, 48, 16, 110, -54, 84, 86, -58, -65, -108, 83, -120, -108, 98, -56, -24, 126, -86, -62, 116, 0, 29, 26, 112, -60, 100, -56, -96, 18, 74, 15, 109, -89, -94, -127, 18, 73, 70, -113, 116, -31, 48, 30, -110, 73, 36, 0, -110, 76, 74, 27, -27, 3, -103, -92, -122, 52, -68, -44, 69, -87, -74, 102, -98, 91, -89, 50, -128, -89, -128, 32, 69, 39, 76, -25, -125, -70, 73, 88, -24, -27, -14, -78, -36, -13, -71, -37, -96, 82, -60, -108, -113, 85, 74, 57, 84, -101, 47, 101, -94, -32, 79, -109, 94, 60, -128, -17, 69, 49, 51, 123, -84, 96, -12, 41, 28, 109, 81, 52, 116, 3, 37, -67, -47, 68, -125, -70, -25, -29, 119, 117, 55, -53, 92, -118, 65, 70, -16, 112, 83, -44, 22, 4, 82, -98, -106, -92, -4, -105, 29, -110, 10, 58, 16, -31, -24, -83, 99, -111, 91, 46, 93, -78, -109, -35, 91, -122, 77, 36, 17, -86, -5, 111, -70, 69, 81, -48, 60, -88, -99, 72, 88, -39, 45, 112, -11, -20, 121, -85, 15, 27, 32, 6, 14, 78, 10, -57, -30, 57, 37, -92, 6, 29, -6, -86, 110, -50, -112, -19, -85, -23, -78, 73, -123, 29, 42, 107, 92, -18, 54, 76, -105, -69, -115, 122, -85, 70, 79, 95, -43, 49, 27, 26, -121, 117, 7, -52, -47, -52, -123, -118, -4, -112, 54, -75, 90, 71, -105, 29, -112, 6, -92, -39, -4, -24, 124, -43, 118, 100, 18, -17, 111, 113, -48, 116, 85, 95, 40, 3, 117, -101, 55, 23, 104, 52, 55, 82, -47, 72, -37, -105, 53, -60, -45, 69, 5, 9, -27, -46, -35, 114, 59, 97, -46, -10, 92, -26, 79, 26, 36, 83, 7, -51, 103, 75, 59, -35, -17, 56, -97, 75, -40, 41, -43, -78, -45, 72, -40, -52, -15, 9, 59, 51, 96, -103, 98, 105, 73, 61, 16, -74, 102, -84, 110, -76, 66, 123, 46, 43, -121, -15, -87, 25, -20, -65, -38, 109, -13, -22, -70, -68, 76, -106, -66, -120, 43, -91, -58, -116, 35, 59, 45, 7, 41, -121, 33, -11, 78, -50, 106, 11, -78, 69, -54, 14, 36, -89, 124, 123, -90, -70, -39, 48, 101, -122, -55, 65, 45, 70, -18, -107, 114, -27, 97, -77, 56, -128, -48, 17, 66, 45, 50, 98, 43, 100, -33, 124, 32, -34, -56, 101, -62, -87, -37, 20, 7, 52, 14, 74, 104, 105, -102, 88, -4, 64, -76, -33, 84, 121, -72, -85, -35, -54, -121, -63, 99, 53, -56, -116, 114, -99, 74, -80, -18, -25, 100, -38, 118, -20, -128, 36, 83, -13, 7, 84, 1, 55, 73, -47, 68, 23, 21, 31, 52, 116, 75, -17, 52, 19, 21, 7, 108, 125, -43, 124, -34, 32, -40, -59, 13, -54, -95, -103, -60, -55, 4, 53, 100, -72, -34, -28, -38, 67, 44, 100, 103, 61, -25, -99, 14, -56, 77, -120, -108, -47, -68, 4, 87, 79, -74, -63, 0, 74, 60, 100, 71, 98, -118, 82, -117, 40, 6, -18, 20, -26, -53, 6, -87, 34, -118, -19, -121, -70, 116, -92, -105, 109, -110, 72, 71, 8, -3, 36, 91, 77, -9, 79, -113, -105, 35, 8, 45, 39, 110, -117, 46, 41, 29, 29, -125, -43, 92, -60, -98, -41, 84, 100, 114, 52, 118, -100, 43, -113, 53, -32, 53, -5, 59, -41, -86, -36, -118, 78, -85, -50, 28, -45, -52, 115, 90, -68, 59, -113, 61, -76, 29, -72, 67, -123, -12, 82, -99, 118, 118, -78, -70, -37, 104, 109, 105, 117, 82, -95, -121, -59, -29, 120, -85, -93, -40, -83, 72, 32, 115, 125, -82, -123, 69, 81, -91, -40, -51, -60, 125, -33, 68, 72, 97, 125, -19, -11, 86, 88, -13, 72, -80, -50, 7, 48, -107, -123, 21, -122, 28, -114, 59, -3, 80, -78, -96, -47, -42, -43, -23, -14, -17, -35, -40, 42, -78, -70, -7, -92, 0, 26, -21, 74, -118, 51, 35, 1, 66, 119, 80, 65, 64, -117, -87, 8, -50, -85, -28, 100, 32, 52, -109, -51, 86, -92, -20, 93, -101, 48, 1, 107, 15, 47, -115, 106, -40, 108, 20, 56, -109, 100, 121, 12, 101, -41, 85, 60, 94, 8, 0, 26, -50, -24, -6, -82, -61, -20, -63, 69, -110, 85, -88, -51, -20, -117, 54, 19, 0, -39, 11, 31, 28, -121, 106, -24, -89, -122, 87, 40, 59, -95, -95, 105, -117, 17, -37, 59, 78, -54, 82, -49, 27, 0, 22, 44, -107, 5, 21, -51, -88, -46, 36, -71, 3, 88, -82, -87, -61, -63, 113, -12, 64, 16, 34, -110, 79, 35, -37, -51, 50, 67, 56, 71, 16, -19, -100, -85, 121, 69, -122, -57, 37, 24, -89, -70, 86, -30, -102, -51, 30, 74, -45, -93, 30, 25, 40, 50, -127, -40, -93, 72, 64, 85, -91, -60, -93, -87, -68, -107, -120, -37, 97, 107, 9, 38, 103, 40, -80, -112, -55, -40, -18, -70, 60, 47, 19, 72, 3, 89, 38, -19, 27, 88, -26, -71, 96, 64, 42, -45, 30, 10, -43, -92, -5, 33, 54, -70, 61, 19, -121, -25, -78, 81, 109, 42, -31, 11, -49, -8, 110, 73, -119, -31, -51, 59, 117, 29, -41, 77, 15, -120, 99, 38, -71, 124, 86, 50, -115, 62, 13, -29, 43, -20, -40, 33, 52, 113, -117, -73, 42, -93, 42, -9, 27, -88, -69, 39, -70, -126, -24, -69, 59, -121, 69, 79, 36, 18, 16, -78, 115, 52, -74, -6, -14, 3, -71, 92, -26, 83, -97, 35, -83, -18, 39, -99, 0, 104, 15, -110, -30, -14, 60, -56, -31, 122, -10, -50, -17, 27, -62, -106, 101, -75, -46, 53, -61, 59, -95, 77, -102, -58, -5, 61, 86, 54, 52, 14, 52, -26, -110, 54, 4, 27, 61, -107, -89, 64, 13, -69, -15, 109, 103, -72, -27, 127, 30, 74, 112, 127, 33, 28, -109, -46, 74, -84, -65, 39, -8, -23, 98, -122, -15, 119, 93, -106, -96, -55, -33, 100, -49, -101, -38, 15, -67, -69, 32, -116, 125, 66, -101, 106, -28, 124, 46, -40, 46, -41, 123, -92, 121, -36, -128, 118, 123, 94, 104, 42, 121, 25, -123, -82, 45, 109, -112, -81, -61, -61, 67, 73, -39, 105, -63, -61, -104, 5, -48, 39, -86, 54, -118, 13, 100, -50, 83, -17, 103, -79, 85, -25, -107, -27, -41, -65, -94, -22, -26, -31, -30, -10, 1, 14, 88, 88, -47, 100, 11, 77, 77, 3, -58, -1, 0, 78, 108, 75, 46, -57, 117, -96, -36, -30, 24, 108, 123, 73, 103, 102, 93, 80, 0, 5, -101, -105, -109, -19, 88, 79, -78, 111, 95, 102, -117, -25, 113, 96, -67, -110, 88, -77, -26, -110, -99, 26, -117, 115, -103, 44, 45, 40, -48, 60, -126, 10, -21, 114, -72, 67, 36, 55, -53, -47, 84, -109, -61, 127, -108, -4, -106, 91, -81, 101, 60, 111, -48, -80, -79, -75, -127, -92, -123, -95, -125, -62, -84, -112, 118, 71, -31, -36, 44, 70, -51, -50, -22, -28, 51, 81, -81, -43, 74, 127, -123, -21, -6, 96, -15, 30, 14, 90, 118, 89, -108, 90, 119, 93, -68, -114, 4, 83, -73, 11, 35, 59, -122, 7, 89, 103, 53, -47, 12, -97, -90, 83, -59, -19, 24, -115, -108, -124, 120, -26, 37, 14, 88, -120, 4, 56, 81, 8, 13, 43, 115, -103, -16, 110, -16, -34, 38, 99, 117, 110, 65, 91, -46, 103, 13, 58, -87, 113, -83, -56, 35, -94, 47, -8, -117, -23, 75, -123, -102, 70, 116, -115, -119, 120, -127, 115, -125, 75, 79, 39, 56, 30, -100, -64, -81, -113, 37, 32, -19, -67, -33, -86, 104, 92, 25, 27, 67, -67, -30, 3, -99, -34, -50, -32, 124, -121, -5, -88, -100, -97, 67, -6, 5, -14, -98, 83, -116, -13, -55, -57, -85, 62, -73, -61, 82, -114, 8, 41, 46, 104, -83, -105, -25, 56, 123, 6, -66, 29, 21, 95, 15, 75, -110, 114, 76, 83, 52, -106, 105, 115, -117, -22, -102, 5, 109, -65, -59, 106, -77, 43, -45, -10, 42, -21, 100, 14, -115, -51, 109, 7, 105, 37, -99, 14, -82, -125, -25, -55, 30, 59, 81, -56, -108, -70, -1, 0, -123, 121, 91, 124, 82, -41, -70, 46, 71, 44, 108, 29, 21, 71, 113, -74, -121, 105, -23, 107, -107, -109, 33, -25, -103, 42, 49, -58, -25, 89, 95, 75, -15, 47, 103, -54, -68, -49, -47, -24, 122, -102, -24, -11, 14, -42, -85, -3, -26, -122, -27, 97, 112, 110, 40, 88, 60, -71, 57, 116, 40, 92, 95, -119, 93, -75, -100, -108, 104, -18, -115, 62, 69, 86, 104, -27, -15, -74, -76, 26, -36, -84, 44, -98, 38, -25, 44, -9, -68, -18, -94, 57, 45, 20, 82, 49, -108, -37, 9, 36, -92, -19, 104, 37, 51, -33, -78, 25, -111, 50, 73, 18, -110, 25, 59, -89, 64, 29, 97, 115, 107, -1, 0, 41, 58, 81, 99, 117, -123, -109, -104, 47, -102, 16, -53, -11, 88, 107, 102, -65, 45, 29, 107, 94, 8, -36, -94, -64, -56, -113, 53, -111, -125, 37, -76, 110, -82, -29, -73, 126, 104, 81, 43, 123, 54, 4, 112, 86, -18, 31, 85, 22, -61, -115, -4, -63, -3, 97, 99, -28, 15, 85, 65, -13, -46, -42, 56, -20, -54, 89, -102, 58, 103, -31, 98, 59, -101, -38, 127, -18, 10, 13, -32, 120, 103, -81, -6, -126, -63, -121, -119, 1, -8, 86, -124, 60, 100, 126, 83, -12, 85, -15, -75, -47, 11, 50, 125, -102, -93, -61, -72, 103, -81, -6, -109, 77, -31, -116, 64, -57, -68, 19, 109, 107, -100, 61, -96, 119, 0, -111, -73, 84, 24, 120, -85, 73, -83, 39, -24, -83, 74, 102, 115, -76, 55, -53, 0, -113, -7, -124, -117, -18, 13, 94, -36, -9, 88, 101, -108, -94, -86, -5, 58, -80, -59, 77, -33, 28, 28, -125, -92, -85, 39, 97, -36, -107, 74, 78, 39, 22, -32, 59, 87, -7, 1, 119, -20, -70, 30, 35, -32, 115, 44, -94, 103, -68, 8, -125, 35, -68, 119, 74, 12, 97, -1, 0, -115, -6, -65, 40, -66, 85, -45, 111, 77, -17, -16, -100, 102, -57, -90, 2, -35, 91, 104, 111, -101, 17, -43, -65, 32, -68, -88, -8, 18, 75, -109, -38, -105, -14, 112, -65, -86, 60, -7, -68, 74, 33, -17, 56, -76, 119, 123, 92, -48, -74, 56, 116, -19, 119, -72, -10, -69, -48, 17, 107, 123, 59, -123, -52, 34, 115, -37, 12, 110, 112, 4, -24, -107, -11, 96, 115, 62, -56, 35, -107, -19, 125, 23, 11, -57, -8, 104, 111, -35, -14, -79, -49, -110, 94, -9, 71, 47, -107, 101, -102, -76, 23, 52, -47, 3, -14, -111, -13, 83, 47, 15, -3, 21, 31, 57, 63, 86, 122, 44, 30, 17, -118, 86, -119, 73, 117, -68, 107, 35, 106, 14, 118, -28, 125, 109, 90, -117, -63, -15, -73, -35, 113, -3, 19, 112, -98, 46, -40, -32, -118, 57, 29, -87, -19, 99, 67, -36, -48, 67, 92, -18, -92, 122, 45, 6, 113, -24, -69, -81, 82, 14, 122, -85, 60, 89, -21, -69, -81, -45, 47, 39, -63, 77, 127, -29, 112, -8, 0, -86, 63, -20, -3, -67, 37, 119, -52, 5, -46, -73, -116, -58, 127, 18, -97, -8, -93, 63, 48, -6, -86, -34, 72, -115, 83, 57, 7, 125, -97, 127, -10, -97, -23, 8, 111, -5, 63, 119, -13, 127, -45, -3, -41, 98, 120, -125, 122, 61, -65, 85, 94, 92, -45, -47, -19, 71, -55, 32, -47, 28, -125, -66, -49, -97, -4, -63, -3, 63, -35, 13, -33, 103, -17, -2, 96, -2, -97, -18, -70, 105, -27, -104, -14, -104, 15, -125, 65, 89, -13, 65, -106, 78, -39, 95, -24, -113, -1, 0, -60, -44, -33, -24, -100, 23, -31, -118, 126, -49, -28, -2, 96, -6, 38, 90, 18, -31, -25, 127, -14, -113, -12, -76, 127, -78, 74, -73, -2, -55, -41, -6, 60, -56, 2, 74, 62, 60, 102, -44, -29, -118, -118, -80, -58, -122, -18, 85, -39, -53, 69, -8, 37, -96, -82, 99, 102, -43, -110, -80, -52, -60, -102, 10, -61, 77, 34, 48, -80, -7, 40, -79, -109, -100, 73, -39, 5, -91, -59, 38, 54, -43, -106, 0, 22, -23, 81, -109, -109, 125, -112, -115, -91, 91, -121, 82, -71, -62, 112, 76, -114, -36, 123, 63, -70, -24, 99, -31, -116, 27, -46, -103, 78, -115, 97, -115, -66, 74, 124, 14, 29, -100, -25, 13, -64, 26, 64, 27, -4, 119, -39, 84, -49, 113, 15, 39, 75, -29, 52, 72, -108, 61, -78, 72, 8, -22, -24, -63, -35, -67, -57, -20, -76, 56, -68, 110, 100, 122, -104, 107, 73, 5, -44, 46, -37, -56, -126, 62, 97, 114, 57, 109, -127, -114, 57, 114, 55, 34, 66, 72, 21, 14, 67, -94, 12, 62, -115, 34, -120, 54, 54, -23, 94, -85, -51, -49, -10, -99, 51, -40, -15, 106, 24, -19, 114, 108, -69, -117, -27, 104, 104, -10, -115, -63, -109, 69, -110, 7, -63, 43, -101, -89, 75, 0, 13, -44, -41, 111, -45, 106, 119, 83, -53, 15, -61, -68, 78, 102, -27, 70, -1, 0, 52, -54, -41, -73, -52, 120, 34, 49, -9, 122, 20, 0, 13, 52, -37, -9, 106, -71, -47, -26, -88, -49, -30, -84, 38, 19, -90, 44, -113, 51, -53, 116, 109, 123, -116, 46, -46, 28, -10, -66, -3, -115, 7, 80, 115, 65, 4, -101, -7, 108, -85, -16, -33, 19, -79, -113, 107, -27, 15, 123, 1, 4, 53, -112, 66, -64, -22, -36, 23, 84, -125, 87, 94, 107, 104, -16, -107, -104, 79, -103, 58, 70, -97, 12, -15, 119, 20, -102, 97, 4, 114, -105, -72, -105, -115, 6, 44, 80, -19, 45, -78, -31, -69, 70, -12, 14, -36, -5, 43, 94, 52, -30, -65, -61, -118, 62, 71, -51, 47, 112, 59, 56, 6, -79, -35, 58, 110, -26, -3, 80, -16, -79, 112, -92, 100, 78, -58, -113, -51, 37, -17, -107, -50, 116, -83, -117, 62, 23, -105, 17, -92, -106, -45, 92, -34, 100, 1, -33, -43, 109, -49, -62, 96, -55, 104, -118, 81, 33, 112, 30, -61, -27, 1, -77, -73, -87, 13, 125, 123, 64, 109, -74, -31, 97, -110, 73, -55, 127, 71, 78, 44, 109, 65, -65, 108, -75, -61, 52, -53, 11, 29, -1, 0, 72, 31, 69, 47, -70, 31, -43, 11, -121, 112, -7, 49, -93, 17, -72, -121, 52, 86, -105, -47, 109, -19, -56, -114, -121, 111, -18, 105, 91, -5, -40, 3, -26, -76, -61, 39, 84, 97, -28, 66, 42, 77, -121, 49, -128, -49, 84, 19, 17, 33, 5, -71, 54, -81, 71, 51, 116, -83, -71, 70, 9, -90, 100, -49, -114, -22, 52, -78, -25, 115, -57, 83, -11, 93, 12, -77, -117, -91, 87, 34, 22, -72, 43, -116, -65, 76, -25, 31, -61, -99, -109, 46, 77, -67, -89, 125, 74, 25, -50, -105, -13, -69, -6, -118, -67, -105, -120, 69, 5, 70, 124, 122, 52, -76, -32, -26, 123, 33, 59, -120, -51, -7, -35, -3, 69, 36, 9, 34, 33, 58, 41, 11, 118, 83, 123, -38, 62, 40, 108, 58, -109, 50, 34, 69, -107, 98, 22, -48, 82, -94, 39, 32, -112, -58, 2, 33, 74, 40, -53, -115, 0, -73, 48, -72, 56, -26, -27, -89, 66, 73, -53, -93, 55, 27, 29, -50, 32, 1, -49, 101, -46, -61, -31, -10, -74, -117, -115, -94, -57, -116, -42, 55, 96, -82, 99, 56, -69, -102, -119, 73, -6, 55, -122, 52, -69, 15, -113, 8, 104, -96, 17, 75, -110, -45, 72, 57, -39, 81, -61, 12, -77, -55, -18, -58, -57, 60, -127, -52, -48, -28, 61, 73, -95, -13, 89, -101, -115, 44, -83, -79, 25, 35, 83, -127, 33, -92, -117, 45, 28, -51, 118, -28, -72, -33, 29, 22, 49, -84, 105, 30, -10, -70, 109, -43, -99, 36, 88, -8, 93, -87, 120, 6, 73, 103, 126, 70, 108, -2, -13, -56, -119, -68, -12, -122, -73, 114, 26, 58, 54, -56, 31, -10, -107, -101, -10, -101, 47, -15, -79, 5, -48, 45, -102, -17, -105, 54, 82, -27, -97, -38, 105, 29, -104, -2, -112, 103, -97, 79, 25, 7, -66, -12, 15, 116, -79, 115, 11, 9, 4, 106, 109, -14, -20, 125, 21, -55, -104, 116, 11, 20, 67, -122, -89, 10, 55, -40, -126, 54, 60, -65, 85, -97, 40, -85, -83, -63, -22, 22, -85, -98, 12, -99, -82, 77, -68, 31, 20, -104, -58, -127, 24, 116, 122, -61, -53, 9, 35, -38, -86, -44, -46, 55, 6, -70, -81, 67, -16, -81, 25, -113, 33, -65, -62, 121, -25, -19, -61, 56, -44, 122, 17, -91, -36, -5, 111, -70, -15, -70, 93, 39, -126, 51, 11, 38, 123, 122, 22, 23, 13, -127, -36, 22, -40, -6, 126, -53, 60, -104, -46, 86, -115, -79, 101, -109, 122, -66, -113, 81, -15, 7, 17, 49, -61, 108, 62, -20, -116, 14, 15, -78, 47, 125, -84, -97, -43, 98, 127, -22, 49, 122, 29, 24, 4, -73, 80, -73, 81, 55, 93, -127, -37, -91, -117, -33, -66, -59, 27, -60, -48, 121, -68, 62, 66, 54, 107, 116, 72, 77, 95, -78, -57, 2, 118, -12, 22, 126, 75, -50, -35, 49, 14, 104, -44, -45, 77, -41, 27, -37, 98, -99, -54, -120, -69, -36, 10, 60, -7, 15, -126, -116, 74, -7, 30, 106, 92, 30, -109, -61, 51, -95, -106, -4, -73, 123, 67, -34, 97, -9, -101, 125, 125, 71, -88, -37, 116, 89, 53, -126, 104, -20, -68, -45, 15, -120, 57, -109, 49, -15, -99, -37, 64, 30, -114, -36, -19, 95, -105, 122, -82, -63, 122, 119, 15, -51, 108, -47, -79, -20, 27, 61, -95, -62, -7, -117, -26, 15, -88, 54, 62, 75, -78, 44, -13, -14, 65, 46, -118, -59, -49, -18, -126, -4, -121, -125, 86, -75, -124, 35, -86, 30, 78, 35, 77, 56, 43, -39, 25, 56, -77, 53, -7, 78, 53, 106, 79, -116, -111, -86, -73, 71, 124, 67, 88, -39, 17, -67, 65, 69, -126, 79, -39, 70, 70, -19, 100, 38, 86, -91, 109, -118, 76, -107, -119, -60, -25, -100, -37, -40, 5, 111, 11, -123, -67, -60, 94, -63, 95, -62, -31, -75, 69, -37, -83, 120, 2, -69, -93, 56, -62, -5, 35, -117, -124, -58, -115, -122, -22, -12, 77, 10, -80, 114, 36, 110, -91, 12, -24, 72, 60, -19, -28, 2, 24, 121, 6, -126, 25, -104, -38, -112, 66, 6, 26, 57, -99, -44, -81, 62, -5, 64, -29, 111, 124, -125, 10, 50, 116, -75, -52, 50, 55, -84, -110, -99, -39, 31, -88, 22, -45, -15, 35, -78, -17, 90, 119, -91, -53, 101, -30, -63, 55, 23, 105, 96, -73, 99, -58, 12, -18, -24, -23, 79, -4, 54, 124, 90, 44, -33, -96, 29, 20, 78, 74, 42, -51, 49, 71, 105, 81, -45, 112, 28, 33, 4, 17, -62, 63, 3, 0, 113, 31, -119, -25, 119, 59, -26, 73, 63, 53, -25, -1, 0, 106, -25, -8, -40, -1, 0, -28, -109, -9, 106, -12, -74, 29, -105, -103, -3, -87, -1, 0, -59, -57, 63, -12, -54, 63, 86, -82, 60, 110, -26, -114, -4, -117, -24, -50, 53, -109, -72, 94, -26, -120, -27, 123, 33, 17, -43, 38, -87, -46, -21, -93, -110, -63, -46, -108, 19, 57, -114, 15, 105, -94, 13, -114, 127, 68, -12, -104, -124, 1, -19, -36, 15, 33, -78, 66, -63, 64, -57, 35, 1, 0, -17, 109, 115, 125, -45, -14, 43, -54, 60, 75, -62, -114, 46, 76, -80, -13, 109, -121, 68, 79, 51, 19, -115, -113, -115, 81, 111, -60, 21, -36, 125, -97, 102, -21, -59, 107, 73, -34, 50, -26, 125, 13, -113, -48, -124, 95, -76, 46, 14, 114, 49, -60, -15, -117, -106, 27, 36, 14, 110, -124, -5, -61, -27, -17, 125, 123, -82, 92, 82, -42, 78, 44, -21, -51, 29, -94, -92, -113, 49, -116, -18, 62, 33, 118, -98, 4, -30, -101, -55, 1, 63, -119, -46, -59, -2, 82, 125, -90, -4, -114, -1, 0, 51, -39, 113, -112, 72, 7, -81, -83, 90, -79, -61, -14, -124, 115, 71, 35, 73, -42, -57, -121, 6, -111, 90, -57, 86, 95, 75, 22, 62, 107, -84, -29, -110, -76, 122, -36, -77, -110, 16, -52, -27, 68, -17, -55, 13, -32, -124, -50, 114, 110, -108, -35, -88, 25, 84, -4, -105, 17, 104, 114, -64, -26, -13, 69, -123, 49, 61, -23, -112, -34, 8, 73, 0, 107, -77, 100, -122, -25, 100, 77, 34, -111, 26, -51, -84, 39, 101, 106, 5, -83, 68, 14, 1, 16, 99, 58, -112, -39, -120, -5, 64, 10, -83, 14, -56, 114, -71, 28, 5, 73, -40, 102, -19, 43, 27, -120, 57, 54, 5, -35, -127, 63, 64, -68, -57, -64, -100, 83, -1, 0, 121, 33, -112, -128, 103, 14, 112, 39, -111, -105, 86, -86, -7, -22, 122, -11, 102, 64, 121, 21, -32, -4, 87, 20, -61, 60, -16, -18, 60, -71, -98, -63, -66, -12, -41, 29, 39, -24, 1, 81, 53, -78, 104, -37, 27, -43, -39, -19, -83, 122, -13, 63, -76, 124, -26, 62, 88, -30, 105, 4, -77, 91, -97, 93, 11, -86, -101, -15, -95, -6, -123, -103, 39, -117, 51, 12, 126, 95, -102, 106, -88, -68, 53, -94, 82, 59, 107, -1, 0, 113, -65, -86, -62, 115, -71, -109, -71, -34, -55, -26, 74, -61, 30, 23, 23, 108, -24, -55, -103, 73, 82, 29, -120, -127, 8, 21, 48, -70, 14, 114, 84, -94, 82, -76, -83, 0, 117, -33, 103, 25, 122, 101, -106, 50, 118, 33, -81, 3, -31, -79, -3, -38, -70, -114, 63, -30, -56, -15, 109, -83, -87, 37, 35, 104, -57, 38, -98, -123, -3, -121, -89, 51, -6, -81, 40, -118, 103, 52, -22, 99, -100, -45, -72, -74, -72, -76, -47, -26, 44, 40, -22, -21, -41, -103, -67, -55, 61, -42, 47, 10, 115, -40, -35, 103, 106, 26, -94, -36, -18, 109, -121, 1, -79, -26, 26, 104, -125, -36, 82, 127, -69, 23, 2, -8, -51, -111, -67, 117, 39, -3, -113, -89, 95, -47, 86, 14, -70, 30, -95, 31, 25, -1, 0, -60, -12, 118, -57, -29, -55, 108, 96, 122, -36, -116, 115, 118, 61, 16, -52, -99, -47, 124, 27, 115, -16, -8, -99, 39, -76, -32, 100, -116, 59, -87, 107, 28, 67, 108, -9, -86, 31, 36, 121, -72, 107, -127, -40, 26, 69, -104, -72, 52, 9, -103, 91, 4, -78, 114, 65, -91, 87, 35, 29, -19, -26, -46, -85, 23, -92, 38, -39, 104, -72, 20, -22, -97, -104, -110, -94, 78, -98, 120, -128, -112, -76, 114, -75, -95, -113, 0, -82, 75, 49, -78, -105, 60, -72, -11, 43, 94, 9, 71, 36, -105, 70, -52, 40, -120, 34, 8, 2, -127, 119, 101, 105, -120, 16, 33, 0, 82, -14, -62, -116, -13, 86, -62, -112, -39, -111, -35, 3, -96, -31, -128, 46, 67, -58, 62, 6, -121, 45, -81, -106, 16, -40, -78, -119, 14, -13, 9, 118, -119, 40, 86, -105, -127, 117, -73, 80, 47, 110, -85, -90, -56, -54, 0, 109, -65, -63, 62, 11, -117, -51, 0, -107, -108, -111, -30, -7, -97, 102, -4, 69, -115, 14, 107, 35, -106, -51, 22, -59, 40, 46, 30, -92, 56, 13, -66, 22, -71, 25, 24, 90, -30, -45, -79, 4, -76, -117, -70, 32, -47, -28, -66, -79, -58, -63, 12, -10, -99, -45, 115, -23, 75, -28, -7, -97, -87, -50, 119, 119, 57, -37, -6, -101, 66, 118, 49, -108, -62, -119, 82, 5, 48, 17, 73, 57, 76, 80, 0, -44, -64, 28, -45, 57, 49, 106, 0, -106, -82, -54, -58, 12, 15, 124, -116, 100, 109, 47, 121, -74, -79, -115, 5, -50, 115, -6, 0, 62, 36, 43, -2, 17, -16, -4, -103, -39, 45, -58, -119, -15, -79, -59, -91, -27, -46, 19, 90, 91, 90, -76, -127, -17, 58, -84, -41, -95, -36, 47, 119, -16, 95, -39, -2, 63, 15, 123, -91, 99, -28, -106, 87, 51, -53, 47, -108, 48, 6, 54, -19, -38, 26, 6, -42, 64, -69, 39, -105, -59, 38, -64, -93, -31, 94, 3, 38, 46, 12, 48, 73, 90, -38, -41, 58, 74, 54, 3, -34, -30, -30, -37, -21, 87, 95, 37, -91, 4, 26, -20, 46, -125, 42, 3, 98, -121, -59, 87, 102, 56, 7, -107, 124, 22, 78, 76, -92, -111, -49, 100, -30, 111, 78, 31, 69, 79, -120, -16, -122, 61, -125, 64, 13, 35, -80, -35, 117, -25, 24, 16, 108, 27, -11, 67, 118, 3, 6, -12, 65, 80, -37, -12, 90, 75, -39, -27, 89, 120, -49, 97, -89, 2, 55, -40, -111, 64, -92, -67, 47, 51, -123, -57, 32, -89, -117, 73, 82, -53, -6, -116, -34, 5, -23, -100, -74, 17, 6, -106, -60, 81, 14, 105, 67, -64, -53, 121, 31, -102, -43, -60, -31, 66, -67, -89, 45, 119, 68, -22, -24, -85, 24, 71, -46, 107, 96, -81, 28, 22, 55, -99, -3, 85, -120, -40, -64, 63, -70, 54, 22, -89, 31, -106, 30, 29, -80, 70, -118, 41, -100, -35, -101, 67, -71, 43, -88, -105, 22, 55, 114, 2, -5, -90, 110, 37, 3, 74, 92, -103, 105, 35, -99, -58, -63, 35, -34, 63, 37, -89, 11, 67, 78, -61, 116, 71, 99, -98, -24, 110, -119, -53, 38, -39, -94, 72, -85, -30, 62, 44, -10, 97, -27, -68, 10, 45, -58, -56, 112, -8, -120, -35, 75, -26, 48, 23, -47, -34, 45, -58, 123, -80, 51, 24, -48, 75, -114, 52, -44, 6, -28, -5, 7, 97, -22, -66, 120, -62, -58, 50, 61, -84, 111, -68, -25, 6, -117, -28, -75, -59, 108, -119, -46, 6, -100, 45, 89, -4, 57, -110, -48, 28, -42, 9, 90, 69, -75, -48, 56, 63, 87, -63, -69, 59, -12, 89, -77, 64, -10, 26, 123, 30, -61, -39, -20, 115, 79, -22, 22, -83, 52, 66, 105, -112, 41, 14, 105, -38, -46, 121, 2, 126, 0, -97, -39, 91, -121, -124, -28, 56, 23, 54, 39, -122, -127, -88, -67, -29, -54, 96, 29, -11, 62, -126, 67, 41, -68, 38, 7, -110, -22, -15, 124, 32, 67, -76, -27, 74, -42, 17, -96, -106, 71, -50, -98, 29, -89, -37, 112, -95, -69, 79, 32, 87, 65, -101, -61, 49, -29, -58, -106, 24, 35, 12, -44, -57, 3, 43, -18, -49, 109, 101, -37, -109, -54, -101, -34, -115, 5, -94, -58, -39, 15, 34, 71, 19, -31, -82, 44, 113, -78, -32, -55, 27, 24, -34, 28, -32, 58, -127, -52, 124, -59, -125, -15, 43, -22, -127, 40, 32, 30, -124, 2, 62, 7, -110, -7, 28, -60, 77, 0, 61, -89, 83, 67, 122, -22, -9, 107, -22, -66, -102, 97, 115, 67, 91, 103, -39, 107, 91, -12, 20, -80, -101, -93, 68, -84, -24, 1, 10, 50, 51, -86, -59, 108, -50, -18, -84, -3, -7, -35, -108, 110, -103, 90, 49, -90, -100, -22, -37, 100, -20, -54, 119, 93, -48, 11, -84, -38, 86, -77, -74, 93, 32, -81, 120, 38, -46, 65, 4, -92, -127, -116, 30, -99, -78, -112, -85, -22, 79, -87, 117, -22, -114, 61, -103, 97, -46, -109, -52, -90, 15, 64, -44, -97, 82, 116, 5, -127, 41, 71, -113, 44, -11, -28, -88, -22, 78, 92, -109, -118, 26, -109, 46, -7, -128, -107, 54, 61, -96, -18, -77, -75, 38, -44, -93, -30, 69, -4, -122, -109, -12, -102, -24, -68, 103, -60, 30, 22, -117, 11, -120, 74, -16, 90, 49, -34, -49, 50, 32, -26, 56, -74, 18, -9, 110, -57, 80, -90, -74, -38, -6, 39, -48, 116, 94, -84, 36, 94, 105, -29, 14, 49, -112, 114, -92, 45, -48, -31, 30, -72, -104, 60, -56, -102, 61, -18, 103, 83, -127, -43, -49, -65, 53, 120, 96, -44, -84, -116, -109, -72, -47, 95, 29, -79, -74, 86, 58, -55, 45, 99, -98, 28, -41, -21, -116, 26, 35, 99, -21, -88, -11, -6, 18, 108, 48, 79, 32, -57, -123, -50, -101, -101, 35, -108, -22, 28, -98, 27, 116, -19, -71, 108, 47, -31, 71, -98, -7, 79, -30, 78, 15, 115, -101, 91, -76, 25, 4, 96, 54, 39, 26, 107, 116, -33, -30, -86, 38, -49, 82, 121, -13, 71, -58, -56, 111, -108, 26, 9, 32, 48, 10, 36, -47, -40, 110, 55, -17, 127, 85, -41, 20, -33, 39, 60, -102, 92, 29, 55, 9, -45, 32, -106, 57, 38, -43, -96, 31, 51, -55, 58, 12, 97, -52, 96, 1, -50, -26, 125, -39, 8, -11, -91, -107, -111, 27, 72, -108, 121, -82, 32, -80, 53, -58, -3, -109, 110, 27, -37, -74, 62, -55, 54, 7, 96, 44, 44, 110, 28, -9, -78, 76, -115, 47, 13, -43, 19, 117, 106, -21, -4, 86, -17, 118, 42, -127, 61, 111, 117, 90, 29, 4, -22, -78, 75, -82, -119, -10, -65, -26, 115, -65, -122, -37, -95, 71, -20, 55, 37, -87, -72, -4, -81, 50, 38, -66, 55, 53, -110, 70, -56, -38, -25, 23, -128, -7, 9, 15, 21, 31, -25, -85, 113, 61, -74, -39, 75, -121, 97, -102, -10, -114, -90, 31, 111, 72, 113, 113, 36, -18, 109, -33, -65, 117, -119, 12, -82, -9, 71, -78, 27, -83, -64, -48, 37, -81, 27, -126, 58, -13, -65, -86, -38, -61, -30, 65, -83, 13, 112, 112, -38, -3, -122, 7, -76, 111, 100, -126, 72, 33, -69, -14, 60, -107, -57, -21, -39, 13, -19, -48, 126, 31, -31, -109, 55, 21, -58, 123, 35, -2, 11, 72, -56, -99, -32, -128, -42, 22, -105, 57, -96, -113, 87, 49, -93, 101, -21, -122, 21, -63, -8, 71, 39, 78, 72, -73, 56, -121, -125, 24, 26, 88, -42, -17, -53, 107, 38, -20, 13, -10, -27, -55, 119, 102, 96, -68, -1, 0, 34, 47, 126, 14, -52, 50, -6, -14, 33, 7, -86, 127, 35, -71, 72, 78, 18, -5, -56, 88, 106, -51, -74, 68, 37, 45, 111, 50, -91, 5, 17, 97, 87, -112, 2, -19, 71, 116, 72, -91, -35, 86, -100, 89, 59, -14, 21, -51, 60, -64, 73, 75, -50, 21, -78, 75, 51, 67, 53, 48, 41, 36, -69, 78, 50, 73, -46, 73, 32, 29, 36, -110, 64, 13, 105, -62, 73, 32, 9, 53, 121, 100, 18, 23, -52, -16, -14, 92, 12, -113, -80, 78, -37, -65, 116, -55, 46, -116, 30, -52, 51, -6, 13, -109, -61, 97, 119, -67, 27, 15, -54, -69, -10, 89, -20, -64, -119, -82, 112, 107, 0, 20, 13, 111, -50, -54, 73, 46, -102, 49, 108, -83, 3, 71, -100, -31, -45, 77, 115, 60, -75, -58, -109, 113, -104, -47, 11, 90, 40, 22, 58, -7, -98, -113, 60, -49, -86, 73, 40, 95, -6, 52, -1, 0, 0, -4, 55, 21, -105, -18, -115, -11, 95, 62, -59, 25, -121, 77, 22, -19, -19, -42, -35, -69, 39, 73, 106, 98, -115, 30, 31, 33, 18, 48, -34, -31, -47, -111, -24, 117, 13, -41, -92, -67, 58, 75, -109, -56, -12, 116, -31, -10, 12, -88, -38, 73, 46, 115, 113, 18, -112, 41, 36, -128, 11, 19, -118, 116, -110, 89, 73, 43, 53, -113, 71, -1, -39]]
2026-03-10 14:05:15 [TRACE] BasicBinder:64 - binding parameter [8] as [VARCHAR] - [image/jpeg]
2026-03-10 14:05:15 [TRACE] BasicBinder:64 - binding parameter [9] as [VARCHAR] - [CUSTOMER]
2026-03-10 14:05:15 [TRACE] BasicBinder:52 - binding parameter [10] as [VARCHAR] - [null]
2026-03-10 14:05:15 [TRACE] BasicBinder:64 - binding parameter [11] as [TIMESTAMP] - [2026-03-10T14:05:14.948117400]
2026-03-10 14:05:15 [TRACE] BasicBinder:64 - binding parameter [12] as [VARCHAR] - [shivangi]
2026-03-10 14:05:15 [TRACE] BasicBinder:64 - binding parameter [13] as [BIGINT] - [37]
2026-03-10 14:05:16 [INFO ] LoginServiceImpl:40 - User authenticated successfully: shivangi
2026-03-10 14:05:16 [INFO ] LoginServiceImpl:40 - User authenticated successfully: shivangi
2026-03-10 14:05:16 [INFO ] LoginController:69 - User logged in successfully: shivangi
2026-03-10 14:05:16 [INFO ] LoginController:69 - User logged in successfully: shivangi
2026-03-10 14:05:16 [INFO ] LoginController:70 - User role: CUSTOMER
2026-03-10 14:05:16 [INFO ] LoginController:70 - User role: CUSTOMER
2026-03-10 14:05:16 [INFO ] LoginController:91 - Redirecting to USER dashboard
2026-03-10 14:05:16 [INFO ] LoginController:91 - Redirecting to USER dashboard
2026-03-10 14:05:16 [DEBUG] RedirectView:309 - View name 'redirect:', model {}
2026-03-10 14:05:16 [DEBUG] DispatcherServlet:1131 - Completed 302 FOUND
2026-03-10 14:05:16 [DEBUG] DispatcherServlet:120 - GET "/RailEase/user/dashboard", parameters={}
2026-03-10 14:05:16 [DEBUG] RequestMappingHandlerMapping:522 - Mapped to com.railease.controller.UserController#dashboard(HttpSession, Model)
2026-03-10 14:05:16 [DEBUG] SQL:144 - 
    select
        count(ticket0_.ticket_id) as col_0_0_ 
    from
        tickets ticket0_ 
    where
        ticket0_.user_id=?
2026-03-10 14:05:16 [TRACE] BasicBinder:64 - binding parameter [1] as [BIGINT] - [37]
2026-03-10 14:05:16 [DEBUG] SQL:144 - 
    select
        count(ticket0_.ticket_id) as col_0_0_ 
    from
        tickets ticket0_ 
    where
        ticket0_.user_id=? 
        and ticket0_.journey_date>=CURRENT_DATE 
        and ticket0_.ticket_status='CONFIRMED'
2026-03-10 14:05:16 [TRACE] BasicBinder:64 - binding parameter [1] as [BIGINT] - [37]
2026-03-10 14:05:16 [INFO ] BookingServiceImpl:752 - Calculating total spent for user: 37
2026-03-10 14:05:16 [INFO ] BookingServiceImpl:752 - Calculating total spent for user: 37
2026-03-10 14:05:16 [DEBUG] SQL:144 - 
    select
        user0_.user_id as user_id1_8_0_,
        user0_.created_at as created_2_8_0_,
        user0_.email as email3_8_0_,
        user0_.full_name as full_nam4_8_0_,
        user0_.is_enabled as is_enabl5_8_0_,
        user0_.last_login as last_log6_8_0_,
        user0_.mobile_number as mobile_n7_8_0_,
        user0_.password as password8_8_0_,
        user0_.profile_photo as profile_9_8_0_,
        user0_.profile_photo_content_type as profile10_8_0_,
        user0_.role as role11_8_0_,
        user0_.session_id as session12_8_0_,
        user0_.updated_at as updated13_8_0_,
        user0_.username as usernam14_8_0_ 
    from
        users user0_ 
    where
        user0_.user_id=?
2026-03-10 14:05:16 [TRACE] BasicBinder:64 - binding parameter [1] as [BIGINT] - [37]
2026-03-10 14:05:16 [DEBUG] SQL:144 - 
    select
        userprofil0_.profile_id as profile_1_7_0_,
        userprofil0_.address as address2_7_0_,
        userprofil0_.city as city3_7_0_,
        userprofil0_.date_of_birth as date_of_4_7_0_,
        userprofil0_.gender as gender5_7_0_,
        userprofil0_.id as id6_7_0_,
        userprofil0_.occupation as occupati7_7_0_,
        userprofil0_.pincode as pincode8_7_0_,
        userprofil0_.state as state9_7_0_,
        userprofil0_.user_id as user_id10_7_0_ 
    from
        user_profiles userprofil0_ 
    where
        userprofil0_.user_id=?
2026-03-10 14:05:16 [TRACE] BasicBinder:64 - binding parameter [1] as [BIGINT] - [37]
2026-03-10 14:05:16 [DEBUG] SQL:144 - 
    select
        ticket0_.ticket_id as ticket_i1_4_0_,
        train1_.train_no as train_no1_6_1_,
        ticket0_.booking_date as booking_2_4_0_,
        ticket0_.booking_status as booking_3_4_0_,
        ticket0_.cancellation_charges as cancella4_4_0_,
        ticket0_.cancellation_date as cancella5_4_0_,
        ticket0_.cancellation_reason as cancella6_4_0_,
        ticket0_.cancellation_requested_date as cancella7_4_0_,
        ticket0_.class_type as class_ty8_4_0_,
        ticket0_.destination_station as destinat9_4_0_,
        ticket0_.journey_date as journey10_4_0_,
        ticket0_.meal_id as meal_id11_4_0_,
        ticket0_.meal_quantity as meal_qu12_4_0_,
        ticket0_.number_of_seats as number_13_4_0_,
        ticket0_.passenger_age as passeng14_4_0_,
        ticket0_.passenger_gender as passeng15_4_0_,
        ticket0_.passenger_name as passeng16_4_0_,
        ticket0_.payment_id as payment17_4_0_,
        ticket0_.payment_method as payment18_4_0_,
        ticket0_.payment_status as payment19_4_0_,
        ticket0_.refund_amount as refund_20_4_0_,
        ticket0_.refund_date as refund_21_4_0_,
        ticket0_.refund_percentage as refund_22_4_0_,
        ticket0_.refund_processed_date as refund_23_4_0_,
        ticket0_.refund_status as refund_24_4_0_,
        ticket0_.refund_transaction_id as refund_25_4_0_,
        ticket0_.source_station as source_26_4_0_,
        ticket0_.ticket_status as ticket_27_4_0_,
        ticket0_.total_fare as total_f28_4_0_,
        ticket0_.train_no as train_n29_4_0_,
        ticket0_.user_id as user_id30_4_0_,
        train1_.ac_fare as ac_fare2_6_1_,
        train1_.ac_seats as ac_seats3_6_1_,
        train1_.arrival_time as arrival_4_6_1_,
        train1_.available_seats as availabl5_6_1_,
        train1_.created_at as created_6_6_1_,
        train1_.departure_time as departur7_6_1_,
        train1_.destination as destinat8_6_1_,
        train1_.destination_station as destinat9_6_1_,
        train1_.general_fare as general10_6_1_,
        train1_.general_seats as general11_6_1_,
        train1_.is_active as is_acti12_6_1_,
        train1_.journey_date as journey13_6_1_,
        train1_.sleeper_fare as sleeper14_6_1_,
        train1_.sleeper_seats as sleeper15_6_1_,
        train1_.source as source16_6_1_,
        train1_.source_station as source_17_6_1_,
        train1_.ticket_price as ticket_18_6_1_,
        train1_.train_name as train_n19_6_1_,
        train1_.travel_date as travel_20_6_1_,
        train1_.updated_at as updated21_6_1_ 
    from
        tickets ticket0_ 
    left outer join
        trains train1_ 
            on ticket0_.train_no=train1_.train_no 
    where
        ticket0_.user_id=? 
    order by
        ticket0_.booking_date DESC
2026-03-10 14:05:16 [TRACE] BasicBinder:64 - binding parameter [1] as [BIGINT] - [37]
2026-03-10 14:05:16 [DEBUG] SQL:144 - 
    select
        user0_.user_id as user_id1_8_0_,
        user0_.created_at as created_2_8_0_,
        user0_.email as email3_8_0_,
        user0_.full_name as full_nam4_8_0_,
        user0_.is_enabled as is_enabl5_8_0_,
        user0_.last_login as last_log6_8_0_,
        user0_.mobile_number as mobile_n7_8_0_,
        user0_.password as password8_8_0_,
        user0_.profile_photo as profile_9_8_0_,
        user0_.profile_photo_content_type as profile10_8_0_,
        user0_.role as role11_8_0_,
        user0_.session_id as session12_8_0_,
        user0_.updated_at as updated13_8_0_,
        user0_.username as usernam14_8_0_ 
    from
        users user0_ 
    where
        user0_.user_id=?
2026-03-10 14:05:16 [TRACE] BasicBinder:64 - binding parameter [1] as [BIGINT] - [37]
2026-03-10 14:05:16 [DEBUG] SQL:144 - 
    select
        userprofil0_.profile_id as profile_1_7_0_,
        userprofil0_.address as address2_7_0_,
        userprofil0_.city as city3_7_0_,
        userprofil0_.date_of_birth as date_of_4_7_0_,
        userprofil0_.gender as gender5_7_0_,
        userprofil0_.id as id6_7_0_,
        userprofil0_.occupation as occupati7_7_0_,
        userprofil0_.pincode as pincode8_7_0_,
        userprofil0_.state as state9_7_0_,
        userprofil0_.user_id as user_id10_7_0_ 
    from
        user_profiles userprofil0_ 
    where
        userprofil0_.user_id=?
2026-03-10 14:05:16 [TRACE] BasicBinder:64 - binding parameter [1] as [BIGINT] - [37]
2026-03-10 14:05:16 [DEBUG] SQL:144 - 
    select
        ticket0_.ticket_id as ticket_i1_4_0_,
        train1_.train_no as train_no1_6_1_,
        ticket0_.booking_date as booking_2_4_0_,
        ticket0_.booking_status as booking_3_4_0_,
        ticket0_.cancellation_charges as cancella4_4_0_,
        ticket0_.cancellation_date as cancella5_4_0_,
        ticket0_.cancellation_reason as cancella6_4_0_,
        ticket0_.cancellation_requested_date as cancella7_4_0_,
        ticket0_.class_type as class_ty8_4_0_,
        ticket0_.destination_station as destinat9_4_0_,
        ticket0_.journey_date as journey10_4_0_,
        ticket0_.meal_id as meal_id11_4_0_,
        ticket0_.meal_quantity as meal_qu12_4_0_,
        ticket0_.number_of_seats as number_13_4_0_,
        ticket0_.passenger_age as passeng14_4_0_,
        ticket0_.passenger_gender as passeng15_4_0_,
        ticket0_.passenger_name as passeng16_4_0_,
        ticket0_.payment_id as payment17_4_0_,
        ticket0_.payment_method as payment18_4_0_,
        ticket0_.payment_status as payment19_4_0_,
        ticket0_.refund_amount as refund_20_4_0_,
        ticket0_.refund_date as refund_21_4_0_,
        ticket0_.refund_percentage as refund_22_4_0_,
        ticket0_.refund_processed_date as refund_23_4_0_,
        ticket0_.refund_status as refund_24_4_0_,
        ticket0_.refund_transaction_id as refund_25_4_0_,
        ticket0_.source_station as source_26_4_0_,
        ticket0_.ticket_status as ticket_27_4_0_,
        ticket0_.total_fare as total_f28_4_0_,
        ticket0_.train_no as train_n29_4_0_,
        ticket0_.user_id as user_id30_4_0_,
        train1_.ac_fare as ac_fare2_6_1_,
        train1_.ac_seats as ac_seats3_6_1_,
        train1_.arrival_time as arrival_4_6_1_,
        train1_.available_seats as availabl5_6_1_,
        train1_.created_at as created_6_6_1_,
        train1_.departure_time as departur7_6_1_,
        train1_.destination as destinat8_6_1_,
        train1_.destination_station as destinat9_6_1_,
        train1_.general_fare as general10_6_1_,
        train1_.general_seats as general11_6_1_,
        train1_.is_active as is_acti12_6_1_,
        train1_.journey_date as journey13_6_1_,
        train1_.sleeper_fare as sleeper14_6_1_,
        train1_.sleeper_seats as sleeper15_6_1_,
        train1_.source as source16_6_1_,
        train1_.source_station as source_17_6_1_,
        train1_.ticket_price as ticket_18_6_1_,
        train1_.train_name as train_n19_6_1_,
        train1_.travel_date as travel_20_6_1_,
        train1_.updated_at as updated21_6_1_ 
    from
        tickets ticket0_ 
    left outer join
        trains train1_ 
            on ticket0_.train_no=train1_.train_no 
    where
        ticket0_.user_id=? 
    order by
        ticket0_.booking_date DESC limit ?
2026-03-10 14:05:16 [TRACE] BasicBinder:64 - binding parameter [1] as [BIGINT] - [37]
2026-03-10 14:05:16 [INFO ] BookingServiceImpl:170 - Fetching active bookings for user: 37
2026-03-10 14:05:16 [INFO ] BookingServiceImpl:170 - Fetching active bookings for user: 37
2026-03-10 14:05:16 [DEBUG] SQL:144 - 
    select
        ticket0_.ticket_id as ticket_i1_4_0_,
        train1_.train_no as train_no1_6_1_,
        ticket0_.booking_date as booking_2_4_0_,
        ticket0_.booking_status as booking_3_4_0_,
        ticket0_.cancellation_charges as cancella4_4_0_,
        ticket0_.cancellation_date as cancella5_4_0_,
        ticket0_.cancellation_reason as cancella6_4_0_,
        ticket0_.cancellation_requested_date as cancella7_4_0_,
        ticket0_.class_type as class_ty8_4_0_,
        ticket0_.destination_station as destinat9_4_0_,
        ticket0_.journey_date as journey10_4_0_,
        ticket0_.meal_id as meal_id11_4_0_,
        ticket0_.meal_quantity as meal_qu12_4_0_,
        ticket0_.number_of_seats as number_13_4_0_,
        ticket0_.passenger_age as passeng14_4_0_,
        ticket0_.passenger_gender as passeng15_4_0_,
        ticket0_.passenger_name as passeng16_4_0_,
        ticket0_.payment_id as payment17_4_0_,
        ticket0_.payment_method as payment18_4_0_,
        ticket0_.payment_status as payment19_4_0_,
        ticket0_.refund_amount as refund_20_4_0_,
        ticket0_.refund_date as refund_21_4_0_,
        ticket0_.refund_percentage as refund_22_4_0_,
        ticket0_.refund_processed_date as refund_23_4_0_,
        ticket0_.refund_status as refund_24_4_0_,
        ticket0_.refund_transaction_id as refund_25_4_0_,
        ticket0_.source_station as source_26_4_0_,
        ticket0_.ticket_status as ticket_27_4_0_,
        ticket0_.total_fare as total_f28_4_0_,
        ticket0_.train_no as train_n29_4_0_,
        ticket0_.user_id as user_id30_4_0_,
        train1_.ac_fare as ac_fare2_6_1_,
        train1_.ac_seats as ac_seats3_6_1_,
        train1_.arrival_time as arrival_4_6_1_,
        train1_.available_seats as availabl5_6_1_,
        train1_.created_at as created_6_6_1_,
        train1_.departure_time as departur7_6_1_,
        train1_.destination as destinat8_6_1_,
        train1_.destination_station as destinat9_6_1_,
        train1_.general_fare as general10_6_1_,
        train1_.general_seats as general11_6_1_,
        train1_.is_active as is_acti12_6_1_,
        train1_.journey_date as journey13_6_1_,
        train1_.sleeper_fare as sleeper14_6_1_,
        train1_.sleeper_seats as sleeper15_6_1_,
        train1_.source as source16_6_1_,
        train1_.source_station as source_17_6_1_,
        train1_.ticket_price as ticket_18_6_1_,
        train1_.train_name as train_n19_6_1_,
        train1_.travel_date as travel_20_6_1_,
        train1_.updated_at as updated21_6_1_ 
    from
        tickets ticket0_ 
    left outer join
        trains train1_ 
            on ticket0_.train_no=train1_.train_no 
    where
        ticket0_.user_id=? 
        and ticket0_.journey_date>=CURRENT_DATE 
        and ticket0_.ticket_status='CONFIRMED'
2026-03-10 14:05:16 [TRACE] BasicBinder:64 - binding parameter [1] as [BIGINT] - [37]
2026-03-10 14:05:16 [INFO ] BookingServiceImpl:176 - Fetching past bookings for user: 37
2026-03-10 14:05:16 [INFO ] BookingServiceImpl:176 - Fetching past bookings for user: 37
2026-03-10 14:05:16 [DEBUG] SQL:144 - 
    select
        ticket0_.ticket_id as ticket_i1_4_0_,
        train1_.train_no as train_no1_6_1_,
        ticket0_.booking_date as booking_2_4_0_,
        ticket0_.booking_status as booking_3_4_0_,
        ticket0_.cancellation_charges as cancella4_4_0_,
        ticket0_.cancellation_date as cancella5_4_0_,
        ticket0_.cancellation_reason as cancella6_4_0_,
        ticket0_.cancellation_requested_date as cancella7_4_0_,
        ticket0_.class_type as class_ty8_4_0_,
        ticket0_.destination_station as destinat9_4_0_,
        ticket0_.journey_date as journey10_4_0_,
        ticket0_.meal_id as meal_id11_4_0_,
        ticket0_.meal_quantity as meal_qu12_4_0_,
        ticket0_.number_of_seats as number_13_4_0_,
        ticket0_.passenger_age as passeng14_4_0_,
        ticket0_.passenger_gender as passeng15_4_0_,
        ticket0_.passenger_name as passeng16_4_0_,
        ticket0_.payment_id as payment17_4_0_,
        ticket0_.payment_method as payment18_4_0_,
        ticket0_.payment_status as payment19_4_0_,
        ticket0_.refund_amount as refund_20_4_0_,
        ticket0_.refund_date as refund_21_4_0_,
        ticket0_.refund_percentage as refund_22_4_0_,
        ticket0_.refund_processed_date as refund_23_4_0_,
        ticket0_.refund_status as refund_24_4_0_,
        ticket0_.refund_transaction_id as refund_25_4_0_,
        ticket0_.source_station as source_26_4_0_,
        ticket0_.ticket_status as ticket_27_4_0_,
        ticket0_.total_fare as total_f28_4_0_,
        ticket0_.train_no as train_n29_4_0_,
        ticket0_.user_id as user_id30_4_0_,
        train1_.ac_fare as ac_fare2_6_1_,
        train1_.ac_seats as ac_seats3_6_1_,
        train1_.arrival_time as arrival_4_6_1_,
        train1_.available_seats as availabl5_6_1_,
        train1_.created_at as created_6_6_1_,
        train1_.departure_time as departur7_6_1_,
        train1_.destination as destinat8_6_1_,
        train1_.destination_station as destinat9_6_1_,
        train1_.general_fare as general10_6_1_,
        train1_.general_seats as general11_6_1_,
        train1_.is_active as is_acti12_6_1_,
        train1_.journey_date as journey13_6_1_,
        train1_.sleeper_fare as sleeper14_6_1_,
        train1_.sleeper_seats as sleeper15_6_1_,
        train1_.source as source16_6_1_,
        train1_.source_station as source_17_6_1_,
        train1_.ticket_price as ticket_18_6_1_,
        train1_.train_name as train_n19_6_1_,
        train1_.travel_date as travel_20_6_1_,
        train1_.updated_at as updated21_6_1_ 
    from
        tickets ticket0_ 
    left outer join
        trains train1_ 
            on ticket0_.train_no=train1_.train_no 
    where
        ticket0_.user_id=? 
        and ticket0_.journey_date<CURRENT_DATE
2026-03-10 14:05:16 [TRACE] BasicBinder:64 - binding parameter [1] as [BIGINT] - [37]
2026-03-10 14:05:16 [INFO ] MealServiceImpl:180 - Fetching meal orders for user: 37
2026-03-10 14:05:16 [INFO ] MealServiceImpl:180 - Fetching meal orders for user: 37
2026-03-10 14:05:16 [DEBUG] SQL:144 - 
    select
        user0_.user_id as user_id1_8_0_,
        user0_.created_at as created_2_8_0_,
        user0_.email as email3_8_0_,
        user0_.full_name as full_nam4_8_0_,
        user0_.is_enabled as is_enabl5_8_0_,
        user0_.last_login as last_log6_8_0_,
        user0_.mobile_number as mobile_n7_8_0_,
        user0_.password as password8_8_0_,
        user0_.profile_photo as profile_9_8_0_,
        user0_.profile_photo_content_type as profile10_8_0_,
        user0_.role as role11_8_0_,
        user0_.session_id as session12_8_0_,
        user0_.updated_at as updated13_8_0_,
        user0_.username as usernam14_8_0_ 
    from
        users user0_ 
    where
        user0_.user_id=?
2026-03-10 14:05:16 [TRACE] BasicBinder:64 - binding parameter [1] as [BIGINT] - [37]
2026-03-10 14:05:16 [DEBUG] SQL:144 - 
    select
        userprofil0_.profile_id as profile_1_7_0_,
        userprofil0_.address as address2_7_0_,
        userprofil0_.city as city3_7_0_,
        userprofil0_.date_of_birth as date_of_4_7_0_,
        userprofil0_.gender as gender5_7_0_,
        userprofil0_.id as id6_7_0_,
        userprofil0_.occupation as occupati7_7_0_,
        userprofil0_.pincode as pincode8_7_0_,
        userprofil0_.state as state9_7_0_,
        userprofil0_.user_id as user_id10_7_0_ 
    from
        user_profiles userprofil0_ 
    where
        userprofil0_.user_id=?
2026-03-10 14:05:16 [TRACE] BasicBinder:64 - binding parameter [1] as [BIGINT] - [37]
2026-03-10 14:05:16 [DEBUG] SQL:144 - 
    select
        mealorder0_.order_id as order_id1_0_,
        mealorder0_.cancellation_date as cancella2_0_,
        mealorder0_.cancellation_reason as cancella3_0_,
        mealorder0_.delivery_station as delivery4_0_,
        mealorder0_.delivery_status as delivery5_0_,
        mealorder0_.id as id6_0_,
        mealorder0_.meal_id as meal_id13_0_,
        mealorder0_.order_date as order_da7_0_,
        mealorder0_.quantity as quantity8_0_,
        mealorder0_.refund_amount as refund_a9_0_,
        mealorder0_.refund_status as refund_10_0_,
        mealorder0_.special_instructions as special11_0_,
        mealorder0_.ticket_id as ticket_14_0_,
        mealorder0_.total_price as total_p12_0_,
        mealorder0_.user_id as user_id15_0_ 
    from
        meal_orders mealorder0_ 
    where
        mealorder0_.user_id=? 
    order by
        mealorder0_.order_date desc
2026-03-10 14:05:16 [TRACE] BasicBinder:64 - binding parameter [1] as [BIGINT] - [37]
2026-03-10 14:05:16 [INFO ] MealServiceImpl:42 - Fetching available meals
2026-03-10 14:05:16 [INFO ] MealServiceImpl:42 - Fetching available meals
2026-03-10 14:05:16 [DEBUG] SQL:144 - 
    select
        meal0_.meal_id as meal_id1_1_,
        meal0_.availability_status as availabi2_1_,
        meal0_.created_at as created_3_1_,
        meal0_.description as descript4_1_,
        meal0_.image as image5_1_,
        meal0_.image_content_type as image_co6_1_,
        meal0_.image_url as image_ur7_1_,
        meal0_.is_available as is_avail8_1_,
        meal0_.meal_name as meal_nam9_1_,
        meal0_.meal_type as meal_ty10_1_,
        meal0_.preparation_time as prepara11_1_,
        meal0_.price as price12_1_,
        meal0_.updated_at as updated13_1_ 
    from
        meals meal0_ 
    where
        meal0_.availability_status=1
2026-03-10 14:05:16 [DEBUG] SQL:144 - 
    select
        count(ticket0_.ticket_id) as col_0_0_ 
    from
        tickets ticket0_ 
    where
        ticket0_.user_id=? 
        and ticket0_.refund_status='PENDING'
2026-03-10 14:05:16 [TRACE] BasicBinder:64 - binding parameter [1] as [BIGINT] - [37]
2026-03-10 14:05:16 [DEBUG] SQL:144 - 
    select
        count(ticket0_.ticket_id) as col_0_0_ 
    from
        tickets ticket0_ 
    where
        ticket0_.user_id=? 
        and ticket0_.refund_status='PROCESSING'
2026-03-10 14:05:16 [TRACE] BasicBinder:64 - binding parameter [1] as [BIGINT] - [37]
2026-03-10 14:05:16 [DEBUG] SQL:144 - 
    select
        count(ticket0_.ticket_id) as col_0_0_ 
    from
        tickets ticket0_ 
    where
        ticket0_.user_id=? 
        and ticket0_.refund_status='COMPLETED'
2026-03-10 14:05:16 [TRACE] BasicBinder:64 - binding parameter [1] as [BIGINT] - [37]
2026-03-10 14:05:17 [DEBUG] DispatcherServlet:1131 - Completed 200 OK
2026-03-10 14:05:25 [DEBUG] DispatcherServlet:120 - GET "/RailEase/user/view-trains", parameters={}
2026-03-10 14:05:25 [DEBUG] RequestMappingHandlerMapping:522 - Mapped to com.railease.controller.UserController#viewTrains(Model, HttpSession)
2026-03-10 14:05:25 [INFO ] UserController:110 - Loaded 4 active trains
2026-03-10 14:05:25 [INFO ] UserController:110 - Loaded 4 active trains
2026-03-10 14:05:25 [DEBUG] DispatcherServlet:1131 - Completed 200 OK
2026-03-10 14:05:25 [DEBUG] DispatcherServlet:120 - GET "/RailEase/webjars/datatables/1.13.6/css/dataTables.bootstrap5.min.css", parameters={}
2026-03-10 14:05:25 [DEBUG] SimpleUrlHandlerMapping:522 - Mapped to ResourceHttpRequestHandler [ServletContext [/webjars/]]
2026-03-10 14:05:25 [DEBUG] ResourceHttpRequestHandler:560 - Resource not found
2026-03-10 14:05:25 [DEBUG] DispatcherServlet:1131 - Completed 404 NOT_FOUND
2026-03-10 14:05:25 [DEBUG] DispatcherServlet:120 - "ERROR" dispatch for GET "/RailEase/error", parameters={}
2026-03-10 14:05:25 [DEBUG] RequestMappingHandlerMapping:522 - Mapped to org.springframework.boot.autoconfigure.web.servlet.error.BasicErrorController#error(HttpServletRequest)
2026-03-10 14:05:25 [DEBUG] HttpEntityMethodProcessor:268 - Using 'application/json;q=0.1', given [text/css, */*;q=0.1] and supported [application/json, application/*+json, application/json, application/*+json]
2026-03-10 14:05:25 [DEBUG] HttpEntityMethodProcessor:120 - Writing [{timestamp=Tue Mar 10 14:05:25 IST 2026, status=404, error=Not Found, message=No message available,  (truncated)...]
2026-03-10 14:05:25 [DEBUG] DispatcherServlet:1127 - Exiting from "ERROR" dispatch, status 404
2026-03-10 14:05:28 [DEBUG] DispatcherServlet:120 - GET "/RailEase/user/book/1?classType=AC&journeyDate=", parameters={masked}
2026-03-10 14:05:28 [DEBUG] RequestMappingHandlerMapping:522 - Mapped to com.railease.controller.UserController#bookTicket(Integer, String, String, HttpSession, RedirectAttributes)
2026-03-10 14:05:28 [ERROR] UserController:429 - Error redirecting to booking: Text '' could not be parsed at index 0
2026-03-10 14:05:28 [ERROR] UserController:429 - Error redirecting to booking: Text '' could not be parsed at index 0
2026-03-10 14:05:28 [DEBUG] RedirectView:309 - View name 'redirect:', model {}
2026-03-10 14:05:28 [DEBUG] DispatcherServlet:1131 - Completed 302 FOUND
2026-03-10 14:05:28 [DEBUG] DispatcherServlet:120 - GET "/RailEase/user/train-details/1", parameters={}
2026-03-10 14:05:28 [DEBUG] RequestMappingHandlerMapping:522 - Mapped to com.railease.controller.UserController#trainDetails(Integer, String, Model, HttpSession)
2026-03-10 14:05:28 [DEBUG] TrainServiceImpl:53 - Fetching train by number: 1
2026-03-10 14:05:28 [DEBUG] TrainServiceImpl:53 - Fetching train by number: 1
2026-03-10 14:05:28 [DEBUG] SQL:144 - 
    select
        train0_.train_no as train_no1_6_0_,
        train0_.ac_fare as ac_fare2_6_0_,
        train0_.ac_seats as ac_seats3_6_0_,
        train0_.arrival_time as arrival_4_6_0_,
        train0_.available_seats as availabl5_6_0_,
        train0_.created_at as created_6_6_0_,
        train0_.departure_time as departur7_6_0_,
        train0_.destination as destinat8_6_0_,
        train0_.destination_station as destinat9_6_0_,
        train0_.general_fare as general10_6_0_,
        train0_.general_seats as general11_6_0_,
        train0_.is_active as is_acti12_6_0_,
        train0_.journey_date as journey13_6_0_,
        train0_.sleeper_fare as sleeper14_6_0_,
        train0_.sleeper_seats as sleeper15_6_0_,
        train0_.source as source16_6_0_,
        train0_.source_station as source_17_6_0_,
        train0_.ticket_price as ticket_18_6_0_,
        train0_.train_name as train_n19_6_0_,
        train0_.travel_date as travel_20_6_0_,
        train0_.updated_at as updated21_6_0_ 
    from
        trains train0_ 
    where
        train0_.train_no=?
2026-03-10 14:05:28 [TRACE] BasicBinder:64 - binding parameter [1] as [INTEGER] - [1]
2026-03-10 14:05:28 [INFO ] BookingServiceImpl:763 - Getting available seats for train: 1, class: GENERAL, date: 2026-03-10
2026-03-10 14:05:28 [INFO ] BookingServiceImpl:763 - Getting available seats for train: 1, class: GENERAL, date: 2026-03-10
2026-03-10 14:05:28 [DEBUG] SQL:144 - 
    select
        train0_.train_no as train_no1_6_0_,
        train0_.ac_fare as ac_fare2_6_0_,
        train0_.ac_seats as ac_seats3_6_0_,
        train0_.arrival_time as arrival_4_6_0_,
        train0_.available_seats as availabl5_6_0_,
        train0_.created_at as created_6_6_0_,
        train0_.departure_time as departur7_6_0_,
        train0_.destination as destinat8_6_0_,
        train0_.destination_station as destinat9_6_0_,
        train0_.general_fare as general10_6_0_,
        train0_.general_seats as general11_6_0_,
        train0_.is_active as is_acti12_6_0_,
        train0_.journey_date as journey13_6_0_,
        train0_.sleeper_fare as sleeper14_6_0_,
        train0_.sleeper_seats as sleeper15_6_0_,
        train0_.source as source16_6_0_,
        train0_.source_station as source_17_6_0_,
        train0_.ticket_price as ticket_18_6_0_,
        train0_.train_name as train_n19_6_0_,
        train0_.travel_date as travel_20_6_0_,
        train0_.updated_at as updated21_6_0_ 
    from
        trains train0_ 
    where
        train0_.train_no=?
2026-03-10 14:05:28 [TRACE] BasicBinder:64 - binding parameter [1] as [INTEGER] - [1]
2026-03-10 14:05:28 [DEBUG] SQL:144 - 
    select
        coalesce(sum(ticket0_.number_of_seats),
        0) as col_0_0_ 
    from
        tickets ticket0_ 
    where
        ticket0_.train_no=? 
        and ticket0_.journey_date=? 
        and ticket0_.class_type=? 
        and ticket0_.ticket_status<>'CANCELLED'
2026-03-10 14:05:28 [TRACE] BasicBinder:64 - binding parameter [1] as [INTEGER] - [1]
2026-03-10 14:05:28 [TRACE] BasicBinder:64 - binding parameter [2] as [DATE] - [2026-03-10]
2026-03-10 14:05:28 [TRACE] BasicBinder:64 - binding parameter [3] as [VARCHAR] - [GENERAL]
2026-03-10 14:05:28 [DEBUG] DispatcherServlet:1131 - Completed 200 OK
2026-03-10 14:05:30 [DEBUG] DispatcherServlet:120 - GET "/RailEase/booking/process?trainNo=1&classType=AC&journeyDate=2026-03-10", parameters={masked}
2026-03-10 14:05:30 [DEBUG] RequestMappingHandlerMapping:522 - Mapped to com.railease.controller.BookingController#showBookingForm(Integer, String, String, HttpSession, Model)
2026-03-10 14:05:30 [DEBUG] TrainServiceImpl:53 - Fetching train by number: 1
2026-03-10 14:05:30 [DEBUG] TrainServiceImpl:53 - Fetching train by number: 1
2026-03-10 14:05:30 [DEBUG] SQL:144 - 
    select
        train0_.train_no as train_no1_6_0_,
        train0_.ac_fare as ac_fare2_6_0_,
        train0_.ac_seats as ac_seats3_6_0_,
        train0_.arrival_time as arrival_4_6_0_,
        train0_.available_seats as availabl5_6_0_,
        train0_.created_at as created_6_6_0_,
        train0_.departure_time as departur7_6_0_,
        train0_.destination as destinat8_6_0_,
        train0_.destination_station as destinat9_6_0_,
        train0_.general_fare as general10_6_0_,
        train0_.general_seats as general11_6_0_,
        train0_.is_active as is_acti12_6_0_,
        train0_.journey_date as journey13_6_0_,
        train0_.sleeper_fare as sleeper14_6_0_,
        train0_.sleeper_seats as sleeper15_6_0_,
        train0_.source as source16_6_0_,
        train0_.source_station as source_17_6_0_,
        train0_.ticket_price as ticket_18_6_0_,
        train0_.train_name as train_n19_6_0_,
        train0_.travel_date as travel_20_6_0_,
        train0_.updated_at as updated21_6_0_ 
    from
        trains train0_ 
    where
        train0_.train_no=?
2026-03-10 14:05:30 [TRACE] BasicBinder:64 - binding parameter [1] as [INTEGER] - [1]
2026-03-10 14:05:30 [INFO ] BookingServiceImpl:763 - Getting available seats for train: 1, class: AC, date: 2026-03-10
2026-03-10 14:05:30 [INFO ] BookingServiceImpl:763 - Getting available seats for train: 1, class: AC, date: 2026-03-10
2026-03-10 14:05:30 [DEBUG] SQL:144 - 
    select
        train0_.train_no as train_no1_6_0_,
        train0_.ac_fare as ac_fare2_6_0_,
        train0_.ac_seats as ac_seats3_6_0_,
        train0_.arrival_time as arrival_4_6_0_,
        train0_.available_seats as availabl5_6_0_,
        train0_.created_at as created_6_6_0_,
        train0_.departure_time as departur7_6_0_,
        train0_.destination as destinat8_6_0_,
        train0_.destination_station as destinat9_6_0_,
        train0_.general_fare as general10_6_0_,
        train0_.general_seats as general11_6_0_,
        train0_.is_active as is_acti12_6_0_,
        train0_.journey_date as journey13_6_0_,
        train0_.sleeper_fare as sleeper14_6_0_,
        train0_.sleeper_seats as sleeper15_6_0_,
        train0_.source as source16_6_0_,
        train0_.source_station as source_17_6_0_,
        train0_.ticket_price as ticket_18_6_0_,
        train0_.train_name as train_n19_6_0_,
        train0_.travel_date as travel_20_6_0_,
        train0_.updated_at as updated21_6_0_ 
    from
        trains train0_ 
    where
        train0_.train_no=?
2026-03-10 14:05:30 [TRACE] BasicBinder:64 - binding parameter [1] as [INTEGER] - [1]
2026-03-10 14:05:30 [DEBUG] SQL:144 - 
    select
        coalesce(sum(ticket0_.number_of_seats),
        0) as col_0_0_ 
    from
        tickets ticket0_ 
    where
        ticket0_.train_no=? 
        and ticket0_.journey_date=? 
        and ticket0_.class_type=? 
        and ticket0_.ticket_status<>'CANCELLED'
2026-03-10 14:05:30 [TRACE] BasicBinder:64 - binding parameter [1] as [INTEGER] - [1]
2026-03-10 14:05:30 [TRACE] BasicBinder:64 - binding parameter [2] as [DATE] - [2026-03-10]
2026-03-10 14:05:30 [TRACE] BasicBinder:64 - binding parameter [3] as [VARCHAR] - [AC]
2026-03-10 14:05:30 [DEBUG] DispatcherServlet:1131 - Completed 200 OK
2026-03-10 14:05:47 [DEBUG] DispatcherServlet:120 - POST "/RailEase/booking/confirm", parameters={masked}
2026-03-10 14:05:47 [DEBUG] RequestMappingHandlerMapping:522 - Mapped to com.railease.controller.BookingController#confirmBooking(Integer, String, Integer, String, String, Integer, String, HttpSession, RedirectAttributes)
2026-03-10 14:05:47 [INFO ] BookingServiceImpl:763 - Getting available seats for train: 1, class: AC,SLEEPER, date: 2026-03-10
2026-03-10 14:05:47 [INFO ] BookingServiceImpl:763 - Getting available seats for train: 1, class: AC,SLEEPER, date: 2026-03-10
2026-03-10 14:05:47 [DEBUG] SQL:144 - 
    select
        train0_.train_no as train_no1_6_0_,
        train0_.ac_fare as ac_fare2_6_0_,
        train0_.ac_seats as ac_seats3_6_0_,
        train0_.arrival_time as arrival_4_6_0_,
        train0_.available_seats as availabl5_6_0_,
        train0_.created_at as created_6_6_0_,
        train0_.departure_time as departur7_6_0_,
        train0_.destination as destinat8_6_0_,
        train0_.destination_station as destinat9_6_0_,
        train0_.general_fare as general10_6_0_,
        train0_.general_seats as general11_6_0_,
        train0_.is_active as is_acti12_6_0_,
        train0_.journey_date as journey13_6_0_,
        train0_.sleeper_fare as sleeper14_6_0_,
        train0_.sleeper_seats as sleeper15_6_0_,
        train0_.source as source16_6_0_,
        train0_.source_station as source_17_6_0_,
        train0_.ticket_price as ticket_18_6_0_,
        train0_.train_name as train_n19_6_0_,
        train0_.travel_date as travel_20_6_0_,
        train0_.updated_at as updated21_6_0_ 
    from
        trains train0_ 
    where
        train0_.train_no=?
2026-03-10 14:05:47 [TRACE] BasicBinder:64 - binding parameter [1] as [INTEGER] - [1]
2026-03-10 14:05:47 [DEBUG] SQL:144 - 
    select
        coalesce(sum(ticket0_.number_of_seats),
        0) as col_0_0_ 
    from
        tickets ticket0_ 
    where
        ticket0_.train_no=? 
        and ticket0_.journey_date=? 
        and ticket0_.class_type=? 
        and ticket0_.ticket_status<>'CANCELLED'
2026-03-10 14:05:47 [TRACE] BasicBinder:64 - binding parameter [1] as [INTEGER] - [1]
2026-03-10 14:05:47 [TRACE] BasicBinder:64 - binding parameter [2] as [DATE] - [2026-03-10]
2026-03-10 14:05:47 [TRACE] BasicBinder:64 - binding parameter [3] as [VARCHAR] - [AC,SLEEPER]
2026-03-10 14:05:47 [INFO ] BookingServiceImpl:48 - Creating ticket for user: 37, train: 1
2026-03-10 14:05:47 [INFO ] BookingServiceImpl:48 - Creating ticket for user: 37, train: 1
2026-03-10 14:05:47 [DEBUG] SQL:144 - 
    select
        user0_.user_id as user_id1_8_0_,
        user0_.created_at as created_2_8_0_,
        user0_.email as email3_8_0_,
        user0_.full_name as full_nam4_8_0_,
        user0_.is_enabled as is_enabl5_8_0_,
        user0_.last_login as last_log6_8_0_,
        user0_.mobile_number as mobile_n7_8_0_,
        user0_.password as password8_8_0_,
        user0_.profile_photo as profile_9_8_0_,
        user0_.profile_photo_content_type as profile10_8_0_,
        user0_.role as role11_8_0_,
        user0_.session_id as session12_8_0_,
        user0_.updated_at as updated13_8_0_,
        user0_.username as usernam14_8_0_ 
    from
        users user0_ 
    where
        user0_.user_id=?
2026-03-10 14:05:47 [TRACE] BasicBinder:64 - binding parameter [1] as [BIGINT] - [37]
2026-03-10 14:05:47 [DEBUG] SQL:144 - 
    select
        userprofil0_.profile_id as profile_1_7_0_,
        userprofil0_.address as address2_7_0_,
        userprofil0_.city as city3_7_0_,
        userprofil0_.date_of_birth as date_of_4_7_0_,
        userprofil0_.gender as gender5_7_0_,
        userprofil0_.id as id6_7_0_,
        userprofil0_.occupation as occupati7_7_0_,
        userprofil0_.pincode as pincode8_7_0_,
        userprofil0_.state as state9_7_0_,
        userprofil0_.user_id as user_id10_7_0_ 
    from
        user_profiles userprofil0_ 
    where
        userprofil0_.user_id=?
2026-03-10 14:05:47 [TRACE] BasicBinder:64 - binding parameter [1] as [BIGINT] - [37]
2026-03-10 14:05:47 [INFO ] BookingServiceImpl:763 - Getting available seats for train: 1, class: AC,SLEEPER, date: 2026-03-10
2026-03-10 14:05:47 [INFO ] BookingServiceImpl:763 - Getting available seats for train: 1, class: AC,SLEEPER, date: 2026-03-10
2026-03-10 14:05:47 [DEBUG] SQL:144 - 
    select
        coalesce(sum(ticket0_.number_of_seats),
        0) as col_0_0_ 
    from
        tickets ticket0_ 
    where
        ticket0_.train_no=? 
        and ticket0_.journey_date=? 
        and ticket0_.class_type=? 
        and ticket0_.ticket_status<>'CANCELLED'
2026-03-10 14:05:47 [TRACE] BasicBinder:64 - binding parameter [1] as [INTEGER] - [1]
2026-03-10 14:05:47 [TRACE] BasicBinder:64 - binding parameter [2] as [DATE] - [2026-03-10]
2026-03-10 14:05:47 [TRACE] BasicBinder:64 - binding parameter [3] as [VARCHAR] - [AC,SLEEPER]
2026-03-10 14:05:47 [DEBUG] SQL:144 - 
    select
        ticket0_.ticket_id as ticket_i1_4_0_,
        ticket0_.booking_date as booking_2_4_0_,
        ticket0_.booking_status as booking_3_4_0_,
        ticket0_.cancellation_charges as cancella4_4_0_,
        ticket0_.cancellation_date as cancella5_4_0_,
        ticket0_.cancellation_reason as cancella6_4_0_,
        ticket0_.cancellation_requested_date as cancella7_4_0_,
        ticket0_.class_type as class_ty8_4_0_,
        ticket0_.destination_station as destinat9_4_0_,
        ticket0_.journey_date as journey10_4_0_,
        ticket0_.meal_id as meal_id11_4_0_,
        ticket0_.meal_quantity as meal_qu12_4_0_,
        ticket0_.number_of_seats as number_13_4_0_,
        ticket0_.passenger_age as passeng14_4_0_,
        ticket0_.passenger_gender as passeng15_4_0_,
        ticket0_.passenger_name as passeng16_4_0_,
        ticket0_.payment_id as payment17_4_0_,
        ticket0_.payment_method as payment18_4_0_,
        ticket0_.payment_status as payment19_4_0_,
        ticket0_.refund_amount as refund_20_4_0_,
        ticket0_.refund_date as refund_21_4_0_,
        ticket0_.refund_percentage as refund_22_4_0_,
        ticket0_.refund_processed_date as refund_23_4_0_,
        ticket0_.refund_status as refund_24_4_0_,
        ticket0_.refund_transaction_id as refund_25_4_0_,
        ticket0_.source_station as source_26_4_0_,
        ticket0_.ticket_status as ticket_27_4_0_,
        ticket0_.total_fare as total_f28_4_0_,
        ticket0_.train_no as train_n29_4_0_,
        ticket0_.user_id as user_id30_4_0_ 
    from
        tickets ticket0_ 
    where
        ticket0_.ticket_id=?
2026-03-10 14:05:47 [TRACE] BasicBinder:64 - binding parameter [1] as [VARCHAR] - [TK2026031016971001]
2026-03-10 14:05:47 [INFO ] BookingServiceImpl:112 - Ticket created successfully with ID: TK2026031016971001
2026-03-10 14:05:47 [INFO ] BookingServiceImpl:112 - Ticket created successfully with ID: TK2026031016971001
2026-03-10 14:05:47 [DEBUG] SQL:144 - 
    insert 
    into
        tickets
        (booking_date, booking_status, cancellation_charges, cancellation_date, cancellation_reason, cancellation_requested_date, class_type, destination_station, journey_date, meal_id, meal_quantity, number_of_seats, passenger_age, passenger_gender, passenger_name, payment_id, payment_method, payment_status, refund_amount, refund_date, refund_percentage, refund_processed_date, refund_status, refund_transaction_id, source_station, ticket_status, total_fare, train_no, user_id, ticket_id) 
    values
        (?, ?, ?, ?, ?, ?, ?, ?, ?, ?, ?, ?, ?, ?, ?, ?, ?, ?, ?, ?, ?, ?, ?, ?, ?, ?, ?, ?, ?, ?)
2026-03-10 14:05:47 [TRACE] BasicBinder:64 - binding parameter [1] as [TIMESTAMP] - [2026-03-10T14:05:47.535329800]
2026-03-10 14:05:47 [TRACE] BasicBinder:64 - binding parameter [2] as [VARCHAR] - [PENDING]
2026-03-10 14:05:47 [TRACE] BasicBinder:52 - binding parameter [3] as [DOUBLE] - [null]
2026-03-10 14:05:47 [TRACE] BasicBinder:52 - binding parameter [4] as [TIMESTAMP] - [null]
2026-03-10 14:05:47 [TRACE] BasicBinder:52 - binding parameter [5] as [VARCHAR] - [null]
2026-03-10 14:05:47 [TRACE] BasicBinder:52 - binding parameter [6] as [TIMESTAMP] - [null]
2026-03-10 14:05:47 [TRACE] BasicBinder:64 - binding parameter [7] as [VARCHAR] - [AC,SLEEPER]
2026-03-10 14:05:47 [TRACE] BasicBinder:64 - binding parameter [8] as [VARCHAR] - [Ahmedabad]
2026-03-10 14:05:47 [TRACE] BasicBinder:64 - binding parameter [9] as [DATE] - [2026-03-10]
2026-03-10 14:05:47 [TRACE] BasicBinder:52 - binding parameter [10] as [BIGINT] - [null]
2026-03-10 14:05:47 [TRACE] BasicBinder:52 - binding parameter [11] as [INTEGER] - [null]
2026-03-10 14:05:47 [TRACE] BasicBinder:64 - binding parameter [12] as [INTEGER] - [1]
2026-03-10 14:05:47 [TRACE] BasicBinder:64 - binding parameter [13] as [INTEGER] - [22]
2026-03-10 14:05:47 [TRACE] BasicBinder:64 - binding parameter [14] as [VARCHAR] - [FEMALE]
2026-03-10 14:05:47 [TRACE] BasicBinder:64 - binding parameter [15] as [VARCHAR] - [Shivangi Kamadiya]
2026-03-10 14:05:47 [TRACE] BasicBinder:52 - binding parameter [16] as [VARCHAR] - [null]
2026-03-10 14:05:47 [TRACE] BasicBinder:52 - binding parameter [17] as [VARCHAR] - [null]
2026-03-10 14:05:47 [TRACE] BasicBinder:64 - binding parameter [18] as [VARCHAR] - [PENDING]
2026-03-10 14:05:47 [TRACE] BasicBinder:52 - binding parameter [19] as [DOUBLE] - [null]
2026-03-10 14:05:47 [TRACE] BasicBinder:52 - binding parameter [20] as [TIMESTAMP] - [null]
2026-03-10 14:05:47 [TRACE] BasicBinder:52 - binding parameter [21] as [DOUBLE] - [null]
2026-03-10 14:05:47 [TRACE] BasicBinder:52 - binding parameter [22] as [TIMESTAMP] - [null]
2026-03-10 14:05:47 [TRACE] BasicBinder:52 - binding parameter [23] as [VARCHAR] - [null]
2026-03-10 14:05:47 [TRACE] BasicBinder:52 - binding parameter [24] as [VARCHAR] - [null]
2026-03-10 14:05:47 [TRACE] BasicBinder:64 - binding parameter [25] as [VARCHAR] - [Rajkot]
2026-03-10 14:05:47 [TRACE] BasicBinder:64 - binding parameter [26] as [VARCHAR] - [PENDING]
2026-03-10 14:05:47 [TRACE] BasicBinder:64 - binding parameter [27] as [DOUBLE] - [367.5]
2026-03-10 14:05:47 [TRACE] BasicBinder:64 - binding parameter [28] as [INTEGER] - [1]
2026-03-10 14:05:47 [TRACE] BasicBinder:64 - binding parameter [29] as [BIGINT] - [37]
2026-03-10 14:05:47 [TRACE] BasicBinder:64 - binding parameter [30] as [VARCHAR] - [TK2026031016971001]
2026-03-10 14:05:47 [DEBUG] RedirectView:309 - View name 'redirect:', model {}
2026-03-10 14:05:47 [DEBUG] DispatcherServlet:1131 - Completed 302 FOUND
2026-03-10 14:05:47 [DEBUG] DispatcherServlet:120 - GET "/RailEase/booking/payment/TK2026031016971001", parameters={}
2026-03-10 14:05:47 [DEBUG] RequestMappingHandlerMapping:522 - Mapped to com.railease.controller.BookingController#showPaymentPage(String, HttpSession, Model)
2026-03-10 14:05:47 [DEBUG] SQL:144 - 
    select
        ticket0_.ticket_id as ticket_i1_4_0_,
        train1_.train_no as train_no1_6_1_,
        user2_.user_id as user_id1_8_2_,
        ticket0_.booking_date as booking_2_4_0_,
        ticket0_.booking_status as booking_3_4_0_,
        ticket0_.cancellation_charges as cancella4_4_0_,
        ticket0_.cancellation_date as cancella5_4_0_,
        ticket0_.cancellation_reason as cancella6_4_0_,
        ticket0_.cancellation_requested_date as cancella7_4_0_,
        ticket0_.class_type as class_ty8_4_0_,
        ticket0_.destination_station as destinat9_4_0_,
        ticket0_.journey_date as journey10_4_0_,
        ticket0_.meal_id as meal_id11_4_0_,
        ticket0_.meal_quantity as meal_qu12_4_0_,
        ticket0_.number_of_seats as number_13_4_0_,
        ticket0_.passenger_age as passeng14_4_0_,
        ticket0_.passenger_gender as passeng15_4_0_,
        ticket0_.passenger_name as passeng16_4_0_,
        ticket0_.payment_id as payment17_4_0_,
        ticket0_.payment_method as payment18_4_0_,
        ticket0_.payment_status as payment19_4_0_,
        ticket0_.refund_amount as refund_20_4_0_,
        ticket0_.refund_date as refund_21_4_0_,
        ticket0_.refund_percentage as refund_22_4_0_,
        ticket0_.refund_processed_date as refund_23_4_0_,
        ticket0_.refund_status as refund_24_4_0_,
        ticket0_.refund_transaction_id as refund_25_4_0_,
        ticket0_.source_station as source_26_4_0_,
        ticket0_.ticket_status as ticket_27_4_0_,
        ticket0_.total_fare as total_f28_4_0_,
        ticket0_.train_no as train_n29_4_0_,
        ticket0_.user_id as user_id30_4_0_,
        train1_.ac_fare as ac_fare2_6_1_,
        train1_.ac_seats as ac_seats3_6_1_,
        train1_.arrival_time as arrival_4_6_1_,
        train1_.available_seats as availabl5_6_1_,
        train1_.created_at as created_6_6_1_,
        train1_.departure_time as departur7_6_1_,
        train1_.destination as destinat8_6_1_,
        train1_.destination_station as destinat9_6_1_,
        train1_.general_fare as general10_6_1_,
        train1_.general_seats as general11_6_1_,
        train1_.is_active as is_acti12_6_1_,
        train1_.journey_date as journey13_6_1_,
        train1_.sleeper_fare as sleeper14_6_1_,
        train1_.sleeper_seats as sleeper15_6_1_,
        train1_.source as source16_6_1_,
        train1_.source_station as source_17_6_1_,
        train1_.ticket_price as ticket_18_6_1_,
        train1_.train_name as train_n19_6_1_,
        train1_.travel_date as travel_20_6_1_,
        train1_.updated_at as updated21_6_1_,
        user2_.created_at as created_2_8_2_,
        user2_.email as email3_8_2_,
        user2_.full_name as full_nam4_8_2_,
        user2_.is_enabled as is_enabl5_8_2_,
        user2_.last_login as last_log6_8_2_,
        user2_.mobile_number as mobile_n7_8_2_,
        user2_.password as password8_8_2_,
        user2_.profile_photo as profile_9_8_2_,
        user2_.profile_photo_content_type as profile10_8_2_,
        user2_.role as role11_8_2_,
        user2_.session_id as session12_8_2_,
        user2_.updated_at as updated13_8_2_,
        user2_.username as usernam14_8_2_ 
    from
        tickets ticket0_ 
    left outer join
        trains train1_ 
            on ticket0_.train_no=train1_.train_no 
    left outer join
        users user2_ 
            on ticket0_.user_id=user2_.user_id 
    where
        ticket0_.ticket_id=?
2026-03-10 14:05:47 [TRACE] BasicBinder:64 - binding parameter [1] as [VARCHAR] - [TK2026031016971001]
2026-03-10 14:05:47 [DEBUG] SQL:144 - 
    select
        userprofil0_.profile_id as profile_1_7_0_,
        userprofil0_.address as address2_7_0_,
        userprofil0_.city as city3_7_0_,
        userprofil0_.date_of_birth as date_of_4_7_0_,
        userprofil0_.gender as gender5_7_0_,
        userprofil0_.id as id6_7_0_,
        userprofil0_.occupation as occupati7_7_0_,
        userprofil0_.pincode as pincode8_7_0_,
        userprofil0_.state as state9_7_0_,
        userprofil0_.user_id as user_id10_7_0_ 
    from
        user_profiles userprofil0_ 
    where
        userprofil0_.user_id=?
2026-03-10 14:05:47 [TRACE] BasicBinder:64 - binding parameter [1] as [BIGINT] - [37]
2026-03-10 14:05:47 [DEBUG] DispatcherServlet:1131 - Completed 200 OK
2026-03-10 14:06:39 [INFO ] HikariDataSource:350 - HikariPool-1 - Shutdown initiated...
2026-03-10 14:06:39 [INFO ] HikariDataSource:352 - HikariPool-1 - Shutdown completed.
2026-03-10 14:47:16 [INFO ] RailEaseApplication:55 - Starting RailEaseApplication using Java 21.0.5 on Shivangi with PID 15988 (C:\Users\Shivangi\IdeaProjects\RailEase\target\classes started by DELL in C:\Users\Shivangi\IdeaProjects\RailEase)
2026-03-10 14:47:16 [INFO ] RailEaseApplication:55 - Starting RailEaseApplication using Java 21.0.5 on Shivangi with PID 15988 (C:\Users\Shivangi\IdeaProjects\RailEase\target\classes started by DELL in C:\Users\Shivangi\IdeaProjects\RailEase)
2026-03-10 14:47:16 [DEBUG] RailEaseApplication:56 - Running with Spring Boot v2.7.13, Spring v5.3.28
2026-03-10 14:47:16 [DEBUG] RailEaseApplication:56 - Running with Spring Boot v2.7.13, Spring v5.3.28
2026-03-10 14:47:16 [INFO ] RailEaseApplication:631 - No active profile set, falling back to 1 default profile: "default"
2026-03-10 14:47:16 [INFO ] RailEaseApplication:631 - No active profile set, falling back to 1 default profile: "default"
2026-03-10 14:47:19 [INFO ] Http11NioProtocol:173 - Initializing ProtocolHandler ["http-nio-8080"]
2026-03-10 14:47:19 [INFO ] StandardService:173 - Starting service [Tomcat]
2026-03-10 14:47:19 [INFO ] StandardEngine:173 - Starting Servlet engine: [Apache Tomcat/9.0.76]
2026-03-10 14:47:19 [INFO ] [/RailEase]:173 - Initializing Spring embedded WebApplicationContext
2026-03-10 14:47:19 [DEBUG] ResourceUrlEncodingFilter:242 - Filter 'resourceUrlEncodingFilter' configured for use
2026-03-10 14:47:19 [INFO ] HikariDataSource:110 - HikariPool-1 - Starting...
2026-03-10 14:47:20 [INFO ] HikariDataSource:123 - HikariPool-1 - Start completed.
2026-03-10 14:47:29 [DEBUG] RequestMappingHandlerAdapter:625 - ControllerAdvice beans: 0 @ModelAttribute, 0 @InitBinder, 1 RequestBodyAdvice, 1 ResponseBodyAdvice
2026-03-10 14:47:30 [DEBUG] RequestMappingHandlerMapping:367 - 68 mappings in 'requestMappingHandlerMapping'
2026-03-10 14:47:30 [DEBUG] SimpleUrlHandlerMapping:188 - Patterns [/, /login, /register] in 'viewControllerHandlerMapping'
2026-03-10 14:47:31 [DEBUG] SimpleUrlHandlerMapping:188 - Patterns [/webjars/**, /**, /css/**, /js/**, /images/**] in 'resourceHandlerMapping'
2026-03-10 14:47:31 [DEBUG] ExceptionHandlerExceptionResolver:307 - ControllerAdvice beans: 1 @ExceptionHandler, 1 ResponseBodyAdvice
2026-03-10 14:47:31 [INFO ] Http11NioProtocol:173 - Starting ProtocolHandler ["http-nio-8080"]
2026-03-10 14:47:31 [INFO ] RailEaseApplication:61 - Started RailEaseApplication in 15.315 seconds (JVM running for 17.209)
2026-03-10 14:47:31 [INFO ] RailEaseApplication:61 - Started RailEaseApplication in 15.315 seconds (JVM running for 17.209)
2026-03-10 14:47:45 [INFO ] [/RailEase]:173 - Initializing Spring DispatcherServlet 'dispatcherServlet'
2026-03-10 14:47:45 [INFO ] DispatcherServlet:525 - Initializing Servlet 'dispatcherServlet'
2026-03-10 14:47:45 [DEBUG] DispatcherServlet:522 - Detected StandardServletMultipartResolver
2026-03-10 14:47:45 [DEBUG] DispatcherServlet:546 - Detected AcceptHeaderLocaleResolver
2026-03-10 14:47:45 [DEBUG] DispatcherServlet:571 - Detected FixedThemeResolver
2026-03-10 14:47:45 [DEBUG] DispatcherServlet:721 - Detected org.springframework.web.servlet.view.DefaultRequestToViewNameTranslator@46307c46
2026-03-10 14:47:45 [DEBUG] DispatcherServlet:785 - Detected org.springframework.web.servlet.support.SessionFlashMapManager@6e5a38d9
2026-03-10 14:47:45 [DEBUG] DispatcherServlet:542 - enableLoggingRequestDetails='false': request parameters and headers will be masked to prevent unsafe logging of potentially sensitive data
2026-03-10 14:47:45 [INFO ] DispatcherServlet:547 - Completed initialization in 8 ms
2026-03-10 14:47:46 [DEBUG] DispatcherServlet:120 - GET "/RailEase/booking/payment/TK2026031016971001", parameters={}
2026-03-10 14:47:46 [DEBUG] RequestMappingHandlerMapping:522 - Mapped to com.railease.controller.BookingController#showPaymentPage(String, HttpSession, Model)
2026-03-10 14:47:46 [DEBUG] DispatcherServlet:1131 - Completed 302 FOUND
2026-03-10 14:47:46 [DEBUG] DispatcherServlet:120 - GET "/RailEase/login", parameters={}
2026-03-10 14:47:46 [DEBUG] RequestMappingHandlerMapping:522 - Mapped to com.railease.controller.LoginController#showLoginForm(Model, String, String, String, String)
2026-03-10 14:47:49 [DEBUG] DispatcherServlet:1131 - Completed 200 OK
2026-03-10 14:47:51 [DEBUG] DispatcherServlet:120 - POST "/RailEase/login", parameters={masked}
2026-03-10 14:47:51 [DEBUG] RequestMappingHandlerMapping:522 - Mapped to com.railease.controller.LoginController#login(String, String, HttpSession, Model)
2026-03-10 14:47:51 [INFO ] LoginController:60 - Login attempt for user: shivangi
2026-03-10 14:47:51 [INFO ] LoginController:60 - Login attempt for user: shivangi
2026-03-10 14:47:51 [INFO ] LoginServiceImpl:24 - Authenticating user: shivangi
2026-03-10 14:47:51 [INFO ] LoginServiceImpl:24 - Authenticating user: shivangi
2026-03-10 14:47:51 [DEBUG] SQL:144 - 
    select
        user0_.user_id as user_id1_8_,
        user0_.created_at as created_2_8_,
        user0_.email as email3_8_,
        user0_.full_name as full_nam4_8_,
        user0_.is_enabled as is_enabl5_8_,
        user0_.last_login as last_log6_8_,
        user0_.mobile_number as mobile_n7_8_,
        user0_.password as password8_8_,
        user0_.profile_photo as profile_9_8_,
        user0_.profile_photo_content_type as profile10_8_,
        user0_.role as role11_8_,
        user0_.session_id as session12_8_,
        user0_.updated_at as updated13_8_,
        user0_.username as usernam14_8_ 
    from
        users user0_ 
    where
        user0_.username=?
2026-03-10 14:47:51 [TRACE] BasicBinder:64 - binding parameter [1] as [VARCHAR] - [shivangi]
2026-03-10 14:47:52 [DEBUG] SQL:144 - 
    select
        userprofil0_.profile_id as profile_1_7_0_,
        userprofil0_.address as address2_7_0_,
        userprofil0_.city as city3_7_0_,
        userprofil0_.date_of_birth as date_of_4_7_0_,
        userprofil0_.gender as gender5_7_0_,
        userprofil0_.id as id6_7_0_,
        userprofil0_.occupation as occupati7_7_0_,
        userprofil0_.pincode as pincode8_7_0_,
        userprofil0_.state as state9_7_0_,
        userprofil0_.user_id as user_id10_7_0_ 
    from
        user_profiles userprofil0_ 
    where
        userprofil0_.user_id=?
2026-03-10 14:47:52 [TRACE] BasicBinder:64 - binding parameter [1] as [BIGINT] - [37]
2026-03-10 14:47:52 [DEBUG] SQL:144 - 
    select
        user0_.user_id as user_id1_8_2_,
        user0_.created_at as created_2_8_2_,
        user0_.email as email3_8_2_,
        user0_.full_name as full_nam4_8_2_,
        user0_.is_enabled as is_enabl5_8_2_,
        user0_.last_login as last_log6_8_2_,
        user0_.mobile_number as mobile_n7_8_2_,
        user0_.password as password8_8_2_,
        user0_.profile_photo as profile_9_8_2_,
        user0_.profile_photo_content_type as profile10_8_2_,
        user0_.role as role11_8_2_,
        user0_.session_id as session12_8_2_,
        user0_.updated_at as updated13_8_2_,
        user0_.username as usernam14_8_2_,
        tickets1_.user_id as user_id30_4_4_,
        tickets1_.ticket_id as ticket_i1_4_4_,
        tickets1_.ticket_id as ticket_i1_4_0_,
        tickets1_.booking_date as booking_2_4_0_,
        tickets1_.booking_status as booking_3_4_0_,
        tickets1_.cancellation_charges as cancella4_4_0_,
        tickets1_.cancellation_date as cancella5_4_0_,
        tickets1_.cancellation_reason as cancella6_4_0_,
        tickets1_.cancellation_requested_date as cancella7_4_0_,
        tickets1_.class_type as class_ty8_4_0_,
        tickets1_.destination_station as destinat9_4_0_,
        tickets1_.journey_date as journey10_4_0_,
        tickets1_.meal_id as meal_id11_4_0_,
        tickets1_.meal_quantity as meal_qu12_4_0_,
        tickets1_.number_of_seats as number_13_4_0_,
        tickets1_.passenger_age as passeng14_4_0_,
        tickets1_.passenger_gender as passeng15_4_0_,
        tickets1_.passenger_name as passeng16_4_0_,
        tickets1_.payment_id as payment17_4_0_,
        tickets1_.payment_method as payment18_4_0_,
        tickets1_.payment_status as payment19_4_0_,
        tickets1_.refund_amount as refund_20_4_0_,
        tickets1_.refund_date as refund_21_4_0_,
        tickets1_.refund_percentage as refund_22_4_0_,
        tickets1_.refund_processed_date as refund_23_4_0_,
        tickets1_.refund_status as refund_24_4_0_,
        tickets1_.refund_transaction_id as refund_25_4_0_,
        tickets1_.source_station as source_26_4_0_,
        tickets1_.ticket_status as ticket_27_4_0_,
        tickets1_.total_fare as total_f28_4_0_,
        tickets1_.train_no as train_n29_4_0_,
        tickets1_.user_id as user_id30_4_0_,
        userprofil2_.profile_id as profile_1_7_1_,
        userprofil2_.address as address2_7_1_,
        userprofil2_.city as city3_7_1_,
        userprofil2_.date_of_birth as date_of_4_7_1_,
        userprofil2_.gender as gender5_7_1_,
        userprofil2_.id as id6_7_1_,
        userprofil2_.occupation as occupati7_7_1_,
        userprofil2_.pincode as pincode8_7_1_,
        userprofil2_.state as state9_7_1_,
        userprofil2_.user_id as user_id10_7_1_ 
    from
        users user0_ 
    left outer join
        tickets tickets1_ 
            on user0_.user_id=tickets1_.user_id 
    left outer join
        user_profiles userprofil2_ 
            on user0_.user_id=userprofil2_.user_id 
    where
        user0_.user_id=?
2026-03-10 14:47:52 [TRACE] BasicBinder:64 - binding parameter [1] as [BIGINT] - [37]
2026-03-10 14:47:53 [DEBUG] SQL:144 - 
    update
        users 
    set
        email=?,
        full_name=?,
        is_enabled=?,
        last_login=?,
        mobile_number=?,
        password=?,
        profile_photo=?,
        profile_photo_content_type=?,
        role=?,
        session_id=?,
        updated_at=?,
        username=? 
    where
        user_id=?
2026-03-10 14:47:53 [TRACE] BasicBinder:64 - binding parameter [1] as [VARCHAR] - [kamadiyasiya@gmail.com]
2026-03-10 14:47:53 [TRACE] BasicBinder:64 - binding parameter [2] as [VARCHAR] - [Shivangi Kamadiya]
2026-03-10 14:47:53 [TRACE] BasicBinder:64 - binding parameter [3] as [BOOLEAN] - [true]
2026-03-10 14:47:53 [TRACE] BasicBinder:64 - binding parameter [4] as [TIMESTAMP] - [2026-03-10T14:47:52.770045]
2026-03-10 14:47:53 [TRACE] BasicBinder:64 - binding parameter [5] as [VARCHAR] - [7854894548]
2026-03-10 14:47:53 [TRACE] BasicBinder:64 - binding parameter [6] as [VARCHAR] - [$2a$10$4YzX9D39AMqAnBc4OsDDfeO4528j30dte9PhpLRr3wvvzGTUd1RWm]
2026-03-10 14:47:53 [TRACE] BasicBinder:64 - binding parameter [7] as [BLOB] - [[-1, -40, -1, -32, 0, 16, 74, 70, 73, 70, 0, 1, 1, 0, 0, 1, 0, 1, 0, 0, -1, -37, 0, -124, 0, 9, 6, 7, 17, 19, 16, 16, 16, 16, 19, 18, 18, 18, 21, 16, 15, 15, 16, 16, 15, 15, 15, 15, 16, 15, 16, 21, 18, 22, 22, 21, 17, 21, 21, 24, 29, 40, 32, 24, 26, 37, 27, 21, 21, 33, 49, 33, 37, 41, 43, 46, 46, 46, 23, 31, 51, 56, 51, 44, 55, 42, 45, 46, 43, 1, 10, 10, 10, 14, 13, 14, 24, 16, 16, 27, 45, 31, 32, 31, 45, 45, 45, 45, 45, 45, 45, 45, 45, 45, 45, 45, 45, 45, 45, 45, 45, 45, 45, 45, 45, 45, 45, 45, 45, 45, 45, 45, 45, 43, 45, 55, 45, 45, 45, 45, 45, 45, 45, 45, 45, 43, 45, 45, 46, 45, 45, 43, 45, 45, -1, -64, 0, 17, 8, 1, 19, 0, -73, 3, 1, 34, 0, 2, 17, 1, 3, 17, 1, -1, -60, 0, 28, 0, 0, 1, 5, 1, 1, 1, 0, 0, 0, 0, 0, 0, 0, 0, 0, 0, 3, 0, 1, 2, 4, 5, 6, 7, 8, -1, -60, 0, 63, 16, 0, 1, 4, 1, 2, 4, 3, 5, 6, 4, 4, 5, 5, 0, 0, 0, 1, 0, 2, 3, 17, 4, 18, 33, 5, 49, 65, 81, 6, 19, 97, 34, 50, 113, -127, -111, 7, 20, 66, 82, -95, -79, 35, 83, -110, -31, 21, 114, -94, -63, 51, 67, 98, -126, -15, 22, 36, 84, 99, -47, -1, -60, 0, 26, 1, 0, 3, 1, 1, 1, 1, 0, 0, 0, 0, 0, 0, 0, 0, 0, 0, 0, 1, 2, 3, 4, 5, 6, -1, -60, 0, 38, 17, 0, 2, 2, 2, 2, 2, 3, 0, 2, 3, 1, 0, 0, 0, 0, 0, 0, 1, 2, 17, 3, 18, 33, 49, 4, 65, 19, 34, 81, 5, 97, 66, -127, -79, 50, -1, -38, 0, 12, 3, 1, 0, 2, 17, 3, 17, 0, 63, 0, -12, -28, -12, -99, 36, 25, -115, 73, 39, 73, 0, 36, -109, -92, -128, 18, 73, 39, 64, -56, -92, -92, -110, 0, -118, 74, 73, -112, 3, 39, 79, 73, 82, 0, 100, -109, -46, 84, -128, 25, 36, -12, -107, 32, 8, -92, -99, 36, 0, -55, 39, 73, 2, 25, 36, -23, 32, 99, 39, 73, 58, 0, 100, -109, -89, 64, 13, 73, 39, 74, -112, 2, 73, 61, 36, -128, 25, 42, 78, -98, -112, 4, 105, 42, 82, 1, 56, 8, 2, 52, -107, 41, -106, -90, -46, -128, 35, 73, 82, 122, 73, 0, 53, 38, -91, 42, 74, -112, 4, 83, 82, -99, 36, 90, -128, 32, -107, 41, 20, -87, 0, 65, 58, -112, 106, 72, 2, 41, -64, 92, -12, 92, 89, -25, -1, 0, 11, 67, 27, 61, -37, 94, -23, 114, 58, 52, -125, 82, 67, 102, 88, -20, 81, 89, 43, 74, 98, 16, 106, 125, 41, -35, 35, 71, 50, 20, 91, 59, 79, 34, -107, -114, -119, 82, 84, -96, -7, 119, 81, -13, 18, -79, -48, 106, 72, -108, 31, 49, 45, 104, -80, 12, 10, 69, 4, 56, -88, -105, 34, -64, -77, 105, -83, 2, -119, -28, -100, 70, -28, -20, 3, 90, 107, 66, 44, 41, -117, 10, 86, 1, -83, 43, 85, -56, 33, 61, -94, -64, 56, 114, 123, 64, -75, 32, -128, 36, -10, -38, 102, 3, -43, 69, 58, 44, 2, 106, 76, -122, 92, -110, 44, 14, 74, 17, 69, 104, 67, 53, 116, 65, -30, 24, 38, 51, 119, 96, -99, -69, -124, 124, 86, 109, -70, -82, -60, -53, 49, 73, 106, -61, 74, -81, -92, 34, 71, -78, 9, 1, -60, 90, -22, -79, 106, -68, 44, -112, 110, 15, -43, 104, -65, 113, 72, 34, 15, 84, -88, 105, -127, -121, 53, -31, -44, -19, -3, 86, -100, 50, 2, 54, 42, -103, -57, 111, -49, -70, 28, 48, 16, 110, -54, 84, 86, -58, -65, -108, 83, -120, -108, 98, -56, -24, 126, -86, -62, 116, 0, 29, 26, 112, -60, 100, -56, -96, 18, 74, 15, 109, -89, -94, -127, 18, 73, 70, -113, 116, -31, 48, 30, -110, 73, 36, 0, -110, 76, 74, 27, -27, 3, -103, -92, -122, 52, -68, -44, 69, -87, -74, 102, -98, 91, -89, 50, -128, -89, -128, 32, 69, 39, 76, -25, -125, -70, 73, 88, -24, -27, -14, -78, -36, -13, -71, -37, -96, 82, -60, -108, -113, 85, 74, 57, 84, -101, 47, 101, -94, -32, 79, -109, 94, 60, -128, -17, 69, 49, 51, 123, -84, 96, -12, 41, 28, 109, 81, 52, 116, 3, 37, -67, -47, 68, -125, -70, -25, -29, 119, 117, 55, -53, 92, -118, 65, 70, -16, 112, 83, -44, 22, 4, 82, -98, -106, -92, -4, -105, 29, -110, 10, 58, 16, -31, -24, -83, 99, -111, 91, 46, 93, -78, -109, -35, 91, -122, 77, 36, 17, -86, -5, 111, -70, 69, 81, -48, 60, -88, -99, 72, 88, -39, 45, 112, -11, -20, 121, -85, 15, 27, 32, 6, 14, 78, 10, -57, -30, 57, 37, -92, 6, 29, -6, -86, 110, -50, -112, -19, -85, -23, -78, 73, -123, 29, 42, 107, 92, -18, 54, 76, -105, -69, -115, 122, -85, 70, 79, 95, -43, 49, 27, 26, -121, 117, 7, -52, -47, -52, -123, -118, -4, -112, 54, -75, 90, 71, -105, 29, -112, 6, -92, -39, -4, -24, 124, -43, 118, 100, 18, -17, 111, 113, -48, 116, 85, 95, 40, 3, 117, -101, 55, 23, 104, 52, 55, 82, -47, 72, -37, -105, 53, -60, -45, 69, 5, 9, -27, -46, -35, 114, 59, 97, -46, -10, 92, -26, 79, 26, 36, 83, 7, -51, 103, 75, 59, -35, -17, 56, -97, 75, -40, 41, -43, -78, -45, 72, -40, -52, -15, 9, 59, 51, 96, -103, 98, 105, 73, 61, 16, -74, 102, -84, 110, -76, 66, 123, 46, 43, -121, -15, -87, 25, -20, -65, -38, 109, -13, -22, -70, -68, 76, -106, -66, -120, 43, -91, -58, -116, 35, 59, 45, 7, 41, -121, 33, -11, 78, -50, 106, 11, -78, 69, -54, 14, 36, -89, 124, 123, -90, -70, -39, 48, 101, -122, -55, 65, 45, 70, -18, -107, 114, -27, 97, -77, 56, -128, -48, 17, 66, 45, 50, 98, 43, 100, -33, 124, 32, -34, -56, 101, -62, -87, -37, 20, 7, 52, 14, 74, 104, 105, -102, 88, -4, 64, -76, -33, 84, 121, -72, -85, -35, -54, -121, -63, 99, 53, -56, -116, 114, -99, 74, -80, -18, -25, 100, -38, 118, -20, -128, 36, 83, -13, 7, 84, 1, 55, 73, -47, 68, 23, 21, 31, 52, 116, 75, -17, 52, 19, 21, 7, 108, 125, -43, 124, -34, 32, -40, -59, 13, -54, -95, -103, -60, -55, 4, 53, 100, -72, -34, -28, -38, 67, 44, 100, 103, 61, -25, -99, 14, -56, 77, -120, -108, -47, -68, 4, 87, 79, -74, -63, 0, 74, 60, 100, 71, 98, -118, 82, -117, 40, 6, -18, 20, -26, -53, 6, -87, 34, -118, -19, -121, -70, 116, -92, -105, 109, -110, 72, 71, 8, -3, 36, 91, 77, -9, 79, -113, -105, 35, 8, 45, 39, 110, -117, 46, 41, 29, 29, -125, -43, 92, -60, -98, -41, 84, 100, 114, 52, 118, -100, 43, -113, 53, -32, 53, -5, 59, -41, -86, -36, -118, 78, -85, -50, 28, -45, -52, 115, 90, -68, 59, -113, 61, -76, 29, -72, 67, -123, -12, 82, -99, 118, 118, -78, -70, -37, 104, 109, 105, 117, 82, -95, -121, -59, -29, 120, -85, -93, -40, -83, 72, 32, 115, 125, -82, -123, 69, 81, -91, -40, -51, -60, 125, -33, 68, 72, 97, 125, -19, -11, 86, 88, -13, 72, -80, -50, 7, 48, -107, -123, 21, -122, 28, -114, 59, -3, 80, -78, -96, -47, -42, -43, -23, -14, -17, -35, -40, 42, -78, -70, -7, -92, 0, 26, -21, 74, -118, 51, 35, 1, 66, 119, 80, 65, 64, -117, -87, 8, -50, -85, -28, 100, 32, 52, -109, -51, 86, -92, -20, 93, -101, 48, 1, 107, 15, 47, -115, 106, -40, 108, 20, 56, -109, 100, 121, 12, 101, -41, 85, 60, 94, 8, 0, 26, -50, -24, -6, -82, -61, -20, -63, 69, -110, 85, -88, -51, -20, -117, 54, 19, 0, -39, 11, 31, 28, -121, 106, -24, -89, -122, 87, 40, 59, -95, -95, 105, -117, 17, -37, 59, 78, -54, 82, -49, 27, 0, 22, 44, -107, 5, 21, -51, -88, -46, 36, -71, 3, 88, -82, -87, -61, -63, 113, -12, 64, 16, 34, -110, 79, 35, -37, -51, 50, 67, 56, 71, 16, -19, -100, -85, 121, 69, -122, -57, 37, 24, -89, -70, 86, -30, -102, -51, 30, 74, -45, -93, 30, 25, 40, 50, -127, -40, -93, 72, 64, 85, -91, -60, -93, -87, -68, -107, -120, -37, 97, 107, 9, 38, 103, 40, -80, -112, -55, -40, -18, -70, 60, 47, 19, 72, 3, 89, 38, -19, 27, 88, -26, -71, 96, 64, 42, -45, 30, 10, -43, -92, -5, 33, 54, -70, 61, 19, -121, -25, -78, 81, 109, 42, -31, 11, -49, -8, 110, 73, -119, -31, -51, 59, 117, 29, -41, 77, 15, -120, 99, 38, -71, 124, 86, 50, -115, 62, 13, -29, 43, -20, -40, 33, 52, 113, -117, -73, 42, -93, 42, -9, 27, -88, -69, 39, -70, -126, -24, -69, 59, -121, 69, 79, 36, 18, 16, -78, 115, 52, -74, -6, -14, 3, -71, 92, -26, 83, -97, 35, -83, -18, 39, -99, 0, 104, 15, -110, -30, -14, 60, -56, -31, 122, -10, -50, -17, 27, -62, -106, 101, -75, -46, 53, -61, 59, -95, 77, -102, -58, -5, 61, 86, 54, 52, 14, 52, -26, -110, 54, 4, 27, 61, -107, -89, 64, 13, -69, -15, 109, 103, -72, -27, 127, 30, 74, 112, 127, 33, 28, -109, -46, 74, -84, -65, 39, -8, -23, 98, -122, -15, 119, 93, -106, -96, -55, -33, 100, -49, -101, -38, 15, -67, -69, 32, -116, 125, 66, -101, 106, -28, 124, 46, -40, 46, -41, 123, -92, 121, -36, -128, 118, 123, 94, 104, 42, 121, 25, -123, -82, 45, 109, -112, -81, -61, -61, 67, 73, -39, 105, -63, -61, -104, 5, -48, 39, -86, 54, -118, 13, 100, -50, 83, -17, 103, -79, 85, -25, -107, -27, -41, -65, -94, -22, -26, -31, -30, -10, 1, 14, 88, 88, -47, 100, 11, 77, 77, 3, -58, -1, 0, 78, 108, 75, 46, -57, 117, -96, -36, -30, 24, 108, 123, 73, 103, 102, 93, 80, 0, 5, -101, -105, -109, -19, 88, 79, -78, 111, 95, 102, -117, -25, 113, 96, -67, -110, 88, -77, -26, -110, -99, 26, -117, 115, -103, 44, 45, 40, -48, 60, -126, 10, -21, 114, -72, 67, 36, 55, -53, -47, 84, -109, -61, 127, -108, -4, -106, 91, -81, 101, 60, 111, -48, -80, -79, -75, -127, -92, -123, -95, -125, -62, -84, -112, 118, 71, -31, -36, 44, 70, -51, -50, -22, -28, 51, 81, -81, -43, 74, 127, -123, -21, -6, 96, -15, 30, 14, 90, 118, 89, -108, 90, 119, 93, -68, -114, 4, 83, -73, 11, 35, 59, -122, 7, 89, 103, 53, -47, 12, -97, -90, 83, -59, -19, 24, -115, -108, -124, 120, -26, 37, 14, 88, -120, 4, 56, 81, 8, 13, 43, 115, -103, -16, 110, -16, -34, 38, 99, 117, 110, 65, 91, -46, 103, 13, 58, -87, 113, -83, -56, 35, -94, 47, -8, -117, -23, 75, -123, -102, 70, 116, -115, -119, 120, -127, 115, -125, 75, 79, 39, 56, 30, -100, -64, -81, -113, 37, 32, -19, -67, -33, -86, 104, 92, 25, 27, 67, -67, -30, 3, -99, -34, -50, -32, 124, -121, -5, -88, -100, -97, 67, -6, 5, -14, -98, 83, -116, -13, -55, -57, -85, 62, -73, -61, 82, -114, 8, 41, 46, 104, -83, -105, -25, 56, 123, 6, -66, 29, 21, 95, 15, 75, -110, 114, 76, 83, 52, -106, 105, 115, -117, -22, -102, 5, 109, -65, -59, 106, -77, 43, -45, -10, 42, -21, 100, 14, -115, -51, 109, 7, 105, 37, -99, 14, -82, -125, -25, -55, 30, 59, 81, -56, -108, -70, -1, 0, -123, 121, 91, 124, 82, -41, -70, 46, 71, 44, 108, 29, 21, 71, 113, -74, -121, 105, -23, 107, -107, -109, 33, -25, -103, 42, 49, -58, -25, 89, 95, 75, -15, 47, 103, -54, -68, -49, -47, -24, 122, -102, -24, -11, 14, -42, -85, -3, -26, -122, -27, 97, 112, 110, 40, 88, 60, -71, 57, 116, 40, 92, 95, -119, 93, -75, -100, -108, 104, -18, -115, 62, 69, 86, 104, -27, -15, -74, -76, 26, -36, -84, 44, -98, 38, -25, 44, -9, -68, -18, -94, 57, 45, 20, 82, 49, -108, -37, 9, 36, -92, -19, 104, 37, 51, -33, -78, 25, -111, 50, 73, 18, -110, 25, 59, -89, 64, 29, 97, 115, 107, -1, 0, 41, 58, 81, 99, 117, -123, -109, -104, 47, -102, 16, -53, -11, 88, 107, 102, -65, 45, 29, 107, 94, 8, -36, -94, -64, -56, -113, 53, -111, -125, 37, -76, 110, -82, -29, -73, 126, 104, 81, 43, 123, 54, 4, 112, 86, -18, 31, 85, 22, -61, -115, -4, -63, -3, 97, 99, -28, 15, 85, 65, -13, -46, -42, 56, -20, -54, 89, -102, 58, 103, -31, 98, 59, -101, -38, 127, -18, 10, 13, -32, 120, 103, -81, -6, -126, -63, -121, -119, 1, -8, 86, -124, 60, 100, 126, 83, -12, 85, -15, -75, -47, 11, 50, 125, -102, -93, -61, -72, 103, -81, -6, -109, 77, -31, -116, 64, -57, -68, 19, 109, 107, -100, 61, -96, 119, 0, -111, -73, 84, 24, 120, -85, 73, -83, 39, -24, -83, 74, 102, 115, -76, 55, -53, 0, -113, -7, -124, -117, -18, 13, 94, -36, -9, 88, 101, -108, -94, -86, -5, 58, -80, -59, 77, -33, 28, 28, -125, -92, -85, 39, 97, -36, -107, 74, 78, 39, 22, -32, 59, 87, -7, 1, 119, -20, -70, 30, 35, -32, 115, 44, -94, 103, -68, 8, -125, 35, -68, 119, 74, 12, 97, -1, 0, -115, -6, -65, 40, -66, 85, -45, 111, 77, -17, -16, -100, 102, -57, -90, 2, -35, 91, 104, 111, -101, 17, -43, -65, 32, -68, -88, -8, 18, 75, -109, -38, -105, -14, 112, -65, -86, 60, -7, -68, 74, 33, -17, 56, -76, 119, 123, 92, -48, -74, 56, 116, -19, 119, -72, -10, -69, -48, 17, 107, 123, 59, -123, -52, 34, 115, -37, 12, 110, 112, 4, -24, -107, -11, 96, 115, 62, -56, 35, -107, -19, 125, 23, 11, -57, -8, 104, 111, -35, -14, -79, -49, -110, 94, -9, 71, 47, -107, 101, -102, -76, 23, 52, -47, 3, -14, -111, -13, 83, 47, 15, -3, 21, 31, 57, 63, 86, 122, 44, 30, 17, -118, 86, -119, 73, 117, -68, 107, 35, 106, 14, 118, -28, 125, 109, 90, -117, -63, -15, -73, -35, 113, -3, 19, 112, -98, 46, -40, -32, -118, 57, 29, -87, -19, 99, 67, -36, -48, 67, 92, -18, -92, 122, 45, 6, 113, -24, -69, -81, 82, 14, 122, -85, 60, 89, -21, -69, -81, -45, 47, 39, -63, 77, 127, -29, 112, -8, 0, -86, 63, -20, -3, -67, 37, 119, -52, 5, -46, -73, -116, -58, 127, 18, -97, -8, -93, 63, 48, -6, -86, -34, 72, -115, 83, 57, 7, 125, -97, 127, -10, -97, -23, 8, 111, -5, 63, 119, -13, 127, -45, -3, -41, 98, 120, -125, 122, 61, -65, 85, 94, 92, -45, -47, -19, 71, -55, 32, -47, 28, -125, -66, -49, -97, -4, -63, -3, 63, -35, 13, -33, 103, -17, -2, 96, -2, -97, -18, -70, 105, -27, -104, -14, -104, 15, -125, 65, 89, -13, 65, -106, 78, -39, 95, -24, -113, -1, 0, -60, -44, -33, -24, -100, 23, -31, -118, 126, -49, -28, -2, 96, -6, 38, 90, 18, -31, -25, 127, -14, -113, -12, -76, 127, -78, 74, -73, -2, -55, -41, -6, 60, -56, 2, 74, 62, 60, 102, -44, -29, -118, -118, -80, -58, -122, -18, 85, -39, -53, 69, -8, 37, -96, -82, 99, 102, -43, -110, -80, -52, -60, -102, 10, -61, 77, 34, 48, -80, -7, 40, -79, -109, -100, 73, -39, 5, -91, -59, 38, 54, -43, -106, 0, 22, -23, 81, -109, -109, 125, -112, -115, -91, 91, -121, 82, -71, -62, 112, 76, -114, -36, 123, 63, -70, -24, 99, -31, -116, 27, -46, -103, 78, -115, 97, -115, -66, 74, 124, 14, 29, -100, -25, 13, -64, 26, 64, 27, -4, 119, -39, 84, -49, 113, 15, 39, 75, -29, 52, 72, -108, 61, -78, 72, 8, -22, -24, -63, -35, -67, -57, -20, -76, 56, -68, 110, 100, 122, -104, 107, 73, 5, -44, 46, -37, -56, -126, 62, 97, 114, 57, 109, -127, -114, 57, 114, 55, 34, 66, 72, 21, 14, 67, -94, 12, 62, -115, 34, -120, 54, 54, -23, 94, -85, -51, -49, -10, -99, 51, -40, -15, 106, 24, -19, 114, 108, -69, -117, -27, 104, 104, -10, -115, -63, -109, 69, -110, 7, -63, 43, -101, -89, 75, 0, 13, -44, -41, 111, -45, 106, 119, 83, -53, 15, -61, -68, 78, 102, -27, 70, -1, 0, 52, -54, -41, -73, -52, 120, 34, 49, -9, 122, 20, 0, 13, 52, -37, -9, 106, -71, -47, -26, -88, -49, -30, -84, 38, 19, -90, 44, -113, 51, -53, 116, 109, 123, -116, 46, -46, 28, -10, -66, -3, -115, 7, 80, 115, 65, 4, -101, -7, 108, -85, -16, -33, 19, -79, -113, 107, -27, 15, 123, 1, 4, 53, -112, 66, -64, -22, -36, 23, 84, -125, 87, 94, 107, 104, -16, -107, -104, 79, -103, 58, 70, -97, 12, -15, 119, 20, -102, 97, 4, 114, -105, -72, -105, -115, 6, 44, 80, -19, 45, -78, -31, -69, 70, -12, 14, -36, -5, 43, 94, 52, -30, -65, -61, -118, 62, 71, -51, 47, 112, 59, 56, 6, -79, -35, 58, 110, -26, -3, 80, -16, -79, 112, -92, 100, 78, -58, -113, -51, 37, -17, -107, -50, 116, -83, -117, 62, 23, -105, 17, -92, -106, -45, 92, -34, 100, 1, -33, -43, 109, -49, -62, 96, -55, 104, -118, 81, 33, 112, 30, -61, -27, 1, -77, -73, -87, 13, 125, 123, 64, 109, -74, -31, 97, -110, 73, -55, 127, 71, 78, 44, 109, 65, -65, 108, -75, -61, 52, -53, 11, 29, -1, 0, 72, 31, 69, 47, -70, 31, -43, 11, -121, 112, -7, 49, -93, 17, -72, -121, 52, 86, -105, -47, 109, -19, -56, -114, -121, 111, -18, 105, 91, -5, -40, 3, -26, -76, -61, 39, 84, 97, -28, 66, 42, 77, -121, 49, -128, -49, 84, 19, 17, 33, 5, -71, 54, -81, 71, 51, 116, -83, -71, 70, 9, -90, 100, -49, -114, -22, 52, -78, -25, 115, -57, 83, -11, 93, 12, -77, -117, -91, 87, 34, 22, -72, 43, -116, -65, 76, -25, 31, -61, -99, -109, 46, 77, -67, -89, 125, 74, 25, -50, -105, -13, -69, -6, -118, -67, -105, -120, 69, 5, 70, 124, 122, 52, -76, -32, -26, 123, 33, 59, -120, -51, -7, -35, -3, 69, 36, 9, 34, 33, 58, 41, 11, 118, 83, 123, -38, 62, 40, 108, 58, -109, 50, 34, 69, -107, 98, 22, -48, 82, -94, 39, 32, -112, -58, 2, 33, 74, 40, -53, -115, 0, -73, 48, -72, 56, -26, -27, -89, 66, 73, -53, -93, 55, 27, 29, -50, 32, 1, -49, 101, -46, -61, -31, -10, -74, -117, -115, -94, -57, -116, -42, 55, 96, -82, 99, 56, -69, -102, -119, 73, -6, 55, -122, 52, -69, 15, -113, 8, 104, -96, 17, 75, -110, -45, 72, 57, -39, 81, -61, 12, -77, -55, -18, -58, -57, 60, -127, -52, -48, -28, 61, 73, -95, -13, 89, -101, -115, 44, -83, -79, 25, 35, 83, -127, 33, -92, -117, 45, 28, -51, 118, -28, -72, -33, 29, 22, 49, -84, 105, 30, -10, -70, 109, -43, -99, 36, 88, -8, 93, -87, 120, 6, 73, 103, 126, 70, 108, -2, -13, -56, -119, -68, -12, -122, -73, 114, 26, 58, 54, -56, 31, -10, -107, -101, -10, -101, 47, -15, -79, 5, -48, 45, -102, -17, -105, 54, 82, -27, -97, -38, 105, 29, -104, -2, -112, 103, -97, 79, 25, 7, -66, -12, 15, 116, -79, 115, 11, 9, 4, 106, 109, -14, -20, 125, 21, -55, -104, 116, 11, 20, 67, -122, -89, 10, 55, -40, -126, 54, 60, -65, 85, -97, 40, -85, -83, -63, -22, 22, -85, -98, 12, -99, -82, 77, -68, 31, 20, -104, -58, -127, 24, 116, 122, -61, -53, 9, 35, -38, -86, -44, -46, 55, 6, -70, -81, 67, -16, -81, 25, -113, 33, -65, -62, 121, -25, -19, -61, 56, -44, 122, 17, -91, -36, -5, 111, -70, -15, -70, 93, 39, -126, 51, 11, 38, 123, 122, 22, 23, 13, -127, -36, 22, -40, -6, 126, -53, 60, -104, -46, 86, -115, -79, 101, -109, 122, -66, -113, 81, -15, 7, 17, 49, -61, 108, 62, -20, -116, 14, 15, -78, 47, 125, -84, -97, -43, 98, 127, -22, 49, 122, 29, 24, 4, -73, 80, -73, 81, 55, 93, -127, -37, -91, -117, -33, -66, -59, 27, -60, -48, 121, -68, 62, 66, 54, 107, 116, 72, 77, 95, -78, -57, 2, 118, -12, 22, 126, 75, -50, -35, 49, 14, 104, -44, -45, 77, -41, 27, -37, 98, -99, -54, -120, -69, -36, 10, 60, -7, 15, -126, -116, 74, -7, 30, 106, 92, 30, -109, -61, 51, -95, -106, -4, -73, 123, 67, -34, 97, -9, -101, 125, 125, 71, -88, -37, 116, 89, 53, -126, 104, -20, -68, -45, 15, -120, 57, -109, 49, -15, -99, -37, 64, 30, -114, -36, -19, 95, -105, 122, -82, -63, 122, 119, 15, -51, 108, -47, -79, -20, 27, 61, -95, -62, -7, -117, -26, 15, -88, 54, 62, 75, -78, 44, -13, -14, 65, 46, -118, -59, -49, -18, -126, -4, -121, -125, 86, -75, -124, 35, -86, 30, 78, 35, 77, 56, 43, -39, 25, 56, -77, 53, -7, 78, 53, 106, 79, -116, -111, -86, -73, 71, 124, 67, 88, -39, 17, -67, 65, 69, -126, 79, -39, 70, 70, -19, 100, 38, 86, -91, 109, -118, 76, -107, -119, -60, -25, -100, -37, -40, 5, 111, 11, -123, -67, -60, 94, -63, 95, -62, -31, -75, 69, -37, -83, 120, 2, -69, -93, 56, -62, -5, 35, -117, -124, -58, -115, -122, -22, -12, 77, 10, -80, 114, 36, 110, -91, 12, -24, 72, 60, -19, -28, 2, 24, 121, 6, -126, 25, -104, -38, -112, 66, 6, 26, 57, -99, -44, -81, 62, -5, 64, -29, 111, 124, -125, 10, 50, 116, -75, -52, 50, 55, -84, -110, -99, -39, 31, -88, 22, -45, -15, 35, -78, -17, 90, 119, -91, -53, 101, -30, -63, 55, 23, 105, 96, -73, 99, -58, 12, -18, -24, -23, 79, -4, 54, 124, 90, 44, -33, -96, 29, 20, 78, 74, 42, -51, 49, 71, 105, 81, -45, 112, 28, 33, 4, 17, -62, 63, 3, 0, 113, 31, -119, -25, 119, 59, -26, 73, 63, 53, -25, -1, 0, 106, -25, -8, -40, -1, 0, -28, -109, -9, 106, -12, -74, 29, -105, -103, -3, -87, -1, 0, -59, -57, 63, -12, -54, 63, 86, -82, 60, 110, -26, -114, -4, -117, -24, -50, 53, -109, -72, 94, -26, -120, -27, 123, 33, 17, -43, 38, -87, -46, -21, -93, -110, -63, -46, -108, 19, 57, -114, 15, 105, -94, 13, -114, 127, 68, -12, -104, -124, 1, -19, -36, 15, 33, -78, 66, -63, 64, -57, 35, 1, 0, -17, 109, 115, 125, -45, -14, 43, -54, 60, 75, -62, -114, 46, 76, -80, -13, 109, -121, 68, 79, 51, 19, -115, -113, -115, 81, 111, -60, 21, -36, 125, -97, 102, -21, -59, 107, 73, -34, 50, -26, 125, 13, -113, -48, -124, 95, -76, 46, 14, 114, 49, -60, -15, -117, -106, 27, 36, 14, 110, -124, -5, -61, -27, -17, 125, 123, -82, 92, 82, -42, 78, 44, -21, -51, 29, -94, -92, -113, 49, -116, -18, 62, 33, 118, -98, 4, -30, -101, -55, 1, 63, -119, -46, -59, -2, 82, 125, -90, -4, -114, -1, 0, 51, -39, 113, -112, 72, 7, -81, -83, 90, -79, -61, -14, -124, 115, 71, 35, 73, -42, -57, -121, 6, -111, 90, -57, 86, 95, 75, 22, 62, 107, -84, -29, -110, -76, 122, -36, -77, -110, 16, -52, -27, 68, -17, -55, 13, -32, -124, -50, 114, 110, -108, -35, -88, 25, 84, -4, -105, 17, 104, 114, -64, -26, -13, 69, -123, 49, 61, -23, -112, -34, 8, 73, 0, 107, -77, 100, -122, -25, 100, 77, 34, -111, 26, -51, -84, 39, 101, 106, 5, -83, 68, 14, 1, 16, 99, 58, -112, -39, -120, -5, 64, 10, -83, 14, -56, 114, -71, 28, 5, 73, -40, 102, -19, 43, 27, -120, 57, 54, 5, -35, -127, 63, 64, -68, -57, -64, -100, 83, -1, 0, 121, 33, -112, -128, 103, 14, 112, 39, -111, -105, 86, -86, -7, -22, 122, -11, 102, 64, 121, 21, -32, -4, 87, 20, -61, 60, -16, -18, 60, -71, -98, -63, -66, -12, -41, 29, 39, -24, 1, 81, 53, -78, 104, -37, 27, -43, -39, -19, -83, 122, -13, 63, -76, 124, -26, 62, 88, -30, 105, 4, -77, 91, -97, 93, 11, -86, -101, -15, -95, -6, -123, -103, 39, -117, 51, 12, 126, 95, -102, 106, -88, -68, 53, -94, 82, 59, 107, -1, 0, 113, -65, -86, -62, 115, -71, -109, -71, -34, -55, -26, 74, -61, 30, 23, 23, 108, -24, -55, -103, 73, 82, 29, -120, -127, 8, 21, 48, -70, 14, 114, 84, -94, 82, -76, -83, 0, 117, -33, 103, 25, 122, 101, -106, 50, 118, 33, -81, 3, -31, -79, -3, -38, -70, -114, 63, -30, -56, -15, 109, -83, -87, 37, 35, 104, -57, 38, -98, -123, -3, -121, -89, 51, -6, -81, 40, -118, 103, 52, -22, 99, -100, -45, -72, -74, -72, -76, -47, -26, 44, 40, -22, -21, -41, -103, -67, -55, 61, -42, 47, 10, 115, -40, -35, 103, 106, 26, -94, -36, -18, 109, -121, 1, -79, -26, 26, 104, -125, -36, 82, 127, -69, 23, 2, -8, -51, -111, -67, 117, 39, -3, -113, -89, 95, -47, 86, 14, -70, 30, -95, 31, 25, -1, 0, -60, -12, 118, -57, -29, -55, 108, 96, 122, -36, -116, 115, 118, 61, 16, -52, -99, -47, 124, 27, 115, -16, -8, -99, 39, -76, -32, 100, -116, 59, -87, 107, 28, 67, 108, -9, -86, 31, 36, 121, -72, 107, -127, -40, 26, 69, -104, -72, 52, 9, -103, 91, 4, -78, 114, 65, -91, 87, 35, 29, -19, -26, -46, -85, 23, -92, 38, -39, 104, -72, 20, -22, -97, -104, -110, -94, 78, -98, 120, -128, -112, -76, 114, -75, -95, -113, 0, -82, 75, 49, -78, -105, 60, -72, -11, 43, 94, 9, 71, 36, -105, 70, -52, 40, -120, 34, 8, 2, -127, 119, 101, 105, -120, 16, 33, 0, 82, -14, -62, -116, -13, 86, -62, -112, -39, -111, -35, 3, -96, -31, -128, 46, 67, -58, 62, 6, -121, 45, -81, -106, 16, -40, -78, -119, 14, -13, 9, 118, -119, 40, 86, -105, -127, 117, -73, 80, 47, 110, -85, -90, -56, -54, 0, 109, -65, -63, 62, 11, -117, -51, 0, -107, -108, -111, -30, -7, -97, 102, -4, 69, -115, 14, 107, 35, -106, -51, 22, -59, 40, 46, 30, -92, 56, 13, -66, 22, -71, 25, 24, 90, -30, -45, -79, 4, -76, -117, -70, 32, -47, -28, -66, -79, -58, -63, 12, -10, -99, -45, 115, -23, 75, -28, -7, -97, -87, -50, 119, 119, 57, -37, -6, -101, 66, 118, 49, -108, -62, -119, 82, 5, 48, 17, 73, 57, 76, 80, 0, -44, -64, 28, -45, 57, 49, 106, 0, -106, -82, -54, -58, 12, 15, 124, -116, 100, 109, 47, 121, -74, -79, -115, 5, -50, 115, -6, 0, 62, 36, 43, -2, 17, -16, -4, -103, -39, 45, -58, -119, -15, -79, -59, -91, -27, -46, 19, 90, 91, 90, -76, -127, -17, 58, -84, -41, -95, -36, 47, 119, -16, 95, -39, -2, 63, 15, 123, -91, 99, -28, -106, 87, 51, -53, 47, -108, 48, 6, 54, -19, -38, 26, 6, -42, 64, -69, 39, -105, -59, 38, -64, -93, -31, 94, 3, 38, 46, 12, 48, 73, 90, -38, -41, 58, 74, 54, 3, -34, -30, -30, -37, -21, 87, 95, 37, -91, 4, 26, -20, 46, -125, 42, 3, 98, -121, -59, 87, 102, 56, 7, -107, 124, 22, 78, 76, -92, -111, -49, 100, -30, 111, 78, 31, 69, 79, -120, -16, -122, 61, -125, 64, 13, 35, -80, -35, 117, -25, 24, 16, 108, 27, -11, 67, 118, 3, 6, -12, 65, 80, -37, -12, 90, 75, -39, -27, 89, 120, -49, 97, -89, 2, 55, -40, -111, 64, -92, -67, 47, 51, -123, -57, 32, -89, -117, 73, 82, -53, -6, -116, -34, 5, -23, -100, -74, 17, 6, -106, -60, 81, 14, 105, 67, -64, -53, 121, 31, -102, -43, -60, -31, 66, -67, -89, 45, 119, 68, -22, -24, -85, 24, 71, -46, 107, 96, -81, 28, 22, 55, -99, -3, 85, -120, -40, -64, 63, -70, 54, 22, -89, 31, -106, 30, 29, -80, 70, -118, 41, -100, -35, -101, 67, -71, 43, -88, -105, 22, 55, 114, 2, -5, -90, 110, 37, 3, 74, 92, -103, 105, 35, -99, -58, -63, 35, -34, 63, 37, -89, 11, 67, 78, -61, 116, 71, 99, -98, -24, 110, -119, -53, 38, -39, -94, 72, -85, -30, 62, 44, -10, 97, -27, -68, 10, 45, -58, -56, 112, -8, -120, -35, 75, -26, 48, 23, -47, -34, 45, -58, 123, -80, 51, 24, -48, 75, -114, 52, -44, 6, -28, -5, 7, 97, -22, -66, 120, -62, -58, 50, 61, -84, 111, -68, -25, 6, -117, -28, -75, -59, 108, -119, -46, 6, -100, 45, 89, -4, 57, -110, -48, 28, -42, 9, 90, 69, -75, -48, 56, 63, 87, -63, -69, 59, -12, 89, -77, 64, -10, 26, 123, 30, -61, -39, -20, 115, 79, -22, 22, -83, 52, 66, 105, -112, 41, 14, 105, -38, -46, 121, 2, 126, 0, -97, -39, 91, -121, -124, -28, 56, 23, 54, 39, -122, -127, -88, -67, -29, -54, 96, 29, -11, 62, -126, 67, 41, -68, 38, 7, -110, -22, -15, 124, 32, 67, -76, -27, 74, -42, 17, -96, -106, 71, -50, -98, 29, -89, -37, 112, -95, -69, 79, 32, 87, 65, -101, -61, 49, -29, -58, -106, 24, 35, 12, -44, -57, 3, 43, -18, -49, 109, 101, -37, -109, -54, -101, -34, -115, 5, -94, -58, -39, 15, 34, 71, 19, -31, -82, 44, 113, -78, -32, -55, 27, 24, -34, 28, -32, 58, -127, -52, 124, -59, -125, -15, 43, -22, -127, 40, 32, 30, -124, 2, 62, 7, -110, -7, 28, -60, 77, 0, 61, -89, 83, 67, 122, -22, -9, 107, -22, -66, -102, 97, 115, 67, 91, 103, -39, 107, 91, -12, 20, -80, -101, -93, 68, -84, -24, 1, 10, 50, 51, -86, -59, 108, -50, -18, -84, -3, -7, -35, -108, 110, -103, 90, 49, -90, -100, -22, -37, 100, -20, -54, 119, 93, -48, 11, -84, -38, 86, -77, -74, 93, 32, -81, 120, 38, -46, 65, 4, -92, -127, -116, 30, -99, -78, -112, -85, -22, 79, -87, 117, -22, -114, 61, -103, 97, -46, -109, -52, -90, 15, 64, -44, -97, 82, 116, 5, -127, 41, 71, -113, 44, -11, -28, -88, -22, 78, 92, -109, -118, 26, -109, 46, -7, -128, -107, 54, 61, -96, -18, -77, -75, 38, -44, -93, -30, 69, -4, -122, -109, -12, -102, -24, -68, 103, -60, 30, 22, -117, 11, -120, 74, -16, 90, 49, -34, -49, 50, 32, -26, 56, -74, 18, -9, 110, -57, 80, -90, -74, -38, -6, 39, -48, 116, 94, -84, 36, 94, 105, -29, 14, 49, -112, 114, -92, 45, -48, -31, 30, -72, -104, 60, -56, -102, 61, -18, 103, 83, -127, -43, -49, -65, 53, 120, 96, -44, -84, -116, -109, -72, -47, 95, 29, -79, -74, 86, 58, -55, 45, 99, -98, 28, -41, -21, -116, 26, 35, 99, -21, -88, -11, -6, 18, 108, 48, 79, 32, -57, -123, -50, -101, -101, 35, -108, -22, 28, -98, 27, 116, -19, -71, 108, 47, -31, 71, -98, -7, 79, -30, 78, 15, 115, -101, 91, -76, 25, 4, 96, 54, 39, 26, 107, 116, -33, -30, -86, 38, -49, 82, 121, -13, 71, -58, -56, 111, -108, 26, 9, 32, 48, 10, 36, -47, -40, 110, 55, -17, 127, 85, -41, 20, -33, 39, 60, -102, 92, 29, 55, 9, -45, 32, -106, 57, 38, -43, -96, 31, 51, -55, 58, 12, 97, -52, 96, 1, -50, -26, 125, -39, 8, -11, -91, -107, -111, 27, 72, -108, 121, -82, 32, -80, 53, -58, -3, -109, 110, 27, -37, -74, 62, -55, 54, 7, 96, 44, 44, 110, 28, -9, -78, 76, -115, 47, 13, -43, 19, 117, 106, -21, -4, 86, -17, 118, 42, -127, 61, 111, 117, 90, 29, 4, -22, -78, 75, -82, -119, -10, -65, -26, 115, -65, -122, -37, -95, 71, -20, 55, 37, -87, -72, -4, -81, 50, 38, -66, 55, 53, -110, 70, -56, -38, -25, 23, -128, -7, 9, 15, 21, 31, -25, -85, 113, 61, -74, -39, 75, -121, 97, -102, -10, -114, -90, 31, 111, 72, 113, 113, 36, -18, 109, -33, -65, 117, -119, 12, -82, -9, 71, -78, 27, -83, -64, -48, 37, -81, 27, -126, 58, -13, -65, -86, -38, -61, -30, 65, -83, 13, 112, 112, -38, -3, -122, 7, -76, 111, 100, -126, 72, 33, -69, -14, 60, -107, -57, -21, -39, 13, -19, -48, 126, 31, -31, -109, 55, 21, -58, 123, 35, -2, 11, 72, -56, -99, -32, -128, -42, 22, -105, 57, -96, -113, 87, 49, -93, 101, -21, -122, 21, -63, -8, 71, 39, 78, 72, -73, 56, -121, -125, 24, 26, 88, -42, -17, -53, 107, 38, -20, 13, -10, -27, -55, 119, 102, 96, -68, -1, 0, 34, 47, 126, 14, -52, 50, -6, -14, 33, 7, -86, 127, 35, -71, 72, 78, 18, -5, -56, 88, 106, -51, -74, 68, 37, 45, 111, 50, -91, 5, 17, 97, 87, -112, 2, -19, 71, 116, 72, -91, -35, 86, -100, 89, 59, -14, 21, -51, 60, -64, 73, 75, -50, 21, -78, 75, 51, 67, 53, 48, 41, 36, -69, 78, 50, 73, -46, 73, 32, 29, 36, -110, 64, 13, 105, -62, 73, 32, 9, 53, 121, 100, 18, 23, -52, -16, -14, 92, 12, -113, -80, 78, -37, -65, 116, -55, 46, -116, 30, -52, 51, -6, 13, -109, -61, 97, 119, -67, 27, 15, -54, -69, -10, 89, -20, -64, -119, -82, 112, 107, 0, 20, 13, 111, -50, -54, 73, 46, -102, 49, 108, -83, 3, 71, -100, -31, -45, 77, 115, 60, -75, -58, -109, 113, -104, -47, 11, 90, 40, 22, 58, -7, -98, -113, 60, -49, -86, 73, 40, 95, -6, 52, -1, 0, 0, -4, 55, 21, -105, -18, -115, -11, 95, 62, -59, 25, -121, 77, 22, -19, -19, -42, -35, -69, 39, 73, 106, 98, -115, 30, 31, 33, 18, 48, -34, -31, -47, -111, -24, 117, 13, -41, -92, -67, 58, 75, -109, -56, -12, 116, -31, -10, 12, -88, -38, 73, 46, 115, 113, 18, -112, 41, 36, -128, 11, 19, -118, 116, -110, 89, 73, 43, 53, -113, 71, -1, -39]]
2026-03-10 14:47:53 [TRACE] BasicBinder:64 - binding parameter [8] as [VARCHAR] - [image/jpeg]
2026-03-10 14:47:53 [TRACE] BasicBinder:64 - binding parameter [9] as [VARCHAR] - [CUSTOMER]
2026-03-10 14:47:53 [TRACE] BasicBinder:52 - binding parameter [10] as [VARCHAR] - [null]
2026-03-10 14:47:53 [TRACE] BasicBinder:64 - binding parameter [11] as [TIMESTAMP] - [2026-03-10T14:47:52.946300700]
2026-03-10 14:47:53 [TRACE] BasicBinder:64 - binding parameter [12] as [VARCHAR] - [shivangi]
2026-03-10 14:47:53 [TRACE] BasicBinder:64 - binding parameter [13] as [BIGINT] - [37]
2026-03-10 14:47:53 [INFO ] LoginServiceImpl:40 - User authenticated successfully: shivangi
2026-03-10 14:47:53 [INFO ] LoginServiceImpl:40 - User authenticated successfully: shivangi
2026-03-10 14:47:53 [INFO ] LoginController:69 - User logged in successfully: shivangi
2026-03-10 14:47:53 [INFO ] LoginController:69 - User logged in successfully: shivangi
2026-03-10 14:47:53 [INFO ] LoginController:70 - User role: CUSTOMER
2026-03-10 14:47:53 [INFO ] LoginController:70 - User role: CUSTOMER
2026-03-10 14:47:53 [INFO ] LoginController:91 - Redirecting to USER dashboard
2026-03-10 14:47:53 [INFO ] LoginController:91 - Redirecting to USER dashboard
2026-03-10 14:47:53 [DEBUG] RedirectView:309 - View name 'redirect:', model {}
2026-03-10 14:47:53 [DEBUG] DispatcherServlet:1131 - Completed 302 FOUND
2026-03-10 14:47:53 [DEBUG] DispatcherServlet:120 - GET "/RailEase/user/dashboard", parameters={}
2026-03-10 14:47:53 [DEBUG] RequestMappingHandlerMapping:522 - Mapped to com.railease.controller.UserController#dashboard(HttpSession, Model)
2026-03-10 14:47:53 [DEBUG] SQL:144 - 
    select
        count(ticket0_.ticket_id) as col_0_0_ 
    from
        tickets ticket0_ 
    where
        ticket0_.user_id=?
2026-03-10 14:47:53 [TRACE] BasicBinder:64 - binding parameter [1] as [BIGINT] - [37]
2026-03-10 14:47:53 [DEBUG] SQL:144 - 
    select
        count(ticket0_.ticket_id) as col_0_0_ 
    from
        tickets ticket0_ 
    where
        ticket0_.user_id=? 
        and ticket0_.journey_date>=CURRENT_DATE 
        and ticket0_.ticket_status='CONFIRMED'
2026-03-10 14:47:53 [TRACE] BasicBinder:64 - binding parameter [1] as [BIGINT] - [37]
2026-03-10 14:47:53 [INFO ] BookingServiceImpl:752 - Calculating total spent for user: 37
2026-03-10 14:47:53 [INFO ] BookingServiceImpl:752 - Calculating total spent for user: 37
2026-03-10 14:47:53 [DEBUG] SQL:144 - 
    select
        user0_.user_id as user_id1_8_0_,
        user0_.created_at as created_2_8_0_,
        user0_.email as email3_8_0_,
        user0_.full_name as full_nam4_8_0_,
        user0_.is_enabled as is_enabl5_8_0_,
        user0_.last_login as last_log6_8_0_,
        user0_.mobile_number as mobile_n7_8_0_,
        user0_.password as password8_8_0_,
        user0_.profile_photo as profile_9_8_0_,
        user0_.profile_photo_content_type as profile10_8_0_,
        user0_.role as role11_8_0_,
        user0_.session_id as session12_8_0_,
        user0_.updated_at as updated13_8_0_,
        user0_.username as usernam14_8_0_ 
    from
        users user0_ 
    where
        user0_.user_id=?
2026-03-10 14:47:53 [TRACE] BasicBinder:64 - binding parameter [1] as [BIGINT] - [37]
2026-03-10 14:47:53 [DEBUG] SQL:144 - 
    select
        userprofil0_.profile_id as profile_1_7_0_,
        userprofil0_.address as address2_7_0_,
        userprofil0_.city as city3_7_0_,
        userprofil0_.date_of_birth as date_of_4_7_0_,
        userprofil0_.gender as gender5_7_0_,
        userprofil0_.id as id6_7_0_,
        userprofil0_.occupation as occupati7_7_0_,
        userprofil0_.pincode as pincode8_7_0_,
        userprofil0_.state as state9_7_0_,
        userprofil0_.user_id as user_id10_7_0_ 
    from
        user_profiles userprofil0_ 
    where
        userprofil0_.user_id=?
2026-03-10 14:47:53 [TRACE] BasicBinder:64 - binding parameter [1] as [BIGINT] - [37]
2026-03-10 14:47:53 [DEBUG] SQL:144 - 
    select
        ticket0_.ticket_id as ticket_i1_4_0_,
        train1_.train_no as train_no1_6_1_,
        ticket0_.booking_date as booking_2_4_0_,
        ticket0_.booking_status as booking_3_4_0_,
        ticket0_.cancellation_charges as cancella4_4_0_,
        ticket0_.cancellation_date as cancella5_4_0_,
        ticket0_.cancellation_reason as cancella6_4_0_,
        ticket0_.cancellation_requested_date as cancella7_4_0_,
        ticket0_.class_type as class_ty8_4_0_,
        ticket0_.destination_station as destinat9_4_0_,
        ticket0_.journey_date as journey10_4_0_,
        ticket0_.meal_id as meal_id11_4_0_,
        ticket0_.meal_quantity as meal_qu12_4_0_,
        ticket0_.number_of_seats as number_13_4_0_,
        ticket0_.passenger_age as passeng14_4_0_,
        ticket0_.passenger_gender as passeng15_4_0_,
        ticket0_.passenger_name as passeng16_4_0_,
        ticket0_.payment_id as payment17_4_0_,
        ticket0_.payment_method as payment18_4_0_,
        ticket0_.payment_status as payment19_4_0_,
        ticket0_.refund_amount as refund_20_4_0_,
        ticket0_.refund_date as refund_21_4_0_,
        ticket0_.refund_percentage as refund_22_4_0_,
        ticket0_.refund_processed_date as refund_23_4_0_,
        ticket0_.refund_status as refund_24_4_0_,
        ticket0_.refund_transaction_id as refund_25_4_0_,
        ticket0_.source_station as source_26_4_0_,
        ticket0_.ticket_status as ticket_27_4_0_,
        ticket0_.total_fare as total_f28_4_0_,
        ticket0_.train_no as train_n29_4_0_,
        ticket0_.user_id as user_id30_4_0_,
        train1_.ac_fare as ac_fare2_6_1_,
        train1_.ac_seats as ac_seats3_6_1_,
        train1_.arrival_time as arrival_4_6_1_,
        train1_.available_seats as availabl5_6_1_,
        train1_.created_at as created_6_6_1_,
        train1_.departure_time as departur7_6_1_,
        train1_.destination as destinat8_6_1_,
        train1_.destination_station as destinat9_6_1_,
        train1_.general_fare as general10_6_1_,
        train1_.general_seats as general11_6_1_,
        train1_.is_active as is_acti12_6_1_,
        train1_.journey_date as journey13_6_1_,
        train1_.sleeper_fare as sleeper14_6_1_,
        train1_.sleeper_seats as sleeper15_6_1_,
        train1_.source as source16_6_1_,
        train1_.source_station as source_17_6_1_,
        train1_.ticket_price as ticket_18_6_1_,
        train1_.train_name as train_n19_6_1_,
        train1_.travel_date as travel_20_6_1_,
        train1_.updated_at as updated21_6_1_ 
    from
        tickets ticket0_ 
    left outer join
        trains train1_ 
            on ticket0_.train_no=train1_.train_no 
    where
        ticket0_.user_id=? 
    order by
        ticket0_.booking_date DESC
2026-03-10 14:47:53 [TRACE] BasicBinder:64 - binding parameter [1] as [BIGINT] - [37]
2026-03-10 14:47:53 [DEBUG] SQL:144 - 
    select
        user0_.user_id as user_id1_8_0_,
        user0_.created_at as created_2_8_0_,
        user0_.email as email3_8_0_,
        user0_.full_name as full_nam4_8_0_,
        user0_.is_enabled as is_enabl5_8_0_,
        user0_.last_login as last_log6_8_0_,
        user0_.mobile_number as mobile_n7_8_0_,
        user0_.password as password8_8_0_,
        user0_.profile_photo as profile_9_8_0_,
        user0_.profile_photo_content_type as profile10_8_0_,
        user0_.role as role11_8_0_,
        user0_.session_id as session12_8_0_,
        user0_.updated_at as updated13_8_0_,
        user0_.username as usernam14_8_0_ 
    from
        users user0_ 
    where
        user0_.user_id=?
2026-03-10 14:47:53 [TRACE] BasicBinder:64 - binding parameter [1] as [BIGINT] - [37]
2026-03-10 14:47:53 [DEBUG] SQL:144 - 
    select
        userprofil0_.profile_id as profile_1_7_0_,
        userprofil0_.address as address2_7_0_,
        userprofil0_.city as city3_7_0_,
        userprofil0_.date_of_birth as date_of_4_7_0_,
        userprofil0_.gender as gender5_7_0_,
        userprofil0_.id as id6_7_0_,
        userprofil0_.occupation as occupati7_7_0_,
        userprofil0_.pincode as pincode8_7_0_,
        userprofil0_.state as state9_7_0_,
        userprofil0_.user_id as user_id10_7_0_ 
    from
        user_profiles userprofil0_ 
    where
        userprofil0_.user_id=?
2026-03-10 14:47:53 [TRACE] BasicBinder:64 - binding parameter [1] as [BIGINT] - [37]
2026-03-10 14:47:53 [DEBUG] SQL:144 - 
    select
        ticket0_.ticket_id as ticket_i1_4_0_,
        train1_.train_no as train_no1_6_1_,
        ticket0_.booking_date as booking_2_4_0_,
        ticket0_.booking_status as booking_3_4_0_,
        ticket0_.cancellation_charges as cancella4_4_0_,
        ticket0_.cancellation_date as cancella5_4_0_,
        ticket0_.cancellation_reason as cancella6_4_0_,
        ticket0_.cancellation_requested_date as cancella7_4_0_,
        ticket0_.class_type as class_ty8_4_0_,
        ticket0_.destination_station as destinat9_4_0_,
        ticket0_.journey_date as journey10_4_0_,
        ticket0_.meal_id as meal_id11_4_0_,
        ticket0_.meal_quantity as meal_qu12_4_0_,
        ticket0_.number_of_seats as number_13_4_0_,
        ticket0_.passenger_age as passeng14_4_0_,
        ticket0_.passenger_gender as passeng15_4_0_,
        ticket0_.passenger_name as passeng16_4_0_,
        ticket0_.payment_id as payment17_4_0_,
        ticket0_.payment_method as payment18_4_0_,
        ticket0_.payment_status as payment19_4_0_,
        ticket0_.refund_amount as refund_20_4_0_,
        ticket0_.refund_date as refund_21_4_0_,
        ticket0_.refund_percentage as refund_22_4_0_,
        ticket0_.refund_processed_date as refund_23_4_0_,
        ticket0_.refund_status as refund_24_4_0_,
        ticket0_.refund_transaction_id as refund_25_4_0_,
        ticket0_.source_station as source_26_4_0_,
        ticket0_.ticket_status as ticket_27_4_0_,
        ticket0_.total_fare as total_f28_4_0_,
        ticket0_.train_no as train_n29_4_0_,
        ticket0_.user_id as user_id30_4_0_,
        train1_.ac_fare as ac_fare2_6_1_,
        train1_.ac_seats as ac_seats3_6_1_,
        train1_.arrival_time as arrival_4_6_1_,
        train1_.available_seats as availabl5_6_1_,
        train1_.created_at as created_6_6_1_,
        train1_.departure_time as departur7_6_1_,
        train1_.destination as destinat8_6_1_,
        train1_.destination_station as destinat9_6_1_,
        train1_.general_fare as general10_6_1_,
        train1_.general_seats as general11_6_1_,
        train1_.is_active as is_acti12_6_1_,
        train1_.journey_date as journey13_6_1_,
        train1_.sleeper_fare as sleeper14_6_1_,
        train1_.sleeper_seats as sleeper15_6_1_,
        train1_.source as source16_6_1_,
        train1_.source_station as source_17_6_1_,
        train1_.ticket_price as ticket_18_6_1_,
        train1_.train_name as train_n19_6_1_,
        train1_.travel_date as travel_20_6_1_,
        train1_.updated_at as updated21_6_1_ 
    from
        tickets ticket0_ 
    left outer join
        trains train1_ 
            on ticket0_.train_no=train1_.train_no 
    where
        ticket0_.user_id=? 
    order by
        ticket0_.booking_date DESC limit ?
2026-03-10 14:47:53 [TRACE] BasicBinder:64 - binding parameter [1] as [BIGINT] - [37]
2026-03-10 14:47:53 [INFO ] BookingServiceImpl:170 - Fetching active bookings for user: 37
2026-03-10 14:47:53 [INFO ] BookingServiceImpl:170 - Fetching active bookings for user: 37
2026-03-10 14:47:53 [DEBUG] SQL:144 - 
    select
        ticket0_.ticket_id as ticket_i1_4_0_,
        train1_.train_no as train_no1_6_1_,
        ticket0_.booking_date as booking_2_4_0_,
        ticket0_.booking_status as booking_3_4_0_,
        ticket0_.cancellation_charges as cancella4_4_0_,
        ticket0_.cancellation_date as cancella5_4_0_,
        ticket0_.cancellation_reason as cancella6_4_0_,
        ticket0_.cancellation_requested_date as cancella7_4_0_,
        ticket0_.class_type as class_ty8_4_0_,
        ticket0_.destination_station as destinat9_4_0_,
        ticket0_.journey_date as journey10_4_0_,
        ticket0_.meal_id as meal_id11_4_0_,
        ticket0_.meal_quantity as meal_qu12_4_0_,
        ticket0_.number_of_seats as number_13_4_0_,
        ticket0_.passenger_age as passeng14_4_0_,
        ticket0_.passenger_gender as passeng15_4_0_,
        ticket0_.passenger_name as passeng16_4_0_,
        ticket0_.payment_id as payment17_4_0_,
        ticket0_.payment_method as payment18_4_0_,
        ticket0_.payment_status as payment19_4_0_,
        ticket0_.refund_amount as refund_20_4_0_,
        ticket0_.refund_date as refund_21_4_0_,
        ticket0_.refund_percentage as refund_22_4_0_,
        ticket0_.refund_processed_date as refund_23_4_0_,
        ticket0_.refund_status as refund_24_4_0_,
        ticket0_.refund_transaction_id as refund_25_4_0_,
        ticket0_.source_station as source_26_4_0_,
        ticket0_.ticket_status as ticket_27_4_0_,
        ticket0_.total_fare as total_f28_4_0_,
        ticket0_.train_no as train_n29_4_0_,
        ticket0_.user_id as user_id30_4_0_,
        train1_.ac_fare as ac_fare2_6_1_,
        train1_.ac_seats as ac_seats3_6_1_,
        train1_.arrival_time as arrival_4_6_1_,
        train1_.available_seats as availabl5_6_1_,
        train1_.created_at as created_6_6_1_,
        train1_.departure_time as departur7_6_1_,
        train1_.destination as destinat8_6_1_,
        train1_.destination_station as destinat9_6_1_,
        train1_.general_fare as general10_6_1_,
        train1_.general_seats as general11_6_1_,
        train1_.is_active as is_acti12_6_1_,
        train1_.journey_date as journey13_6_1_,
        train1_.sleeper_fare as sleeper14_6_1_,
        train1_.sleeper_seats as sleeper15_6_1_,
        train1_.source as source16_6_1_,
        train1_.source_station as source_17_6_1_,
        train1_.ticket_price as ticket_18_6_1_,
        train1_.train_name as train_n19_6_1_,
        train1_.travel_date as travel_20_6_1_,
        train1_.updated_at as updated21_6_1_ 
    from
        tickets ticket0_ 
    left outer join
        trains train1_ 
            on ticket0_.train_no=train1_.train_no 
    where
        ticket0_.user_id=? 
        and ticket0_.journey_date>=CURRENT_DATE 
        and ticket0_.ticket_status='CONFIRMED'
2026-03-10 14:47:53 [TRACE] BasicBinder:64 - binding parameter [1] as [BIGINT] - [37]
2026-03-10 14:47:53 [INFO ] BookingServiceImpl:176 - Fetching past bookings for user: 37
2026-03-10 14:47:53 [INFO ] BookingServiceImpl:176 - Fetching past bookings for user: 37
2026-03-10 14:47:53 [DEBUG] SQL:144 - 
    select
        ticket0_.ticket_id as ticket_i1_4_0_,
        train1_.train_no as train_no1_6_1_,
        ticket0_.booking_date as booking_2_4_0_,
        ticket0_.booking_status as booking_3_4_0_,
        ticket0_.cancellation_charges as cancella4_4_0_,
        ticket0_.cancellation_date as cancella5_4_0_,
        ticket0_.cancellation_reason as cancella6_4_0_,
        ticket0_.cancellation_requested_date as cancella7_4_0_,
        ticket0_.class_type as class_ty8_4_0_,
        ticket0_.destination_station as destinat9_4_0_,
        ticket0_.journey_date as journey10_4_0_,
        ticket0_.meal_id as meal_id11_4_0_,
        ticket0_.meal_quantity as meal_qu12_4_0_,
        ticket0_.number_of_seats as number_13_4_0_,
        ticket0_.passenger_age as passeng14_4_0_,
        ticket0_.passenger_gender as passeng15_4_0_,
        ticket0_.passenger_name as passeng16_4_0_,
        ticket0_.payment_id as payment17_4_0_,
        ticket0_.payment_method as payment18_4_0_,
        ticket0_.payment_status as payment19_4_0_,
        ticket0_.refund_amount as refund_20_4_0_,
        ticket0_.refund_date as refund_21_4_0_,
        ticket0_.refund_percentage as refund_22_4_0_,
        ticket0_.refund_processed_date as refund_23_4_0_,
        ticket0_.refund_status as refund_24_4_0_,
        ticket0_.refund_transaction_id as refund_25_4_0_,
        ticket0_.source_station as source_26_4_0_,
        ticket0_.ticket_status as ticket_27_4_0_,
        ticket0_.total_fare as total_f28_4_0_,
        ticket0_.train_no as train_n29_4_0_,
        ticket0_.user_id as user_id30_4_0_,
        train1_.ac_fare as ac_fare2_6_1_,
        train1_.ac_seats as ac_seats3_6_1_,
        train1_.arrival_time as arrival_4_6_1_,
        train1_.available_seats as availabl5_6_1_,
        train1_.created_at as created_6_6_1_,
        train1_.departure_time as departur7_6_1_,
        train1_.destination as destinat8_6_1_,
        train1_.destination_station as destinat9_6_1_,
        train1_.general_fare as general10_6_1_,
        train1_.general_seats as general11_6_1_,
        train1_.is_active as is_acti12_6_1_,
        train1_.journey_date as journey13_6_1_,
        train1_.sleeper_fare as sleeper14_6_1_,
        train1_.sleeper_seats as sleeper15_6_1_,
        train1_.source as source16_6_1_,
        train1_.source_station as source_17_6_1_,
        train1_.ticket_price as ticket_18_6_1_,
        train1_.train_name as train_n19_6_1_,
        train1_.travel_date as travel_20_6_1_,
        train1_.updated_at as updated21_6_1_ 
    from
        tickets ticket0_ 
    left outer join
        trains train1_ 
            on ticket0_.train_no=train1_.train_no 
    where
        ticket0_.user_id=? 
        and ticket0_.journey_date<CURRENT_DATE
2026-03-10 14:47:53 [TRACE] BasicBinder:64 - binding parameter [1] as [BIGINT] - [37]
2026-03-10 14:47:53 [INFO ] MealServiceImpl:180 - Fetching meal orders for user: 37
2026-03-10 14:47:53 [INFO ] MealServiceImpl:180 - Fetching meal orders for user: 37
2026-03-10 14:47:53 [DEBUG] SQL:144 - 
    select
        user0_.user_id as user_id1_8_0_,
        user0_.created_at as created_2_8_0_,
        user0_.email as email3_8_0_,
        user0_.full_name as full_nam4_8_0_,
        user0_.is_enabled as is_enabl5_8_0_,
        user0_.last_login as last_log6_8_0_,
        user0_.mobile_number as mobile_n7_8_0_,
        user0_.password as password8_8_0_,
        user0_.profile_photo as profile_9_8_0_,
        user0_.profile_photo_content_type as profile10_8_0_,
        user0_.role as role11_8_0_,
        user0_.session_id as session12_8_0_,
        user0_.updated_at as updated13_8_0_,
        user0_.username as usernam14_8_0_ 
    from
        users user0_ 
    where
        user0_.user_id=?
2026-03-10 14:47:53 [TRACE] BasicBinder:64 - binding parameter [1] as [BIGINT] - [37]
2026-03-10 14:47:53 [DEBUG] SQL:144 - 
    select
        userprofil0_.profile_id as profile_1_7_0_,
        userprofil0_.address as address2_7_0_,
        userprofil0_.city as city3_7_0_,
        userprofil0_.date_of_birth as date_of_4_7_0_,
        userprofil0_.gender as gender5_7_0_,
        userprofil0_.id as id6_7_0_,
        userprofil0_.occupation as occupati7_7_0_,
        userprofil0_.pincode as pincode8_7_0_,
        userprofil0_.state as state9_7_0_,
        userprofil0_.user_id as user_id10_7_0_ 
    from
        user_profiles userprofil0_ 
    where
        userprofil0_.user_id=?
2026-03-10 14:47:53 [TRACE] BasicBinder:64 - binding parameter [1] as [BIGINT] - [37]
2026-03-10 14:47:53 [DEBUG] SQL:144 - 
    select
        mealorder0_.order_id as order_id1_0_,
        mealorder0_.cancellation_date as cancella2_0_,
        mealorder0_.cancellation_reason as cancella3_0_,
        mealorder0_.delivery_station as delivery4_0_,
        mealorder0_.delivery_status as delivery5_0_,
        mealorder0_.id as id6_0_,
        mealorder0_.meal_id as meal_id13_0_,
        mealorder0_.order_date as order_da7_0_,
        mealorder0_.quantity as quantity8_0_,
        mealorder0_.refund_amount as refund_a9_0_,
        mealorder0_.refund_status as refund_10_0_,
        mealorder0_.special_instructions as special11_0_,
        mealorder0_.ticket_id as ticket_14_0_,
        mealorder0_.total_price as total_p12_0_,
        mealorder0_.user_id as user_id15_0_ 
    from
        meal_orders mealorder0_ 
    where
        mealorder0_.user_id=? 
    order by
        mealorder0_.order_date desc
2026-03-10 14:47:53 [TRACE] BasicBinder:64 - binding parameter [1] as [BIGINT] - [37]
2026-03-10 14:47:53 [INFO ] MealServiceImpl:42 - Fetching available meals
2026-03-10 14:47:53 [INFO ] MealServiceImpl:42 - Fetching available meals
2026-03-10 14:47:53 [DEBUG] SQL:144 - 
    select
        meal0_.meal_id as meal_id1_1_,
        meal0_.availability_status as availabi2_1_,
        meal0_.created_at as created_3_1_,
        meal0_.description as descript4_1_,
        meal0_.image as image5_1_,
        meal0_.image_content_type as image_co6_1_,
        meal0_.image_url as image_ur7_1_,
        meal0_.is_available as is_avail8_1_,
        meal0_.meal_name as meal_nam9_1_,
        meal0_.meal_type as meal_ty10_1_,
        meal0_.preparation_time as prepara11_1_,
        meal0_.price as price12_1_,
        meal0_.updated_at as updated13_1_ 
    from
        meals meal0_ 
    where
        meal0_.availability_status=1
2026-03-10 14:47:53 [DEBUG] SQL:144 - 
    select
        count(ticket0_.ticket_id) as col_0_0_ 
    from
        tickets ticket0_ 
    where
        ticket0_.user_id=? 
        and ticket0_.refund_status='PENDING'
2026-03-10 14:47:53 [TRACE] BasicBinder:64 - binding parameter [1] as [BIGINT] - [37]
2026-03-10 14:47:53 [DEBUG] SQL:144 - 
    select
        count(ticket0_.ticket_id) as col_0_0_ 
    from
        tickets ticket0_ 
    where
        ticket0_.user_id=? 
        and ticket0_.refund_status='PROCESSING'
2026-03-10 14:47:53 [TRACE] BasicBinder:64 - binding parameter [1] as [BIGINT] - [37]
2026-03-10 14:47:53 [DEBUG] SQL:144 - 
    select
        count(ticket0_.ticket_id) as col_0_0_ 
    from
        tickets ticket0_ 
    where
        ticket0_.user_id=? 
        and ticket0_.refund_status='COMPLETED'
2026-03-10 14:47:53 [TRACE] BasicBinder:64 - binding parameter [1] as [BIGINT] - [37]
2026-03-10 14:47:54 [DEBUG] DispatcherServlet:1131 - Completed 200 OK
2026-03-10 14:47:58 [DEBUG] DispatcherServlet:120 - GET "/RailEase/user/view-trains", parameters={}
2026-03-10 14:47:58 [DEBUG] RequestMappingHandlerMapping:522 - Mapped to com.railease.controller.UserController#viewTrains(Model, HttpSession)
2026-03-10 14:47:58 [DEBUG] TrainServiceImpl:40 - Fetching all active trains
2026-03-10 14:47:58 [DEBUG] TrainServiceImpl:40 - Fetching all active trains
2026-03-10 14:47:58 [DEBUG] SQL:144 - 
    select
        train0_.train_no as train_no1_6_,
        train0_.ac_fare as ac_fare2_6_,
        train0_.ac_seats as ac_seats3_6_,
        train0_.arrival_time as arrival_4_6_,
        train0_.available_seats as availabl5_6_,
        train0_.created_at as created_6_6_,
        train0_.departure_time as departur7_6_,
        train0_.destination as destinat8_6_,
        train0_.destination_station as destinat9_6_,
        train0_.general_fare as general10_6_,
        train0_.general_seats as general11_6_,
        train0_.is_active as is_acti12_6_,
        train0_.journey_date as journey13_6_,
        train0_.sleeper_fare as sleeper14_6_,
        train0_.sleeper_seats as sleeper15_6_,
        train0_.source as source16_6_,
        train0_.source_station as source_17_6_,
        train0_.ticket_price as ticket_18_6_,
        train0_.train_name as train_n19_6_,
        train0_.travel_date as travel_20_6_,
        train0_.updated_at as updated21_6_ 
    from
        trains train0_ 
    where
        train0_.is_active=1
2026-03-10 14:47:58 [INFO ] UserController:110 - Loaded 4 active trains
2026-03-10 14:47:58 [INFO ] UserController:110 - Loaded 4 active trains
2026-03-10 14:47:59 [DEBUG] DispatcherServlet:1131 - Completed 200 OK
2026-03-10 14:47:59 [DEBUG] DispatcherServlet:120 - GET "/RailEase/webjars/datatables/1.13.6/css/dataTables.bootstrap5.min.css", parameters={}
2026-03-10 14:47:59 [DEBUG] SimpleUrlHandlerMapping:522 - Mapped to ResourceHttpRequestHandler [ServletContext [/webjars/]]
2026-03-10 14:47:59 [DEBUG] ResourceHttpRequestHandler:560 - Resource not found
2026-03-10 14:47:59 [DEBUG] DispatcherServlet:1131 - Completed 404 NOT_FOUND
2026-03-10 14:47:59 [DEBUG] DispatcherServlet:120 - "ERROR" dispatch for GET "/RailEase/error", parameters={}
2026-03-10 14:47:59 [DEBUG] RequestMappingHandlerMapping:522 - Mapped to org.springframework.boot.autoconfigure.web.servlet.error.BasicErrorController#error(HttpServletRequest)
2026-03-10 14:47:59 [DEBUG] HttpEntityMethodProcessor:268 - Using 'application/json;q=0.1', given [text/css, */*;q=0.1] and supported [application/json, application/*+json, application/json, application/*+json]
2026-03-10 14:47:59 [DEBUG] HttpEntityMethodProcessor:120 - Writing [{timestamp=Tue Mar 10 14:47:59 IST 2026, status=404, error=Not Found, message=No message available,  (truncated)...]
2026-03-10 14:47:59 [DEBUG] DispatcherServlet:1127 - Exiting from "ERROR" dispatch, status 404
2026-03-10 14:48:07 [DEBUG] DispatcherServlet:120 - GET "/RailEase/user/book/4?classType=AC&journeyDate=", parameters={masked}
2026-03-10 14:48:07 [DEBUG] RequestMappingHandlerMapping:522 - Mapped to com.railease.controller.UserController#bookTicket(Integer, String, String, HttpSession, RedirectAttributes)
2026-03-10 14:48:07 [ERROR] UserController:429 - Error redirecting to booking: Text '' could not be parsed at index 0
2026-03-10 14:48:07 [ERROR] UserController:429 - Error redirecting to booking: Text '' could not be parsed at index 0
2026-03-10 14:48:07 [DEBUG] RedirectView:309 - View name 'redirect:', model {}
2026-03-10 14:48:07 [DEBUG] DispatcherServlet:1131 - Completed 302 FOUND
2026-03-10 14:48:07 [DEBUG] DispatcherServlet:120 - GET "/RailEase/user/train-details/4", parameters={}
2026-03-10 14:48:07 [DEBUG] RequestMappingHandlerMapping:522 - Mapped to com.railease.controller.UserController#trainDetails(Integer, String, Model, HttpSession)
2026-03-10 14:48:07 [DEBUG] TrainServiceImpl:53 - Fetching train by number: 4
2026-03-10 14:48:07 [DEBUG] TrainServiceImpl:53 - Fetching train by number: 4
2026-03-10 14:48:07 [DEBUG] SQL:144 - 
    select
        train0_.train_no as train_no1_6_0_,
        train0_.ac_fare as ac_fare2_6_0_,
        train0_.ac_seats as ac_seats3_6_0_,
        train0_.arrival_time as arrival_4_6_0_,
        train0_.available_seats as availabl5_6_0_,
        train0_.created_at as created_6_6_0_,
        train0_.departure_time as departur7_6_0_,
        train0_.destination as destinat8_6_0_,
        train0_.destination_station as destinat9_6_0_,
        train0_.general_fare as general10_6_0_,
        train0_.general_seats as general11_6_0_,
        train0_.is_active as is_acti12_6_0_,
        train0_.journey_date as journey13_6_0_,
        train0_.sleeper_fare as sleeper14_6_0_,
        train0_.sleeper_seats as sleeper15_6_0_,
        train0_.source as source16_6_0_,
        train0_.source_station as source_17_6_0_,
        train0_.ticket_price as ticket_18_6_0_,
        train0_.train_name as train_n19_6_0_,
        train0_.travel_date as travel_20_6_0_,
        train0_.updated_at as updated21_6_0_ 
    from
        trains train0_ 
    where
        train0_.train_no=?
2026-03-10 14:48:07 [TRACE] BasicBinder:64 - binding parameter [1] as [INTEGER] - [4]
2026-03-10 14:48:07 [INFO ] BookingServiceImpl:763 - Getting available seats for train: 4, class: GENERAL, date: 2026-03-10
2026-03-10 14:48:07 [INFO ] BookingServiceImpl:763 - Getting available seats for train: 4, class: GENERAL, date: 2026-03-10
2026-03-10 14:48:07 [DEBUG] SQL:144 - 
    select
        train0_.train_no as train_no1_6_0_,
        train0_.ac_fare as ac_fare2_6_0_,
        train0_.ac_seats as ac_seats3_6_0_,
        train0_.arrival_time as arrival_4_6_0_,
        train0_.available_seats as availabl5_6_0_,
        train0_.created_at as created_6_6_0_,
        train0_.departure_time as departur7_6_0_,
        train0_.destination as destinat8_6_0_,
        train0_.destination_station as destinat9_6_0_,
        train0_.general_fare as general10_6_0_,
        train0_.general_seats as general11_6_0_,
        train0_.is_active as is_acti12_6_0_,
        train0_.journey_date as journey13_6_0_,
        train0_.sleeper_fare as sleeper14_6_0_,
        train0_.sleeper_seats as sleeper15_6_0_,
        train0_.source as source16_6_0_,
        train0_.source_station as source_17_6_0_,
        train0_.ticket_price as ticket_18_6_0_,
        train0_.train_name as train_n19_6_0_,
        train0_.travel_date as travel_20_6_0_,
        train0_.updated_at as updated21_6_0_ 
    from
        trains train0_ 
    where
        train0_.train_no=?
2026-03-10 14:48:07 [TRACE] BasicBinder:64 - binding parameter [1] as [INTEGER] - [4]
2026-03-10 14:48:07 [DEBUG] SQL:144 - 
    select
        coalesce(sum(ticket0_.number_of_seats),
        0) as col_0_0_ 
    from
        tickets ticket0_ 
    where
        ticket0_.train_no=? 
        and ticket0_.journey_date=? 
        and ticket0_.class_type=? 
        and ticket0_.ticket_status<>'CANCELLED'
2026-03-10 14:48:07 [TRACE] BasicBinder:64 - binding parameter [1] as [INTEGER] - [4]
2026-03-10 14:48:07 [TRACE] BasicBinder:64 - binding parameter [2] as [DATE] - [2026-03-10]
2026-03-10 14:48:07 [TRACE] BasicBinder:64 - binding parameter [3] as [VARCHAR] - [GENERAL]
2026-03-10 14:48:07 [DEBUG] DispatcherServlet:1131 - Completed 200 OK
2026-03-10 14:48:12 [DEBUG] DispatcherServlet:120 - GET "/RailEase/booking/process?trainNo=4&classType=GENERAL&journeyDate=2026-03-10", parameters={masked}
2026-03-10 14:48:12 [DEBUG] RequestMappingHandlerMapping:522 - Mapped to com.railease.controller.BookingController#showBookingForm(Integer, String, String, HttpSession, Model)
2026-03-10 14:48:12 [DEBUG] TrainServiceImpl:53 - Fetching train by number: 4
2026-03-10 14:48:12 [DEBUG] TrainServiceImpl:53 - Fetching train by number: 4
2026-03-10 14:48:12 [DEBUG] SQL:144 - 
    select
        train0_.train_no as train_no1_6_0_,
        train0_.ac_fare as ac_fare2_6_0_,
        train0_.ac_seats as ac_seats3_6_0_,
        train0_.arrival_time as arrival_4_6_0_,
        train0_.available_seats as availabl5_6_0_,
        train0_.created_at as created_6_6_0_,
        train0_.departure_time as departur7_6_0_,
        train0_.destination as destinat8_6_0_,
        train0_.destination_station as destinat9_6_0_,
        train0_.general_fare as general10_6_0_,
        train0_.general_seats as general11_6_0_,
        train0_.is_active as is_acti12_6_0_,
        train0_.journey_date as journey13_6_0_,
        train0_.sleeper_fare as sleeper14_6_0_,
        train0_.sleeper_seats as sleeper15_6_0_,
        train0_.source as source16_6_0_,
        train0_.source_station as source_17_6_0_,
        train0_.ticket_price as ticket_18_6_0_,
        train0_.train_name as train_n19_6_0_,
        train0_.travel_date as travel_20_6_0_,
        train0_.updated_at as updated21_6_0_ 
    from
        trains train0_ 
    where
        train0_.train_no=?
2026-03-10 14:48:12 [TRACE] BasicBinder:64 - binding parameter [1] as [INTEGER] - [4]
2026-03-10 14:48:12 [INFO ] BookingServiceImpl:763 - Getting available seats for train: 4, class: GENERAL, date: 2026-03-10
2026-03-10 14:48:12 [INFO ] BookingServiceImpl:763 - Getting available seats for train: 4, class: GENERAL, date: 2026-03-10
2026-03-10 14:48:12 [DEBUG] SQL:144 - 
    select
        train0_.train_no as train_no1_6_0_,
        train0_.ac_fare as ac_fare2_6_0_,
        train0_.ac_seats as ac_seats3_6_0_,
        train0_.arrival_time as arrival_4_6_0_,
        train0_.available_seats as availabl5_6_0_,
        train0_.created_at as created_6_6_0_,
        train0_.departure_time as departur7_6_0_,
        train0_.destination as destinat8_6_0_,
        train0_.destination_station as destinat9_6_0_,
        train0_.general_fare as general10_6_0_,
        train0_.general_seats as general11_6_0_,
        train0_.is_active as is_acti12_6_0_,
        train0_.journey_date as journey13_6_0_,
        train0_.sleeper_fare as sleeper14_6_0_,
        train0_.sleeper_seats as sleeper15_6_0_,
        train0_.source as source16_6_0_,
        train0_.source_station as source_17_6_0_,
        train0_.ticket_price as ticket_18_6_0_,
        train0_.train_name as train_n19_6_0_,
        train0_.travel_date as travel_20_6_0_,
        train0_.updated_at as updated21_6_0_ 
    from
        trains train0_ 
    where
        train0_.train_no=?
2026-03-10 14:48:12 [TRACE] BasicBinder:64 - binding parameter [1] as [INTEGER] - [4]
2026-03-10 14:48:12 [DEBUG] SQL:144 - 
    select
        coalesce(sum(ticket0_.number_of_seats),
        0) as col_0_0_ 
    from
        tickets ticket0_ 
    where
        ticket0_.train_no=? 
        and ticket0_.journey_date=? 
        and ticket0_.class_type=? 
        and ticket0_.ticket_status<>'CANCELLED'
2026-03-10 14:48:12 [TRACE] BasicBinder:64 - binding parameter [1] as [INTEGER] - [4]
2026-03-10 14:48:12 [TRACE] BasicBinder:64 - binding parameter [2] as [DATE] - [2026-03-10]
2026-03-10 14:48:12 [TRACE] BasicBinder:64 - binding parameter [3] as [VARCHAR] - [GENERAL]
2026-03-10 14:48:12 [DEBUG] DispatcherServlet:1131 - Completed 200 OK
2026-03-10 14:48:48 [DEBUG] DispatcherServlet:120 - POST "/RailEase/booking/confirm", parameters={masked}
2026-03-10 14:48:48 [DEBUG] RequestMappingHandlerMapping:522 - Mapped to com.railease.controller.BookingController#confirmBooking(Integer, String, Integer, String, String, Integer, String, HttpSession, RedirectAttributes)
2026-03-10 14:48:48 [INFO ] BookingServiceImpl:763 - Getting available seats for train: 4, class: GENERAL,GENERAL, date: 2026-03-10
2026-03-10 14:48:48 [INFO ] BookingServiceImpl:763 - Getting available seats for train: 4, class: GENERAL,GENERAL, date: 2026-03-10
2026-03-10 14:48:48 [DEBUG] SQL:144 - 
    select
        train0_.train_no as train_no1_6_0_,
        train0_.ac_fare as ac_fare2_6_0_,
        train0_.ac_seats as ac_seats3_6_0_,
        train0_.arrival_time as arrival_4_6_0_,
        train0_.available_seats as availabl5_6_0_,
        train0_.created_at as created_6_6_0_,
        train0_.departure_time as departur7_6_0_,
        train0_.destination as destinat8_6_0_,
        train0_.destination_station as destinat9_6_0_,
        train0_.general_fare as general10_6_0_,
        train0_.general_seats as general11_6_0_,
        train0_.is_active as is_acti12_6_0_,
        train0_.journey_date as journey13_6_0_,
        train0_.sleeper_fare as sleeper14_6_0_,
        train0_.sleeper_seats as sleeper15_6_0_,
        train0_.source as source16_6_0_,
        train0_.source_station as source_17_6_0_,
        train0_.ticket_price as ticket_18_6_0_,
        train0_.train_name as train_n19_6_0_,
        train0_.travel_date as travel_20_6_0_,
        train0_.updated_at as updated21_6_0_ 
    from
        trains train0_ 
    where
        train0_.train_no=?
2026-03-10 14:48:48 [TRACE] BasicBinder:64 - binding parameter [1] as [INTEGER] - [4]
2026-03-10 14:48:48 [DEBUG] SQL:144 - 
    select
        coalesce(sum(ticket0_.number_of_seats),
        0) as col_0_0_ 
    from
        tickets ticket0_ 
    where
        ticket0_.train_no=? 
        and ticket0_.journey_date=? 
        and ticket0_.class_type=? 
        and ticket0_.ticket_status<>'CANCELLED'
2026-03-10 14:48:48 [TRACE] BasicBinder:64 - binding parameter [1] as [INTEGER] - [4]
2026-03-10 14:48:48 [TRACE] BasicBinder:64 - binding parameter [2] as [DATE] - [2026-03-10]
2026-03-10 14:48:48 [TRACE] BasicBinder:64 - binding parameter [3] as [VARCHAR] - [GENERAL,GENERAL]
2026-03-10 14:48:48 [INFO ] BookingServiceImpl:48 - Creating ticket for user: 37, train: 4
2026-03-10 14:48:48 [INFO ] BookingServiceImpl:48 - Creating ticket for user: 37, train: 4
2026-03-10 14:48:48 [DEBUG] SQL:144 - 
    select
        user0_.user_id as user_id1_8_0_,
        user0_.created_at as created_2_8_0_,
        user0_.email as email3_8_0_,
        user0_.full_name as full_nam4_8_0_,
        user0_.is_enabled as is_enabl5_8_0_,
        user0_.last_login as last_log6_8_0_,
        user0_.mobile_number as mobile_n7_8_0_,
        user0_.password as password8_8_0_,
        user0_.profile_photo as profile_9_8_0_,
        user0_.profile_photo_content_type as profile10_8_0_,
        user0_.role as role11_8_0_,
        user0_.session_id as session12_8_0_,
        user0_.updated_at as updated13_8_0_,
        user0_.username as usernam14_8_0_ 
    from
        users user0_ 
    where
        user0_.user_id=?
2026-03-10 14:48:48 [TRACE] BasicBinder:64 - binding parameter [1] as [BIGINT] - [37]
2026-03-10 14:48:48 [DEBUG] SQL:144 - 
    select
        userprofil0_.profile_id as profile_1_7_0_,
        userprofil0_.address as address2_7_0_,
        userprofil0_.city as city3_7_0_,
        userprofil0_.date_of_birth as date_of_4_7_0_,
        userprofil0_.gender as gender5_7_0_,
        userprofil0_.id as id6_7_0_,
        userprofil0_.occupation as occupati7_7_0_,
        userprofil0_.pincode as pincode8_7_0_,
        userprofil0_.state as state9_7_0_,
        userprofil0_.user_id as user_id10_7_0_ 
    from
        user_profiles userprofil0_ 
    where
        userprofil0_.user_id=?
2026-03-10 14:48:48 [TRACE] BasicBinder:64 - binding parameter [1] as [BIGINT] - [37]
2026-03-10 14:48:48 [INFO ] BookingServiceImpl:763 - Getting available seats for train: 4, class: GENERAL,GENERAL, date: 2026-03-10
2026-03-10 14:48:48 [INFO ] BookingServiceImpl:763 - Getting available seats for train: 4, class: GENERAL,GENERAL, date: 2026-03-10
2026-03-10 14:48:48 [DEBUG] SQL:144 - 
    select
        coalesce(sum(ticket0_.number_of_seats),
        0) as col_0_0_ 
    from
        tickets ticket0_ 
    where
        ticket0_.train_no=? 
        and ticket0_.journey_date=? 
        and ticket0_.class_type=? 
        and ticket0_.ticket_status<>'CANCELLED'
2026-03-10 14:48:48 [TRACE] BasicBinder:64 - binding parameter [1] as [INTEGER] - [4]
2026-03-10 14:48:48 [TRACE] BasicBinder:64 - binding parameter [2] as [DATE] - [2026-03-10]
2026-03-10 14:48:48 [TRACE] BasicBinder:64 - binding parameter [3] as [VARCHAR] - [GENERAL,GENERAL]
2026-03-10 14:48:48 [DEBUG] SQL:144 - 
    select
        ticket0_.ticket_id as ticket_i1_4_0_,
        ticket0_.booking_date as booking_2_4_0_,
        ticket0_.booking_status as booking_3_4_0_,
        ticket0_.cancellation_charges as cancella4_4_0_,
        ticket0_.cancellation_date as cancella5_4_0_,
        ticket0_.cancellation_reason as cancella6_4_0_,
        ticket0_.cancellation_requested_date as cancella7_4_0_,
        ticket0_.class_type as class_ty8_4_0_,
        ticket0_.destination_station as destinat9_4_0_,
        ticket0_.journey_date as journey10_4_0_,
        ticket0_.meal_id as meal_id11_4_0_,
        ticket0_.meal_quantity as meal_qu12_4_0_,
        ticket0_.number_of_seats as number_13_4_0_,
        ticket0_.passenger_age as passeng14_4_0_,
        ticket0_.passenger_gender as passeng15_4_0_,
        ticket0_.passenger_name as passeng16_4_0_,
        ticket0_.payment_id as payment17_4_0_,
        ticket0_.payment_method as payment18_4_0_,
        ticket0_.payment_status as payment19_4_0_,
        ticket0_.refund_amount as refund_20_4_0_,
        ticket0_.refund_date as refund_21_4_0_,
        ticket0_.refund_percentage as refund_22_4_0_,
        ticket0_.refund_processed_date as refund_23_4_0_,
        ticket0_.refund_status as refund_24_4_0_,
        ticket0_.refund_transaction_id as refund_25_4_0_,
        ticket0_.source_station as source_26_4_0_,
        ticket0_.ticket_status as ticket_27_4_0_,
        ticket0_.total_fare as total_f28_4_0_,
        ticket0_.train_no as train_n29_4_0_,
        ticket0_.user_id as user_id30_4_0_ 
    from
        tickets ticket0_ 
    where
        ticket0_.ticket_id=?
2026-03-10 14:48:48 [TRACE] BasicBinder:64 - binding parameter [1] as [VARCHAR] - [TK2026031090821000]
2026-03-10 14:48:48 [INFO ] BookingServiceImpl:112 - Ticket created successfully with ID: TK2026031090821000
2026-03-10 14:48:48 [INFO ] BookingServiceImpl:112 - Ticket created successfully with ID: TK2026031090821000
2026-03-10 14:48:48 [DEBUG] SQL:144 - 
    insert 
    into
        tickets
        (booking_date, booking_status, cancellation_charges, cancellation_date, cancellation_reason, cancellation_requested_date, class_type, destination_station, journey_date, meal_id, meal_quantity, number_of_seats, passenger_age, passenger_gender, passenger_name, payment_id, payment_method, payment_status, refund_amount, refund_date, refund_percentage, refund_processed_date, refund_status, refund_transaction_id, source_station, ticket_status, total_fare, train_no, user_id, ticket_id) 
    values
        (?, ?, ?, ?, ?, ?, ?, ?, ?, ?, ?, ?, ?, ?, ?, ?, ?, ?, ?, ?, ?, ?, ?, ?, ?, ?, ?, ?, ?, ?)
2026-03-10 14:48:48 [TRACE] BasicBinder:64 - binding parameter [1] as [TIMESTAMP] - [2026-03-10T14:48:48.585992500]
2026-03-10 14:48:48 [TRACE] BasicBinder:64 - binding parameter [2] as [VARCHAR] - [PENDING]
2026-03-10 14:48:48 [TRACE] BasicBinder:52 - binding parameter [3] as [DOUBLE] - [null]
2026-03-10 14:48:48 [TRACE] BasicBinder:52 - binding parameter [4] as [TIMESTAMP] - [null]
2026-03-10 14:48:48 [TRACE] BasicBinder:52 - binding parameter [5] as [VARCHAR] - [null]
2026-03-10 14:48:48 [TRACE] BasicBinder:52 - binding parameter [6] as [TIMESTAMP] - [null]
2026-03-10 14:48:48 [TRACE] BasicBinder:64 - binding parameter [7] as [VARCHAR] - [GENERAL,GENERAL]
2026-03-10 14:48:48 [TRACE] BasicBinder:64 - binding parameter [8] as [VARCHAR] - [Okha]
2026-03-10 14:48:48 [TRACE] BasicBinder:64 - binding parameter [9] as [DATE] - [2026-03-10]
2026-03-10 14:48:48 [TRACE] BasicBinder:52 - binding parameter [10] as [BIGINT] - [null]
2026-03-10 14:48:48 [TRACE] BasicBinder:52 - binding parameter [11] as [INTEGER] - [null]
2026-03-10 14:48:48 [TRACE] BasicBinder:64 - binding parameter [12] as [INTEGER] - [1]
2026-03-10 14:48:48 [TRACE] BasicBinder:64 - binding parameter [13] as [INTEGER] - [51]
2026-03-10 14:48:48 [TRACE] BasicBinder:64 - binding parameter [14] as [VARCHAR] - [FEMALE]
2026-03-10 14:48:48 [TRACE] BasicBinder:64 - binding parameter [15] as [VARCHAR] - [Shivangi Kamadiya]
2026-03-10 14:48:48 [TRACE] BasicBinder:52 - binding parameter [16] as [VARCHAR] - [null]
2026-03-10 14:48:48 [TRACE] BasicBinder:52 - binding parameter [17] as [VARCHAR] - [null]
2026-03-10 14:48:48 [TRACE] BasicBinder:64 - binding parameter [18] as [VARCHAR] - [PENDING]
2026-03-10 14:48:48 [TRACE] BasicBinder:52 - binding parameter [19] as [DOUBLE] - [null]
2026-03-10 14:48:48 [TRACE] BasicBinder:52 - binding parameter [20] as [TIMESTAMP] - [null]
2026-03-10 14:48:48 [TRACE] BasicBinder:52 - binding parameter [21] as [DOUBLE] - [null]
2026-03-10 14:48:48 [TRACE] BasicBinder:52 - binding parameter [22] as [TIMESTAMP] - [null]
2026-03-10 14:48:48 [TRACE] BasicBinder:52 - binding parameter [23] as [VARCHAR] - [null]
2026-03-10 14:48:48 [TRACE] BasicBinder:52 - binding parameter [24] as [VARCHAR] - [null]
2026-03-10 14:48:48 [TRACE] BasicBinder:64 - binding parameter [25] as [VARCHAR] - [Rajkot]
2026-03-10 14:48:48 [TRACE] BasicBinder:64 - binding parameter [26] as [VARCHAR] - [PENDING]
2026-03-10 14:48:48 [TRACE] BasicBinder:64 - binding parameter [27] as [DOUBLE] - [577.5]
2026-03-10 14:48:48 [TRACE] BasicBinder:64 - binding parameter [28] as [INTEGER] - [4]
2026-03-10 14:48:48 [TRACE] BasicBinder:64 - binding parameter [29] as [BIGINT] - [37]
2026-03-10 14:48:48 [TRACE] BasicBinder:64 - binding parameter [30] as [VARCHAR] - [TK2026031090821000]
2026-03-10 14:48:49 [DEBUG] RedirectView:309 - View name 'redirect:', model {}
2026-03-10 14:48:49 [DEBUG] DispatcherServlet:1131 - Completed 302 FOUND
2026-03-10 14:48:49 [DEBUG] DispatcherServlet:120 - GET "/RailEase/booking/payment/TK2026031090821000", parameters={}
2026-03-10 14:48:49 [DEBUG] RequestMappingHandlerMapping:522 - Mapped to com.railease.controller.BookingController#showPaymentPage(String, HttpSession, Model)
2026-03-10 14:48:49 [DEBUG] SQL:144 - 
    select
        ticket0_.ticket_id as ticket_i1_4_0_,
        train1_.train_no as train_no1_6_1_,
        user2_.user_id as user_id1_8_2_,
        ticket0_.booking_date as booking_2_4_0_,
        ticket0_.booking_status as booking_3_4_0_,
        ticket0_.cancellation_charges as cancella4_4_0_,
        ticket0_.cancellation_date as cancella5_4_0_,
        ticket0_.cancellation_reason as cancella6_4_0_,
        ticket0_.cancellation_requested_date as cancella7_4_0_,
        ticket0_.class_type as class_ty8_4_0_,
        ticket0_.destination_station as destinat9_4_0_,
        ticket0_.journey_date as journey10_4_0_,
        ticket0_.meal_id as meal_id11_4_0_,
        ticket0_.meal_quantity as meal_qu12_4_0_,
        ticket0_.number_of_seats as number_13_4_0_,
        ticket0_.passenger_age as passeng14_4_0_,
        ticket0_.passenger_gender as passeng15_4_0_,
        ticket0_.passenger_name as passeng16_4_0_,
        ticket0_.payment_id as payment17_4_0_,
        ticket0_.payment_method as payment18_4_0_,
        ticket0_.payment_status as payment19_4_0_,
        ticket0_.refund_amount as refund_20_4_0_,
        ticket0_.refund_date as refund_21_4_0_,
        ticket0_.refund_percentage as refund_22_4_0_,
        ticket0_.refund_processed_date as refund_23_4_0_,
        ticket0_.refund_status as refund_24_4_0_,
        ticket0_.refund_transaction_id as refund_25_4_0_,
        ticket0_.source_station as source_26_4_0_,
        ticket0_.ticket_status as ticket_27_4_0_,
        ticket0_.total_fare as total_f28_4_0_,
        ticket0_.train_no as train_n29_4_0_,
        ticket0_.user_id as user_id30_4_0_,
        train1_.ac_fare as ac_fare2_6_1_,
        train1_.ac_seats as ac_seats3_6_1_,
        train1_.arrival_time as arrival_4_6_1_,
        train1_.available_seats as availabl5_6_1_,
        train1_.created_at as created_6_6_1_,
        train1_.departure_time as departur7_6_1_,
        train1_.destination as destinat8_6_1_,
        train1_.destination_station as destinat9_6_1_,
        train1_.general_fare as general10_6_1_,
        train1_.general_seats as general11_6_1_,
        train1_.is_active as is_acti12_6_1_,
        train1_.journey_date as journey13_6_1_,
        train1_.sleeper_fare as sleeper14_6_1_,
        train1_.sleeper_seats as sleeper15_6_1_,
        train1_.source as source16_6_1_,
        train1_.source_station as source_17_6_1_,
        train1_.ticket_price as ticket_18_6_1_,
        train1_.train_name as train_n19_6_1_,
        train1_.travel_date as travel_20_6_1_,
        train1_.updated_at as updated21_6_1_,
        user2_.created_at as created_2_8_2_,
        user2_.email as email3_8_2_,
        user2_.full_name as full_nam4_8_2_,
        user2_.is_enabled as is_enabl5_8_2_,
        user2_.last_login as last_log6_8_2_,
        user2_.mobile_number as mobile_n7_8_2_,
        user2_.password as password8_8_2_,
        user2_.profile_photo as profile_9_8_2_,
        user2_.profile_photo_content_type as profile10_8_2_,
        user2_.role as role11_8_2_,
        user2_.session_id as session12_8_2_,
        user2_.updated_at as updated13_8_2_,
        user2_.username as usernam14_8_2_ 
    from
        tickets ticket0_ 
    left outer join
        trains train1_ 
            on ticket0_.train_no=train1_.train_no 
    left outer join
        users user2_ 
            on ticket0_.user_id=user2_.user_id 
    where
        ticket0_.ticket_id=?
2026-03-10 14:48:49 [TRACE] BasicBinder:64 - binding parameter [1] as [VARCHAR] - [TK2026031090821000]
2026-03-10 14:48:49 [DEBUG] SQL:144 - 
    select
        userprofil0_.profile_id as profile_1_7_0_,
        userprofil0_.address as address2_7_0_,
        userprofil0_.city as city3_7_0_,
        userprofil0_.date_of_birth as date_of_4_7_0_,
        userprofil0_.gender as gender5_7_0_,
        userprofil0_.id as id6_7_0_,
        userprofil0_.occupation as occupati7_7_0_,
        userprofil0_.pincode as pincode8_7_0_,
        userprofil0_.state as state9_7_0_,
        userprofil0_.user_id as user_id10_7_0_ 
    from
        user_profiles userprofil0_ 
    where
        userprofil0_.user_id=?
2026-03-10 14:48:49 [TRACE] BasicBinder:64 - binding parameter [1] as [BIGINT] - [37]
2026-03-10 14:48:49 [DEBUG] DispatcherServlet:1131 - Completed 200 OK
2026-03-10 14:49:43 [DEBUG] DispatcherServlet:120 - GET "/RailEase/", parameters={}
2026-03-10 14:49:43 [DEBUG] RequestMappingHandlerMapping:522 - Mapped to com.railease.controller.HomeController#home(HttpSession)
2026-03-10 14:49:43 [DEBUG] RedirectView:309 - View name 'redirect:', model {}
2026-03-10 14:49:43 [DEBUG] DispatcherServlet:1131 - Completed 302 FOUND
2026-03-10 14:49:43 [DEBUG] DispatcherServlet:120 - GET "/RailEase/user/dashboard", parameters={}
2026-03-10 14:49:43 [DEBUG] RequestMappingHandlerMapping:522 - Mapped to com.railease.controller.UserController#dashboard(HttpSession, Model)
2026-03-10 14:49:43 [DEBUG] SQL:144 - 
    select
        count(ticket0_.ticket_id) as col_0_0_ 
    from
        tickets ticket0_ 
    where
        ticket0_.user_id=?
2026-03-10 14:49:43 [TRACE] BasicBinder:64 - binding parameter [1] as [BIGINT] - [37]
2026-03-10 14:49:43 [DEBUG] SQL:144 - 
    select
        count(ticket0_.ticket_id) as col_0_0_ 
    from
        tickets ticket0_ 
    where
        ticket0_.user_id=? 
        and ticket0_.journey_date>=CURRENT_DATE 
        and ticket0_.ticket_status='CONFIRMED'
2026-03-10 14:49:43 [TRACE] BasicBinder:64 - binding parameter [1] as [BIGINT] - [37]
2026-03-10 14:49:43 [INFO ] BookingServiceImpl:752 - Calculating total spent for user: 37
2026-03-10 14:49:43 [INFO ] BookingServiceImpl:752 - Calculating total spent for user: 37
2026-03-10 14:49:43 [DEBUG] SQL:144 - 
    select
        user0_.user_id as user_id1_8_0_,
        user0_.created_at as created_2_8_0_,
        user0_.email as email3_8_0_,
        user0_.full_name as full_nam4_8_0_,
        user0_.is_enabled as is_enabl5_8_0_,
        user0_.last_login as last_log6_8_0_,
        user0_.mobile_number as mobile_n7_8_0_,
        user0_.password as password8_8_0_,
        user0_.profile_photo as profile_9_8_0_,
        user0_.profile_photo_content_type as profile10_8_0_,
        user0_.role as role11_8_0_,
        user0_.session_id as session12_8_0_,
        user0_.updated_at as updated13_8_0_,
        user0_.username as usernam14_8_0_ 
    from
        users user0_ 
    where
        user0_.user_id=?
2026-03-10 14:49:43 [TRACE] BasicBinder:64 - binding parameter [1] as [BIGINT] - [37]
2026-03-10 14:49:43 [DEBUG] SQL:144 - 
    select
        userprofil0_.profile_id as profile_1_7_0_,
        userprofil0_.address as address2_7_0_,
        userprofil0_.city as city3_7_0_,
        userprofil0_.date_of_birth as date_of_4_7_0_,
        userprofil0_.gender as gender5_7_0_,
        userprofil0_.id as id6_7_0_,
        userprofil0_.occupation as occupati7_7_0_,
        userprofil0_.pincode as pincode8_7_0_,
        userprofil0_.state as state9_7_0_,
        userprofil0_.user_id as user_id10_7_0_ 
    from
        user_profiles userprofil0_ 
    where
        userprofil0_.user_id=?
2026-03-10 14:49:43 [TRACE] BasicBinder:64 - binding parameter [1] as [BIGINT] - [37]
2026-03-10 14:49:43 [DEBUG] SQL:144 - 
    select
        ticket0_.ticket_id as ticket_i1_4_0_,
        train1_.train_no as train_no1_6_1_,
        ticket0_.booking_date as booking_2_4_0_,
        ticket0_.booking_status as booking_3_4_0_,
        ticket0_.cancellation_charges as cancella4_4_0_,
        ticket0_.cancellation_date as cancella5_4_0_,
        ticket0_.cancellation_reason as cancella6_4_0_,
        ticket0_.cancellation_requested_date as cancella7_4_0_,
        ticket0_.class_type as class_ty8_4_0_,
        ticket0_.destination_station as destinat9_4_0_,
        ticket0_.journey_date as journey10_4_0_,
        ticket0_.meal_id as meal_id11_4_0_,
        ticket0_.meal_quantity as meal_qu12_4_0_,
        ticket0_.number_of_seats as number_13_4_0_,
        ticket0_.passenger_age as passeng14_4_0_,
        ticket0_.passenger_gender as passeng15_4_0_,
        ticket0_.passenger_name as passeng16_4_0_,
        ticket0_.payment_id as payment17_4_0_,
        ticket0_.payment_method as payment18_4_0_,
        ticket0_.payment_status as payment19_4_0_,
        ticket0_.refund_amount as refund_20_4_0_,
        ticket0_.refund_date as refund_21_4_0_,
        ticket0_.refund_percentage as refund_22_4_0_,
        ticket0_.refund_processed_date as refund_23_4_0_,
        ticket0_.refund_status as refund_24_4_0_,
        ticket0_.refund_transaction_id as refund_25_4_0_,
        ticket0_.source_station as source_26_4_0_,
        ticket0_.ticket_status as ticket_27_4_0_,
        ticket0_.total_fare as total_f28_4_0_,
        ticket0_.train_no as train_n29_4_0_,
        ticket0_.user_id as user_id30_4_0_,
        train1_.ac_fare as ac_fare2_6_1_,
        train1_.ac_seats as ac_seats3_6_1_,
        train1_.arrival_time as arrival_4_6_1_,
        train1_.available_seats as availabl5_6_1_,
        train1_.created_at as created_6_6_1_,
        train1_.departure_time as departur7_6_1_,
        train1_.destination as destinat8_6_1_,
        train1_.destination_station as destinat9_6_1_,
        train1_.general_fare as general10_6_1_,
        train1_.general_seats as general11_6_1_,
        train1_.is_active as is_acti12_6_1_,
        train1_.journey_date as journey13_6_1_,
        train1_.sleeper_fare as sleeper14_6_1_,
        train1_.sleeper_seats as sleeper15_6_1_,
        train1_.source as source16_6_1_,
        train1_.source_station as source_17_6_1_,
        train1_.ticket_price as ticket_18_6_1_,
        train1_.train_name as train_n19_6_1_,
        train1_.travel_date as travel_20_6_1_,
        train1_.updated_at as updated21_6_1_ 
    from
        tickets ticket0_ 
    left outer join
        trains train1_ 
            on ticket0_.train_no=train1_.train_no 
    where
        ticket0_.user_id=? 
    order by
        ticket0_.booking_date DESC
2026-03-10 14:49:43 [TRACE] BasicBinder:64 - binding parameter [1] as [BIGINT] - [37]
2026-03-10 14:49:44 [DEBUG] SQL:144 - 
    select
        user0_.user_id as user_id1_8_0_,
        user0_.created_at as created_2_8_0_,
        user0_.email as email3_8_0_,
        user0_.full_name as full_nam4_8_0_,
        user0_.is_enabled as is_enabl5_8_0_,
        user0_.last_login as last_log6_8_0_,
        user0_.mobile_number as mobile_n7_8_0_,
        user0_.password as password8_8_0_,
        user0_.profile_photo as profile_9_8_0_,
        user0_.profile_photo_content_type as profile10_8_0_,
        user0_.role as role11_8_0_,
        user0_.session_id as session12_8_0_,
        user0_.updated_at as updated13_8_0_,
        user0_.username as usernam14_8_0_ 
    from
        users user0_ 
    where
        user0_.user_id=?
2026-03-10 14:49:44 [TRACE] BasicBinder:64 - binding parameter [1] as [BIGINT] - [37]
2026-03-10 14:49:44 [DEBUG] SQL:144 - 
    select
        userprofil0_.profile_id as profile_1_7_0_,
        userprofil0_.address as address2_7_0_,
        userprofil0_.city as city3_7_0_,
        userprofil0_.date_of_birth as date_of_4_7_0_,
        userprofil0_.gender as gender5_7_0_,
        userprofil0_.id as id6_7_0_,
        userprofil0_.occupation as occupati7_7_0_,
        userprofil0_.pincode as pincode8_7_0_,
        userprofil0_.state as state9_7_0_,
        userprofil0_.user_id as user_id10_7_0_ 
    from
        user_profiles userprofil0_ 
    where
        userprofil0_.user_id=?
2026-03-10 14:49:44 [TRACE] BasicBinder:64 - binding parameter [1] as [BIGINT] - [37]
2026-03-10 14:49:44 [DEBUG] SQL:144 - 
    select
        ticket0_.ticket_id as ticket_i1_4_0_,
        train1_.train_no as train_no1_6_1_,
        ticket0_.booking_date as booking_2_4_0_,
        ticket0_.booking_status as booking_3_4_0_,
        ticket0_.cancellation_charges as cancella4_4_0_,
        ticket0_.cancellation_date as cancella5_4_0_,
        ticket0_.cancellation_reason as cancella6_4_0_,
        ticket0_.cancellation_requested_date as cancella7_4_0_,
        ticket0_.class_type as class_ty8_4_0_,
        ticket0_.destination_station as destinat9_4_0_,
        ticket0_.journey_date as journey10_4_0_,
        ticket0_.meal_id as meal_id11_4_0_,
        ticket0_.meal_quantity as meal_qu12_4_0_,
        ticket0_.number_of_seats as number_13_4_0_,
        ticket0_.passenger_age as passeng14_4_0_,
        ticket0_.passenger_gender as passeng15_4_0_,
        ticket0_.passenger_name as passeng16_4_0_,
        ticket0_.payment_id as payment17_4_0_,
        ticket0_.payment_method as payment18_4_0_,
        ticket0_.payment_status as payment19_4_0_,
        ticket0_.refund_amount as refund_20_4_0_,
        ticket0_.refund_date as refund_21_4_0_,
        ticket0_.refund_percentage as refund_22_4_0_,
        ticket0_.refund_processed_date as refund_23_4_0_,
        ticket0_.refund_status as refund_24_4_0_,
        ticket0_.refund_transaction_id as refund_25_4_0_,
        ticket0_.source_station as source_26_4_0_,
        ticket0_.ticket_status as ticket_27_4_0_,
        ticket0_.total_fare as total_f28_4_0_,
        ticket0_.train_no as train_n29_4_0_,
        ticket0_.user_id as user_id30_4_0_,
        train1_.ac_fare as ac_fare2_6_1_,
        train1_.ac_seats as ac_seats3_6_1_,
        train1_.arrival_time as arrival_4_6_1_,
        train1_.available_seats as availabl5_6_1_,
        train1_.created_at as created_6_6_1_,
        train1_.departure_time as departur7_6_1_,
        train1_.destination as destinat8_6_1_,
        train1_.destination_station as destinat9_6_1_,
        train1_.general_fare as general10_6_1_,
        train1_.general_seats as general11_6_1_,
        train1_.is_active as is_acti12_6_1_,
        train1_.journey_date as journey13_6_1_,
        train1_.sleeper_fare as sleeper14_6_1_,
        train1_.sleeper_seats as sleeper15_6_1_,
        train1_.source as source16_6_1_,
        train1_.source_station as source_17_6_1_,
        train1_.ticket_price as ticket_18_6_1_,
        train1_.train_name as train_n19_6_1_,
        train1_.travel_date as travel_20_6_1_,
        train1_.updated_at as updated21_6_1_ 
    from
        tickets ticket0_ 
    left outer join
        trains train1_ 
            on ticket0_.train_no=train1_.train_no 
    where
        ticket0_.user_id=? 
    order by
        ticket0_.booking_date DESC limit ?
2026-03-10 14:49:44 [TRACE] BasicBinder:64 - binding parameter [1] as [BIGINT] - [37]
2026-03-10 14:49:44 [INFO ] BookingServiceImpl:170 - Fetching active bookings for user: 37
2026-03-10 14:49:44 [INFO ] BookingServiceImpl:170 - Fetching active bookings for user: 37
2026-03-10 14:49:44 [DEBUG] SQL:144 - 
    select
        ticket0_.ticket_id as ticket_i1_4_0_,
        train1_.train_no as train_no1_6_1_,
        ticket0_.booking_date as booking_2_4_0_,
        ticket0_.booking_status as booking_3_4_0_,
        ticket0_.cancellation_charges as cancella4_4_0_,
        ticket0_.cancellation_date as cancella5_4_0_,
        ticket0_.cancellation_reason as cancella6_4_0_,
        ticket0_.cancellation_requested_date as cancella7_4_0_,
        ticket0_.class_type as class_ty8_4_0_,
        ticket0_.destination_station as destinat9_4_0_,
        ticket0_.journey_date as journey10_4_0_,
        ticket0_.meal_id as meal_id11_4_0_,
        ticket0_.meal_quantity as meal_qu12_4_0_,
        ticket0_.number_of_seats as number_13_4_0_,
        ticket0_.passenger_age as passeng14_4_0_,
        ticket0_.passenger_gender as passeng15_4_0_,
        ticket0_.passenger_name as passeng16_4_0_,
        ticket0_.payment_id as payment17_4_0_,
        ticket0_.payment_method as payment18_4_0_,
        ticket0_.payment_status as payment19_4_0_,
        ticket0_.refund_amount as refund_20_4_0_,
        ticket0_.refund_date as refund_21_4_0_,
        ticket0_.refund_percentage as refund_22_4_0_,
        ticket0_.refund_processed_date as refund_23_4_0_,
        ticket0_.refund_status as refund_24_4_0_,
        ticket0_.refund_transaction_id as refund_25_4_0_,
        ticket0_.source_station as source_26_4_0_,
        ticket0_.ticket_status as ticket_27_4_0_,
        ticket0_.total_fare as total_f28_4_0_,
        ticket0_.train_no as train_n29_4_0_,
        ticket0_.user_id as user_id30_4_0_,
        train1_.ac_fare as ac_fare2_6_1_,
        train1_.ac_seats as ac_seats3_6_1_,
        train1_.arrival_time as arrival_4_6_1_,
        train1_.available_seats as availabl5_6_1_,
        train1_.created_at as created_6_6_1_,
        train1_.departure_time as departur7_6_1_,
        train1_.destination as destinat8_6_1_,
        train1_.destination_station as destinat9_6_1_,
        train1_.general_fare as general10_6_1_,
        train1_.general_seats as general11_6_1_,
        train1_.is_active as is_acti12_6_1_,
        train1_.journey_date as journey13_6_1_,
        train1_.sleeper_fare as sleeper14_6_1_,
        train1_.sleeper_seats as sleeper15_6_1_,
        train1_.source as source16_6_1_,
        train1_.source_station as source_17_6_1_,
        train1_.ticket_price as ticket_18_6_1_,
        train1_.train_name as train_n19_6_1_,
        train1_.travel_date as travel_20_6_1_,
        train1_.updated_at as updated21_6_1_ 
    from
        tickets ticket0_ 
    left outer join
        trains train1_ 
            on ticket0_.train_no=train1_.train_no 
    where
        ticket0_.user_id=? 
        and ticket0_.journey_date>=CURRENT_DATE 
        and ticket0_.ticket_status='CONFIRMED'
2026-03-10 14:49:44 [TRACE] BasicBinder:64 - binding parameter [1] as [BIGINT] - [37]
2026-03-10 14:49:44 [INFO ] BookingServiceImpl:176 - Fetching past bookings for user: 37
2026-03-10 14:49:44 [INFO ] BookingServiceImpl:176 - Fetching past bookings for user: 37
2026-03-10 14:49:44 [DEBUG] SQL:144 - 
    select
        ticket0_.ticket_id as ticket_i1_4_0_,
        train1_.train_no as train_no1_6_1_,
        ticket0_.booking_date as booking_2_4_0_,
        ticket0_.booking_status as booking_3_4_0_,
        ticket0_.cancellation_charges as cancella4_4_0_,
        ticket0_.cancellation_date as cancella5_4_0_,
        ticket0_.cancellation_reason as cancella6_4_0_,
        ticket0_.cancellation_requested_date as cancella7_4_0_,
        ticket0_.class_type as class_ty8_4_0_,
        ticket0_.destination_station as destinat9_4_0_,
        ticket0_.journey_date as journey10_4_0_,
        ticket0_.meal_id as meal_id11_4_0_,
        ticket0_.meal_quantity as meal_qu12_4_0_,
        ticket0_.number_of_seats as number_13_4_0_,
        ticket0_.passenger_age as passeng14_4_0_,
        ticket0_.passenger_gender as passeng15_4_0_,
        ticket0_.passenger_name as passeng16_4_0_,
        ticket0_.payment_id as payment17_4_0_,
        ticket0_.payment_method as payment18_4_0_,
        ticket0_.payment_status as payment19_4_0_,
        ticket0_.refund_amount as refund_20_4_0_,
        ticket0_.refund_date as refund_21_4_0_,
        ticket0_.refund_percentage as refund_22_4_0_,
        ticket0_.refund_processed_date as refund_23_4_0_,
        ticket0_.refund_status as refund_24_4_0_,
        ticket0_.refund_transaction_id as refund_25_4_0_,
        ticket0_.source_station as source_26_4_0_,
        ticket0_.ticket_status as ticket_27_4_0_,
        ticket0_.total_fare as total_f28_4_0_,
        ticket0_.train_no as train_n29_4_0_,
        ticket0_.user_id as user_id30_4_0_,
        train1_.ac_fare as ac_fare2_6_1_,
        train1_.ac_seats as ac_seats3_6_1_,
        train1_.arrival_time as arrival_4_6_1_,
        train1_.available_seats as availabl5_6_1_,
        train1_.created_at as created_6_6_1_,
        train1_.departure_time as departur7_6_1_,
        train1_.destination as destinat8_6_1_,
        train1_.destination_station as destinat9_6_1_,
        train1_.general_fare as general10_6_1_,
        train1_.general_seats as general11_6_1_,
        train1_.is_active as is_acti12_6_1_,
        train1_.journey_date as journey13_6_1_,
        train1_.sleeper_fare as sleeper14_6_1_,
        train1_.sleeper_seats as sleeper15_6_1_,
        train1_.source as source16_6_1_,
        train1_.source_station as source_17_6_1_,
        train1_.ticket_price as ticket_18_6_1_,
        train1_.train_name as train_n19_6_1_,
        train1_.travel_date as travel_20_6_1_,
        train1_.updated_at as updated21_6_1_ 
    from
        tickets ticket0_ 
    left outer join
        trains train1_ 
            on ticket0_.train_no=train1_.train_no 
    where
        ticket0_.user_id=? 
        and ticket0_.journey_date<CURRENT_DATE
2026-03-10 14:49:44 [TRACE] BasicBinder:64 - binding parameter [1] as [BIGINT] - [37]
2026-03-10 14:49:44 [INFO ] MealServiceImpl:180 - Fetching meal orders for user: 37
2026-03-10 14:49:44 [INFO ] MealServiceImpl:180 - Fetching meal orders for user: 37
2026-03-10 14:49:44 [DEBUG] SQL:144 - 
    select
        user0_.user_id as user_id1_8_0_,
        user0_.created_at as created_2_8_0_,
        user0_.email as email3_8_0_,
        user0_.full_name as full_nam4_8_0_,
        user0_.is_enabled as is_enabl5_8_0_,
        user0_.last_login as last_log6_8_0_,
        user0_.mobile_number as mobile_n7_8_0_,
        user0_.password as password8_8_0_,
        user0_.profile_photo as profile_9_8_0_,
        user0_.profile_photo_content_type as profile10_8_0_,
        user0_.role as role11_8_0_,
        user0_.session_id as session12_8_0_,
        user0_.updated_at as updated13_8_0_,
        user0_.username as usernam14_8_0_ 
    from
        users user0_ 
    where
        user0_.user_id=?
2026-03-10 14:49:44 [TRACE] BasicBinder:64 - binding parameter [1] as [BIGINT] - [37]
2026-03-10 14:49:44 [DEBUG] SQL:144 - 
    select
        userprofil0_.profile_id as profile_1_7_0_,
        userprofil0_.address as address2_7_0_,
        userprofil0_.city as city3_7_0_,
        userprofil0_.date_of_birth as date_of_4_7_0_,
        userprofil0_.gender as gender5_7_0_,
        userprofil0_.id as id6_7_0_,
        userprofil0_.occupation as occupati7_7_0_,
        userprofil0_.pincode as pincode8_7_0_,
        userprofil0_.state as state9_7_0_,
        userprofil0_.user_id as user_id10_7_0_ 
    from
        user_profiles userprofil0_ 
    where
        userprofil0_.user_id=?
2026-03-10 14:49:44 [TRACE] BasicBinder:64 - binding parameter [1] as [BIGINT] - [37]
2026-03-10 14:49:44 [DEBUG] SQL:144 - 
    select
        mealorder0_.order_id as order_id1_0_,
        mealorder0_.cancellation_date as cancella2_0_,
        mealorder0_.cancellation_reason as cancella3_0_,
        mealorder0_.delivery_station as delivery4_0_,
        mealorder0_.delivery_status as delivery5_0_,
        mealorder0_.id as id6_0_,
        mealorder0_.meal_id as meal_id13_0_,
        mealorder0_.order_date as order_da7_0_,
        mealorder0_.quantity as quantity8_0_,
        mealorder0_.refund_amount as refund_a9_0_,
        mealorder0_.refund_status as refund_10_0_,
        mealorder0_.special_instructions as special11_0_,
        mealorder0_.ticket_id as ticket_14_0_,
        mealorder0_.total_price as total_p12_0_,
        mealorder0_.user_id as user_id15_0_ 
    from
        meal_orders mealorder0_ 
    where
        mealorder0_.user_id=? 
    order by
        mealorder0_.order_date desc
2026-03-10 14:49:44 [TRACE] BasicBinder:64 - binding parameter [1] as [BIGINT] - [37]
2026-03-10 14:49:44 [INFO ] MealServiceImpl:42 - Fetching available meals
2026-03-10 14:49:44 [INFO ] MealServiceImpl:42 - Fetching available meals
2026-03-10 14:49:44 [DEBUG] SQL:144 - 
    select
        meal0_.meal_id as meal_id1_1_,
        meal0_.availability_status as availabi2_1_,
        meal0_.created_at as created_3_1_,
        meal0_.description as descript4_1_,
        meal0_.image as image5_1_,
        meal0_.image_content_type as image_co6_1_,
        meal0_.image_url as image_ur7_1_,
        meal0_.is_available as is_avail8_1_,
        meal0_.meal_name as meal_nam9_1_,
        meal0_.meal_type as meal_ty10_1_,
        meal0_.preparation_time as prepara11_1_,
        meal0_.price as price12_1_,
        meal0_.updated_at as updated13_1_ 
    from
        meals meal0_ 
    where
        meal0_.availability_status=1
2026-03-10 14:49:44 [DEBUG] SQL:144 - 
    select
        count(ticket0_.ticket_id) as col_0_0_ 
    from
        tickets ticket0_ 
    where
        ticket0_.user_id=? 
        and ticket0_.refund_status='PENDING'
2026-03-10 14:49:44 [TRACE] BasicBinder:64 - binding parameter [1] as [BIGINT] - [37]
2026-03-10 14:49:44 [DEBUG] SQL:144 - 
    select
        count(ticket0_.ticket_id) as col_0_0_ 
    from
        tickets ticket0_ 
    where
        ticket0_.user_id=? 
        and ticket0_.refund_status='PROCESSING'
2026-03-10 14:49:44 [TRACE] BasicBinder:64 - binding parameter [1] as [BIGINT] - [37]
2026-03-10 14:49:44 [DEBUG] SQL:144 - 
    select
        count(ticket0_.ticket_id) as col_0_0_ 
    from
        tickets ticket0_ 
    where
        ticket0_.user_id=? 
        and ticket0_.refund_status='COMPLETED'
2026-03-10 14:49:44 [TRACE] BasicBinder:64 - binding parameter [1] as [BIGINT] - [37]
2026-03-10 14:49:44 [DEBUG] DispatcherServlet:1131 - Completed 200 OK
2026-03-10 14:49:51 [DEBUG] DispatcherServlet:120 - GET "/RailEase/user/my-bookings", parameters={}
2026-03-10 14:49:51 [DEBUG] RequestMappingHandlerMapping:522 - Mapped to com.railease.controller.UserController#myBookings(Model, HttpSession)
2026-03-10 14:49:51 [DEBUG] SQL:144 - 
    select
        user0_.user_id as user_id1_8_0_,
        user0_.created_at as created_2_8_0_,
        user0_.email as email3_8_0_,
        user0_.full_name as full_nam4_8_0_,
        user0_.is_enabled as is_enabl5_8_0_,
        user0_.last_login as last_log6_8_0_,
        user0_.mobile_number as mobile_n7_8_0_,
        user0_.password as password8_8_0_,
        user0_.profile_photo as profile_9_8_0_,
        user0_.profile_photo_content_type as profile10_8_0_,
        user0_.role as role11_8_0_,
        user0_.session_id as session12_8_0_,
        user0_.updated_at as updated13_8_0_,
        user0_.username as usernam14_8_0_ 
    from
        users user0_ 
    where
        user0_.user_id=?
2026-03-10 14:49:51 [TRACE] BasicBinder:64 - binding parameter [1] as [BIGINT] - [37]
2026-03-10 14:49:51 [DEBUG] SQL:144 - 
    select
        userprofil0_.profile_id as profile_1_7_0_,
        userprofil0_.address as address2_7_0_,
        userprofil0_.city as city3_7_0_,
        userprofil0_.date_of_birth as date_of_4_7_0_,
        userprofil0_.gender as gender5_7_0_,
        userprofil0_.id as id6_7_0_,
        userprofil0_.occupation as occupati7_7_0_,
        userprofil0_.pincode as pincode8_7_0_,
        userprofil0_.state as state9_7_0_,
        userprofil0_.user_id as user_id10_7_0_ 
    from
        user_profiles userprofil0_ 
    where
        userprofil0_.user_id=?
2026-03-10 14:49:51 [TRACE] BasicBinder:64 - binding parameter [1] as [BIGINT] - [37]
2026-03-10 14:49:51 [DEBUG] SQL:144 - 
    select
        ticket0_.ticket_id as ticket_i1_4_0_,
        train1_.train_no as train_no1_6_1_,
        ticket0_.booking_date as booking_2_4_0_,
        ticket0_.booking_status as booking_3_4_0_,
        ticket0_.cancellation_charges as cancella4_4_0_,
        ticket0_.cancellation_date as cancella5_4_0_,
        ticket0_.cancellation_reason as cancella6_4_0_,
        ticket0_.cancellation_requested_date as cancella7_4_0_,
        ticket0_.class_type as class_ty8_4_0_,
        ticket0_.destination_station as destinat9_4_0_,
        ticket0_.journey_date as journey10_4_0_,
        ticket0_.meal_id as meal_id11_4_0_,
        ticket0_.meal_quantity as meal_qu12_4_0_,
        ticket0_.number_of_seats as number_13_4_0_,
        ticket0_.passenger_age as passeng14_4_0_,
        ticket0_.passenger_gender as passeng15_4_0_,
        ticket0_.passenger_name as passeng16_4_0_,
        ticket0_.payment_id as payment17_4_0_,
        ticket0_.payment_method as payment18_4_0_,
        ticket0_.payment_status as payment19_4_0_,
        ticket0_.refund_amount as refund_20_4_0_,
        ticket0_.refund_date as refund_21_4_0_,
        ticket0_.refund_percentage as refund_22_4_0_,
        ticket0_.refund_processed_date as refund_23_4_0_,
        ticket0_.refund_status as refund_24_4_0_,
        ticket0_.refund_transaction_id as refund_25_4_0_,
        ticket0_.source_station as source_26_4_0_,
        ticket0_.ticket_status as ticket_27_4_0_,
        ticket0_.total_fare as total_f28_4_0_,
        ticket0_.train_no as train_n29_4_0_,
        ticket0_.user_id as user_id30_4_0_,
        train1_.ac_fare as ac_fare2_6_1_,
        train1_.ac_seats as ac_seats3_6_1_,
        train1_.arrival_time as arrival_4_6_1_,
        train1_.available_seats as availabl5_6_1_,
        train1_.created_at as created_6_6_1_,
        train1_.departure_time as departur7_6_1_,
        train1_.destination as destinat8_6_1_,
        train1_.destination_station as destinat9_6_1_,
        train1_.general_fare as general10_6_1_,
        train1_.general_seats as general11_6_1_,
        train1_.is_active as is_acti12_6_1_,
        train1_.journey_date as journey13_6_1_,
        train1_.sleeper_fare as sleeper14_6_1_,
        train1_.sleeper_seats as sleeper15_6_1_,
        train1_.source as source16_6_1_,
        train1_.source_station as source_17_6_1_,
        train1_.ticket_price as ticket_18_6_1_,
        train1_.train_name as train_n19_6_1_,
        train1_.travel_date as travel_20_6_1_,
        train1_.updated_at as updated21_6_1_ 
    from
        tickets ticket0_ 
    left outer join
        trains train1_ 
            on ticket0_.train_no=train1_.train_no 
    where
        ticket0_.user_id=? 
    order by
        ticket0_.booking_date DESC
2026-03-10 14:49:51 [TRACE] BasicBinder:64 - binding parameter [1] as [BIGINT] - [37]
2026-03-10 14:49:51 [INFO ] BookingServiceImpl:170 - Fetching active bookings for user: 37
2026-03-10 14:49:51 [INFO ] BookingServiceImpl:170 - Fetching active bookings for user: 37
2026-03-10 14:49:51 [DEBUG] SQL:144 - 
    select
        ticket0_.ticket_id as ticket_i1_4_0_,
        train1_.train_no as train_no1_6_1_,
        ticket0_.booking_date as booking_2_4_0_,
        ticket0_.booking_status as booking_3_4_0_,
        ticket0_.cancellation_charges as cancella4_4_0_,
        ticket0_.cancellation_date as cancella5_4_0_,
        ticket0_.cancellation_reason as cancella6_4_0_,
        ticket0_.cancellation_requested_date as cancella7_4_0_,
        ticket0_.class_type as class_ty8_4_0_,
        ticket0_.destination_station as destinat9_4_0_,
        ticket0_.journey_date as journey10_4_0_,
        ticket0_.meal_id as meal_id11_4_0_,
        ticket0_.meal_quantity as meal_qu12_4_0_,
        ticket0_.number_of_seats as number_13_4_0_,
        ticket0_.passenger_age as passeng14_4_0_,
        ticket0_.passenger_gender as passeng15_4_0_,
        ticket0_.passenger_name as passeng16_4_0_,
        ticket0_.payment_id as payment17_4_0_,
        ticket0_.payment_method as payment18_4_0_,
        ticket0_.payment_status as payment19_4_0_,
        ticket0_.refund_amount as refund_20_4_0_,
        ticket0_.refund_date as refund_21_4_0_,
        ticket0_.refund_percentage as refund_22_4_0_,
        ticket0_.refund_processed_date as refund_23_4_0_,
        ticket0_.refund_status as refund_24_4_0_,
        ticket0_.refund_transaction_id as refund_25_4_0_,
        ticket0_.source_station as source_26_4_0_,
        ticket0_.ticket_status as ticket_27_4_0_,
        ticket0_.total_fare as total_f28_4_0_,
        ticket0_.train_no as train_n29_4_0_,
        ticket0_.user_id as user_id30_4_0_,
        train1_.ac_fare as ac_fare2_6_1_,
        train1_.ac_seats as ac_seats3_6_1_,
        train1_.arrival_time as arrival_4_6_1_,
        train1_.available_seats as availabl5_6_1_,
        train1_.created_at as created_6_6_1_,
        train1_.departure_time as departur7_6_1_,
        train1_.destination as destinat8_6_1_,
        train1_.destination_station as destinat9_6_1_,
        train1_.general_fare as general10_6_1_,
        train1_.general_seats as general11_6_1_,
        train1_.is_active as is_acti12_6_1_,
        train1_.journey_date as journey13_6_1_,
        train1_.sleeper_fare as sleeper14_6_1_,
        train1_.sleeper_seats as sleeper15_6_1_,
        train1_.source as source16_6_1_,
        train1_.source_station as source_17_6_1_,
        train1_.ticket_price as ticket_18_6_1_,
        train1_.train_name as train_n19_6_1_,
        train1_.travel_date as travel_20_6_1_,
        train1_.updated_at as updated21_6_1_ 
    from
        tickets ticket0_ 
    left outer join
        trains train1_ 
            on ticket0_.train_no=train1_.train_no 
    where
        ticket0_.user_id=? 
        and ticket0_.journey_date>=CURRENT_DATE 
        and ticket0_.ticket_status='CONFIRMED'
2026-03-10 14:49:51 [TRACE] BasicBinder:64 - binding parameter [1] as [BIGINT] - [37]
2026-03-10 14:49:51 [INFO ] BookingServiceImpl:176 - Fetching past bookings for user: 37
2026-03-10 14:49:51 [INFO ] BookingServiceImpl:176 - Fetching past bookings for user: 37
2026-03-10 14:49:51 [DEBUG] SQL:144 - 
    select
        ticket0_.ticket_id as ticket_i1_4_0_,
        train1_.train_no as train_no1_6_1_,
        ticket0_.booking_date as booking_2_4_0_,
        ticket0_.booking_status as booking_3_4_0_,
        ticket0_.cancellation_charges as cancella4_4_0_,
        ticket0_.cancellation_date as cancella5_4_0_,
        ticket0_.cancellation_reason as cancella6_4_0_,
        ticket0_.cancellation_requested_date as cancella7_4_0_,
        ticket0_.class_type as class_ty8_4_0_,
        ticket0_.destination_station as destinat9_4_0_,
        ticket0_.journey_date as journey10_4_0_,
        ticket0_.meal_id as meal_id11_4_0_,
        ticket0_.meal_quantity as meal_qu12_4_0_,
        ticket0_.number_of_seats as number_13_4_0_,
        ticket0_.passenger_age as passeng14_4_0_,
        ticket0_.passenger_gender as passeng15_4_0_,
        ticket0_.passenger_name as passeng16_4_0_,
        ticket0_.payment_id as payment17_4_0_,
        ticket0_.payment_method as payment18_4_0_,
        ticket0_.payment_status as payment19_4_0_,
        ticket0_.refund_amount as refund_20_4_0_,
        ticket0_.refund_date as refund_21_4_0_,
        ticket0_.refund_percentage as refund_22_4_0_,
        ticket0_.refund_processed_date as refund_23_4_0_,
        ticket0_.refund_status as refund_24_4_0_,
        ticket0_.refund_transaction_id as refund_25_4_0_,
        ticket0_.source_station as source_26_4_0_,
        ticket0_.ticket_status as ticket_27_4_0_,
        ticket0_.total_fare as total_f28_4_0_,
        ticket0_.train_no as train_n29_4_0_,
        ticket0_.user_id as user_id30_4_0_,
        train1_.ac_fare as ac_fare2_6_1_,
        train1_.ac_seats as ac_seats3_6_1_,
        train1_.arrival_time as arrival_4_6_1_,
        train1_.available_seats as availabl5_6_1_,
        train1_.created_at as created_6_6_1_,
        train1_.departure_time as departur7_6_1_,
        train1_.destination as destinat8_6_1_,
        train1_.destination_station as destinat9_6_1_,
        train1_.general_fare as general10_6_1_,
        train1_.general_seats as general11_6_1_,
        train1_.is_active as is_acti12_6_1_,
        train1_.journey_date as journey13_6_1_,
        train1_.sleeper_fare as sleeper14_6_1_,
        train1_.sleeper_seats as sleeper15_6_1_,
        train1_.source as source16_6_1_,
        train1_.source_station as source_17_6_1_,
        train1_.ticket_price as ticket_18_6_1_,
        train1_.train_name as train_n19_6_1_,
        train1_.travel_date as travel_20_6_1_,
        train1_.updated_at as updated21_6_1_ 
    from
        tickets ticket0_ 
    left outer join
        trains train1_ 
            on ticket0_.train_no=train1_.train_no 
    where
        ticket0_.user_id=? 
        and ticket0_.journey_date<CURRENT_DATE
2026-03-10 14:49:51 [TRACE] BasicBinder:64 - binding parameter [1] as [BIGINT] - [37]
2026-03-10 14:49:51 [DEBUG] SQL:144 - 
    select
        ticket0_.ticket_id as ticket_i1_4_0_,
        train1_.train_no as train_no1_6_1_,
        ticket0_.booking_date as booking_2_4_0_,
        ticket0_.booking_status as booking_3_4_0_,
        ticket0_.cancellation_charges as cancella4_4_0_,
        ticket0_.cancellation_date as cancella5_4_0_,
        ticket0_.cancellation_reason as cancella6_4_0_,
        ticket0_.cancellation_requested_date as cancella7_4_0_,
        ticket0_.class_type as class_ty8_4_0_,
        ticket0_.destination_station as destinat9_4_0_,
        ticket0_.journey_date as journey10_4_0_,
        ticket0_.meal_id as meal_id11_4_0_,
        ticket0_.meal_quantity as meal_qu12_4_0_,
        ticket0_.number_of_seats as number_13_4_0_,
        ticket0_.passenger_age as passeng14_4_0_,
        ticket0_.passenger_gender as passeng15_4_0_,
        ticket0_.passenger_name as passeng16_4_0_,
        ticket0_.payment_id as payment17_4_0_,
        ticket0_.payment_method as payment18_4_0_,
        ticket0_.payment_status as payment19_4_0_,
        ticket0_.refund_amount as refund_20_4_0_,
        ticket0_.refund_date as refund_21_4_0_,
        ticket0_.refund_percentage as refund_22_4_0_,
        ticket0_.refund_processed_date as refund_23_4_0_,
        ticket0_.refund_status as refund_24_4_0_,
        ticket0_.refund_transaction_id as refund_25_4_0_,
        ticket0_.source_station as source_26_4_0_,
        ticket0_.ticket_status as ticket_27_4_0_,
        ticket0_.total_fare as total_f28_4_0_,
        ticket0_.train_no as train_n29_4_0_,
        ticket0_.user_id as user_id30_4_0_,
        train1_.ac_fare as ac_fare2_6_1_,
        train1_.ac_seats as ac_seats3_6_1_,
        train1_.arrival_time as arrival_4_6_1_,
        train1_.available_seats as availabl5_6_1_,
        train1_.created_at as created_6_6_1_,
        train1_.departure_time as departur7_6_1_,
        train1_.destination as destinat8_6_1_,
        train1_.destination_station as destinat9_6_1_,
        train1_.general_fare as general10_6_1_,
        train1_.general_seats as general11_6_1_,
        train1_.is_active as is_acti12_6_1_,
        train1_.journey_date as journey13_6_1_,
        train1_.sleeper_fare as sleeper14_6_1_,
        train1_.sleeper_seats as sleeper15_6_1_,
        train1_.source as source16_6_1_,
        train1_.source_station as source_17_6_1_,
        train1_.ticket_price as ticket_18_6_1_,
        train1_.train_name as train_n19_6_1_,
        train1_.travel_date as travel_20_6_1_,
        train1_.updated_at as updated21_6_1_ 
    from
        tickets ticket0_ 
    left outer join
        trains train1_ 
            on ticket0_.train_no=train1_.train_no 
    where
        ticket0_.user_id=? 
        and ticket0_.ticket_status='CANCELLED'
2026-03-10 14:49:51 [TRACE] BasicBinder:64 - binding parameter [1] as [BIGINT] - [37]
2026-03-10 14:49:51 [INFO ] UserController:173 - Loaded 8 total bookings for user
2026-03-10 14:49:51 [INFO ] UserController:173 - Loaded 8 total bookings for user
2026-03-10 14:49:51 [DEBUG] DispatcherServlet:1131 - Completed 200 OK
2026-03-10 14:49:51 [DEBUG] DispatcherServlet:120 - GET "/RailEase/webjars/datatables/1.13.6/css/dataTables.bootstrap5.min.css", parameters={}
2026-03-10 14:49:51 [DEBUG] SimpleUrlHandlerMapping:522 - Mapped to ResourceHttpRequestHandler [ServletContext [/webjars/]]
2026-03-10 14:49:51 [DEBUG] ResourceHttpRequestHandler:560 - Resource not found
2026-03-10 14:49:51 [DEBUG] DispatcherServlet:1131 - Completed 404 NOT_FOUND
2026-03-10 14:49:51 [DEBUG] DispatcherServlet:120 - "ERROR" dispatch for GET "/RailEase/error", parameters={}
2026-03-10 14:49:51 [DEBUG] RequestMappingHandlerMapping:522 - Mapped to org.springframework.boot.autoconfigure.web.servlet.error.BasicErrorController#error(HttpServletRequest)
2026-03-10 14:49:51 [DEBUG] HttpEntityMethodProcessor:268 - Using 'application/json;q=0.1', given [text/css, */*;q=0.1] and supported [application/json, application/*+json, application/json, application/*+json]
2026-03-10 14:49:51 [DEBUG] HttpEntityMethodProcessor:120 - Writing [{timestamp=Tue Mar 10 14:49:51 IST 2026, status=404, error=Not Found, message=No message available,  (truncated)...]
2026-03-10 14:49:51 [DEBUG] DispatcherServlet:1127 - Exiting from "ERROR" dispatch, status 404
2026-03-10 14:50:11 [DEBUG] DispatcherServlet:120 - GET "/RailEase/booking/download-pdf/TK2026031090821000", parameters={}
2026-03-10 14:50:11 [DEBUG] RequestMappingHandlerMapping:522 - Mapped to com.railease.controller.BookingController#downloadTicketPdf(String, HttpSession)
2026-03-10 14:50:11 [DEBUG] SQL:144 - 
    select
        ticket0_.ticket_id as ticket_i1_4_0_,
        train1_.train_no as train_no1_6_1_,
        user2_.user_id as user_id1_8_2_,
        ticket0_.booking_date as booking_2_4_0_,
        ticket0_.booking_status as booking_3_4_0_,
        ticket0_.cancellation_charges as cancella4_4_0_,
        ticket0_.cancellation_date as cancella5_4_0_,
        ticket0_.cancellation_reason as cancella6_4_0_,
        ticket0_.cancellation_requested_date as cancella7_4_0_,
        ticket0_.class_type as class_ty8_4_0_,
        ticket0_.destination_station as destinat9_4_0_,
        ticket0_.journey_date as journey10_4_0_,
        ticket0_.meal_id as meal_id11_4_0_,
        ticket0_.meal_quantity as meal_qu12_4_0_,
        ticket0_.number_of_seats as number_13_4_0_,
        ticket0_.passenger_age as passeng14_4_0_,
        ticket0_.passenger_gender as passeng15_4_0_,
        ticket0_.passenger_name as passeng16_4_0_,
        ticket0_.payment_id as payment17_4_0_,
        ticket0_.payment_method as payment18_4_0_,
        ticket0_.payment_status as payment19_4_0_,
        ticket0_.refund_amount as refund_20_4_0_,
        ticket0_.refund_date as refund_21_4_0_,
        ticket0_.refund_percentage as refund_22_4_0_,
        ticket0_.refund_processed_date as refund_23_4_0_,
        ticket0_.refund_status as refund_24_4_0_,
        ticket0_.refund_transaction_id as refund_25_4_0_,
        ticket0_.source_station as source_26_4_0_,
        ticket0_.ticket_status as ticket_27_4_0_,
        ticket0_.total_fare as total_f28_4_0_,
        ticket0_.train_no as train_n29_4_0_,
        ticket0_.user_id as user_id30_4_0_,
        train1_.ac_fare as ac_fare2_6_1_,
        train1_.ac_seats as ac_seats3_6_1_,
        train1_.arrival_time as arrival_4_6_1_,
        train1_.available_seats as availabl5_6_1_,
        train1_.created_at as created_6_6_1_,
        train1_.departure_time as departur7_6_1_,
        train1_.destination as destinat8_6_1_,
        train1_.destination_station as destinat9_6_1_,
        train1_.general_fare as general10_6_1_,
        train1_.general_seats as general11_6_1_,
        train1_.is_active as is_acti12_6_1_,
        train1_.journey_date as journey13_6_1_,
        train1_.sleeper_fare as sleeper14_6_1_,
        train1_.sleeper_seats as sleeper15_6_1_,
        train1_.source as source16_6_1_,
        train1_.source_station as source_17_6_1_,
        train1_.ticket_price as ticket_18_6_1_,
        train1_.train_name as train_n19_6_1_,
        train1_.travel_date as travel_20_6_1_,
        train1_.updated_at as updated21_6_1_,
        user2_.created_at as created_2_8_2_,
        user2_.email as email3_8_2_,
        user2_.full_name as full_nam4_8_2_,
        user2_.is_enabled as is_enabl5_8_2_,
        user2_.last_login as last_log6_8_2_,
        user2_.mobile_number as mobile_n7_8_2_,
        user2_.password as password8_8_2_,
        user2_.profile_photo as profile_9_8_2_,
        user2_.profile_photo_content_type as profile10_8_2_,
        user2_.role as role11_8_2_,
        user2_.session_id as session12_8_2_,
        user2_.updated_at as updated13_8_2_,
        user2_.username as usernam14_8_2_ 
    from
        tickets ticket0_ 
    left outer join
        trains train1_ 
            on ticket0_.train_no=train1_.train_no 
    left outer join
        users user2_ 
            on ticket0_.user_id=user2_.user_id 
    where
        ticket0_.ticket_id=?
2026-03-10 14:50:11 [TRACE] BasicBinder:64 - binding parameter [1] as [VARCHAR] - [TK2026031090821000]
2026-03-10 14:50:11 [DEBUG] SQL:144 - 
    select
        userprofil0_.profile_id as profile_1_7_0_,
        userprofil0_.address as address2_7_0_,
        userprofil0_.city as city3_7_0_,
        userprofil0_.date_of_birth as date_of_4_7_0_,
        userprofil0_.gender as gender5_7_0_,
        userprofil0_.id as id6_7_0_,
        userprofil0_.occupation as occupati7_7_0_,
        userprofil0_.pincode as pincode8_7_0_,
        userprofil0_.state as state9_7_0_,
        userprofil0_.user_id as user_id10_7_0_ 
    from
        user_profiles userprofil0_ 
    where
        userprofil0_.user_id=?
2026-03-10 14:50:11 [TRACE] BasicBinder:64 - binding parameter [1] as [BIGINT] - [37]
2026-03-10 14:50:12 [INFO ] PdfServiceImpl:45 - PDF generated successfully for ticket: TK2026031090821000
2026-03-10 14:50:12 [INFO ] PdfServiceImpl:45 - PDF generated successfully for ticket: TK2026031090821000
2026-03-10 14:50:12 [INFO ] BookingController:240 - PDF downloaded for ticket: TK2026031090821000
2026-03-10 14:50:12 [INFO ] BookingController:240 - PDF downloaded for ticket: TK2026031090821000
2026-03-10 14:50:12 [DEBUG] HttpEntityMethodProcessor:210 - Found 'Content-Type:application/pdf' in response
2026-03-10 14:50:12 [DEBUG] HttpEntityMethodProcessor:120 - Writing [{37, 80, 68, 70, 45, 49, 46, 53, 10, 37, -30, -29, -49, -45, 10, 52, 32, 48, 32, 111, 98, 106, 10, 6 (truncated)...]
2026-03-10 14:50:12 [DEBUG] DispatcherServlet:1131 - Completed 200 OK
2026-03-10 14:50:46 [DEBUG] DispatcherServlet:120 - GET "/RailEase/user/dashboard", parameters={}
2026-03-10 14:50:46 [DEBUG] RequestMappingHandlerMapping:522 - Mapped to com.railease.controller.UserController#dashboard(HttpSession, Model)
2026-03-10 14:50:46 [DEBUG] SQL:144 - 
    select
        count(ticket0_.ticket_id) as col_0_0_ 
    from
        tickets ticket0_ 
    where
        ticket0_.user_id=?
2026-03-10 14:50:46 [TRACE] BasicBinder:64 - binding parameter [1] as [BIGINT] - [37]
2026-03-10 14:50:46 [DEBUG] SQL:144 - 
    select
        count(ticket0_.ticket_id) as col_0_0_ 
    from
        tickets ticket0_ 
    where
        ticket0_.user_id=? 
        and ticket0_.journey_date>=CURRENT_DATE 
        and ticket0_.ticket_status='CONFIRMED'
2026-03-10 14:50:46 [TRACE] BasicBinder:64 - binding parameter [1] as [BIGINT] - [37]
2026-03-10 14:50:46 [INFO ] BookingServiceImpl:752 - Calculating total spent for user: 37
2026-03-10 14:50:46 [INFO ] BookingServiceImpl:752 - Calculating total spent for user: 37
2026-03-10 14:50:46 [DEBUG] SQL:144 - 
    select
        user0_.user_id as user_id1_8_0_,
        user0_.created_at as created_2_8_0_,
        user0_.email as email3_8_0_,
        user0_.full_name as full_nam4_8_0_,
        user0_.is_enabled as is_enabl5_8_0_,
        user0_.last_login as last_log6_8_0_,
        user0_.mobile_number as mobile_n7_8_0_,
        user0_.password as password8_8_0_,
        user0_.profile_photo as profile_9_8_0_,
        user0_.profile_photo_content_type as profile10_8_0_,
        user0_.role as role11_8_0_,
        user0_.session_id as session12_8_0_,
        user0_.updated_at as updated13_8_0_,
        user0_.username as usernam14_8_0_ 
    from
        users user0_ 
    where
        user0_.user_id=?
2026-03-10 14:50:46 [TRACE] BasicBinder:64 - binding parameter [1] as [BIGINT] - [37]
2026-03-10 14:50:46 [DEBUG] SQL:144 - 
    select
        userprofil0_.profile_id as profile_1_7_0_,
        userprofil0_.address as address2_7_0_,
        userprofil0_.city as city3_7_0_,
        userprofil0_.date_of_birth as date_of_4_7_0_,
        userprofil0_.gender as gender5_7_0_,
        userprofil0_.id as id6_7_0_,
        userprofil0_.occupation as occupati7_7_0_,
        userprofil0_.pincode as pincode8_7_0_,
        userprofil0_.state as state9_7_0_,
        userprofil0_.user_id as user_id10_7_0_ 
    from
        user_profiles userprofil0_ 
    where
        userprofil0_.user_id=?
2026-03-10 14:50:46 [TRACE] BasicBinder:64 - binding parameter [1] as [BIGINT] - [37]
2026-03-10 14:50:46 [DEBUG] SQL:144 - 
    select
        ticket0_.ticket_id as ticket_i1_4_0_,
        train1_.train_no as train_no1_6_1_,
        ticket0_.booking_date as booking_2_4_0_,
        ticket0_.booking_status as booking_3_4_0_,
        ticket0_.cancellation_charges as cancella4_4_0_,
        ticket0_.cancellation_date as cancella5_4_0_,
        ticket0_.cancellation_reason as cancella6_4_0_,
        ticket0_.cancellation_requested_date as cancella7_4_0_,
        ticket0_.class_type as class_ty8_4_0_,
        ticket0_.destination_station as destinat9_4_0_,
        ticket0_.journey_date as journey10_4_0_,
        ticket0_.meal_id as meal_id11_4_0_,
        ticket0_.meal_quantity as meal_qu12_4_0_,
        ticket0_.number_of_seats as number_13_4_0_,
        ticket0_.passenger_age as passeng14_4_0_,
        ticket0_.passenger_gender as passeng15_4_0_,
        ticket0_.passenger_name as passeng16_4_0_,
        ticket0_.payment_id as payment17_4_0_,
        ticket0_.payment_method as payment18_4_0_,
        ticket0_.payment_status as payment19_4_0_,
        ticket0_.refund_amount as refund_20_4_0_,
        ticket0_.refund_date as refund_21_4_0_,
        ticket0_.refund_percentage as refund_22_4_0_,
        ticket0_.refund_processed_date as refund_23_4_0_,
        ticket0_.refund_status as refund_24_4_0_,
        ticket0_.refund_transaction_id as refund_25_4_0_,
        ticket0_.source_station as source_26_4_0_,
        ticket0_.ticket_status as ticket_27_4_0_,
        ticket0_.total_fare as total_f28_4_0_,
        ticket0_.train_no as train_n29_4_0_,
        ticket0_.user_id as user_id30_4_0_,
        train1_.ac_fare as ac_fare2_6_1_,
        train1_.ac_seats as ac_seats3_6_1_,
        train1_.arrival_time as arrival_4_6_1_,
        train1_.available_seats as availabl5_6_1_,
        train1_.created_at as created_6_6_1_,
        train1_.departure_time as departur7_6_1_,
        train1_.destination as destinat8_6_1_,
        train1_.destination_station as destinat9_6_1_,
        train1_.general_fare as general10_6_1_,
        train1_.general_seats as general11_6_1_,
        train1_.is_active as is_acti12_6_1_,
        train1_.journey_date as journey13_6_1_,
        train1_.sleeper_fare as sleeper14_6_1_,
        train1_.sleeper_seats as sleeper15_6_1_,
        train1_.source as source16_6_1_,
        train1_.source_station as source_17_6_1_,
        train1_.ticket_price as ticket_18_6_1_,
        train1_.train_name as train_n19_6_1_,
        train1_.travel_date as travel_20_6_1_,
        train1_.updated_at as updated21_6_1_ 
    from
        tickets ticket0_ 
    left outer join
        trains train1_ 
            on ticket0_.train_no=train1_.train_no 
    where
        ticket0_.user_id=? 
    order by
        ticket0_.booking_date DESC
2026-03-10 14:50:46 [TRACE] BasicBinder:64 - binding parameter [1] as [BIGINT] - [37]
2026-03-10 14:50:46 [DEBUG] SQL:144 - 
    select
        user0_.user_id as user_id1_8_0_,
        user0_.created_at as created_2_8_0_,
        user0_.email as email3_8_0_,
        user0_.full_name as full_nam4_8_0_,
        user0_.is_enabled as is_enabl5_8_0_,
        user0_.last_login as last_log6_8_0_,
        user0_.mobile_number as mobile_n7_8_0_,
        user0_.password as password8_8_0_,
        user0_.profile_photo as profile_9_8_0_,
        user0_.profile_photo_content_type as profile10_8_0_,
        user0_.role as role11_8_0_,
        user0_.session_id as session12_8_0_,
        user0_.updated_at as updated13_8_0_,
        user0_.username as usernam14_8_0_ 
    from
        users user0_ 
    where
        user0_.user_id=?
2026-03-10 14:50:46 [TRACE] BasicBinder:64 - binding parameter [1] as [BIGINT] - [37]
2026-03-10 14:50:46 [DEBUG] SQL:144 - 
    select
        userprofil0_.profile_id as profile_1_7_0_,
        userprofil0_.address as address2_7_0_,
        userprofil0_.city as city3_7_0_,
        userprofil0_.date_of_birth as date_of_4_7_0_,
        userprofil0_.gender as gender5_7_0_,
        userprofil0_.id as id6_7_0_,
        userprofil0_.occupation as occupati7_7_0_,
        userprofil0_.pincode as pincode8_7_0_,
        userprofil0_.state as state9_7_0_,
        userprofil0_.user_id as user_id10_7_0_ 
    from
        user_profiles userprofil0_ 
    where
        userprofil0_.user_id=?
2026-03-10 14:50:46 [TRACE] BasicBinder:64 - binding parameter [1] as [BIGINT] - [37]
2026-03-10 14:50:46 [DEBUG] SQL:144 - 
    select
        ticket0_.ticket_id as ticket_i1_4_0_,
        train1_.train_no as train_no1_6_1_,
        ticket0_.booking_date as booking_2_4_0_,
        ticket0_.booking_status as booking_3_4_0_,
        ticket0_.cancellation_charges as cancella4_4_0_,
        ticket0_.cancellation_date as cancella5_4_0_,
        ticket0_.cancellation_reason as cancella6_4_0_,
        ticket0_.cancellation_requested_date as cancella7_4_0_,
        ticket0_.class_type as class_ty8_4_0_,
        ticket0_.destination_station as destinat9_4_0_,
        ticket0_.journey_date as journey10_4_0_,
        ticket0_.meal_id as meal_id11_4_0_,
        ticket0_.meal_quantity as meal_qu12_4_0_,
        ticket0_.number_of_seats as number_13_4_0_,
        ticket0_.passenger_age as passeng14_4_0_,
        ticket0_.passenger_gender as passeng15_4_0_,
        ticket0_.passenger_name as passeng16_4_0_,
        ticket0_.payment_id as payment17_4_0_,
        ticket0_.payment_method as payment18_4_0_,
        ticket0_.payment_status as payment19_4_0_,
        ticket0_.refund_amount as refund_20_4_0_,
        ticket0_.refund_date as refund_21_4_0_,
        ticket0_.refund_percentage as refund_22_4_0_,
        ticket0_.refund_processed_date as refund_23_4_0_,
        ticket0_.refund_status as refund_24_4_0_,
        ticket0_.refund_transaction_id as refund_25_4_0_,
        ticket0_.source_station as source_26_4_0_,
        ticket0_.ticket_status as ticket_27_4_0_,
        ticket0_.total_fare as total_f28_4_0_,
        ticket0_.train_no as train_n29_4_0_,
        ticket0_.user_id as user_id30_4_0_,
        train1_.ac_fare as ac_fare2_6_1_,
        train1_.ac_seats as ac_seats3_6_1_,
        train1_.arrival_time as arrival_4_6_1_,
        train1_.available_seats as availabl5_6_1_,
        train1_.created_at as created_6_6_1_,
        train1_.departure_time as departur7_6_1_,
        train1_.destination as destinat8_6_1_,
        train1_.destination_station as destinat9_6_1_,
        train1_.general_fare as general10_6_1_,
        train1_.general_seats as general11_6_1_,
        train1_.is_active as is_acti12_6_1_,
        train1_.journey_date as journey13_6_1_,
        train1_.sleeper_fare as sleeper14_6_1_,
        train1_.sleeper_seats as sleeper15_6_1_,
        train1_.source as source16_6_1_,
        train1_.source_station as source_17_6_1_,
        train1_.ticket_price as ticket_18_6_1_,
        train1_.train_name as train_n19_6_1_,
        train1_.travel_date as travel_20_6_1_,
        train1_.updated_at as updated21_6_1_ 
    from
        tickets ticket0_ 
    left outer join
        trains train1_ 
            on ticket0_.train_no=train1_.train_no 
    where
        ticket0_.user_id=? 
    order by
        ticket0_.booking_date DESC limit ?
2026-03-10 14:50:46 [TRACE] BasicBinder:64 - binding parameter [1] as [BIGINT] - [37]
2026-03-10 14:50:46 [INFO ] BookingServiceImpl:170 - Fetching active bookings for user: 37
2026-03-10 14:50:46 [INFO ] BookingServiceImpl:170 - Fetching active bookings for user: 37
2026-03-10 14:50:46 [DEBUG] SQL:144 - 
    select
        ticket0_.ticket_id as ticket_i1_4_0_,
        train1_.train_no as train_no1_6_1_,
        ticket0_.booking_date as booking_2_4_0_,
        ticket0_.booking_status as booking_3_4_0_,
        ticket0_.cancellation_charges as cancella4_4_0_,
        ticket0_.cancellation_date as cancella5_4_0_,
        ticket0_.cancellation_reason as cancella6_4_0_,
        ticket0_.cancellation_requested_date as cancella7_4_0_,
        ticket0_.class_type as class_ty8_4_0_,
        ticket0_.destination_station as destinat9_4_0_,
        ticket0_.journey_date as journey10_4_0_,
        ticket0_.meal_id as meal_id11_4_0_,
        ticket0_.meal_quantity as meal_qu12_4_0_,
        ticket0_.number_of_seats as number_13_4_0_,
        ticket0_.passenger_age as passeng14_4_0_,
        ticket0_.passenger_gender as passeng15_4_0_,
        ticket0_.passenger_name as passeng16_4_0_,
        ticket0_.payment_id as payment17_4_0_,
        ticket0_.payment_method as payment18_4_0_,
        ticket0_.payment_status as payment19_4_0_,
        ticket0_.refund_amount as refund_20_4_0_,
        ticket0_.refund_date as refund_21_4_0_,
        ticket0_.refund_percentage as refund_22_4_0_,
        ticket0_.refund_processed_date as refund_23_4_0_,
        ticket0_.refund_status as refund_24_4_0_,
        ticket0_.refund_transaction_id as refund_25_4_0_,
        ticket0_.source_station as source_26_4_0_,
        ticket0_.ticket_status as ticket_27_4_0_,
        ticket0_.total_fare as total_f28_4_0_,
        ticket0_.train_no as train_n29_4_0_,
        ticket0_.user_id as user_id30_4_0_,
        train1_.ac_fare as ac_fare2_6_1_,
        train1_.ac_seats as ac_seats3_6_1_,
        train1_.arrival_time as arrival_4_6_1_,
        train1_.available_seats as availabl5_6_1_,
        train1_.created_at as created_6_6_1_,
        train1_.departure_time as departur7_6_1_,
        train1_.destination as destinat8_6_1_,
        train1_.destination_station as destinat9_6_1_,
        train1_.general_fare as general10_6_1_,
        train1_.general_seats as general11_6_1_,
        train1_.is_active as is_acti12_6_1_,
        train1_.journey_date as journey13_6_1_,
        train1_.sleeper_fare as sleeper14_6_1_,
        train1_.sleeper_seats as sleeper15_6_1_,
        train1_.source as source16_6_1_,
        train1_.source_station as source_17_6_1_,
        train1_.ticket_price as ticket_18_6_1_,
        train1_.train_name as train_n19_6_1_,
        train1_.travel_date as travel_20_6_1_,
        train1_.updated_at as updated21_6_1_ 
    from
        tickets ticket0_ 
    left outer join
        trains train1_ 
            on ticket0_.train_no=train1_.train_no 
    where
        ticket0_.user_id=? 
        and ticket0_.journey_date>=CURRENT_DATE 
        and ticket0_.ticket_status='CONFIRMED'
2026-03-10 14:50:47 [TRACE] BasicBinder:64 - binding parameter [1] as [BIGINT] - [37]
2026-03-10 14:50:47 [INFO ] BookingServiceImpl:176 - Fetching past bookings for user: 37
2026-03-10 14:50:47 [INFO ] BookingServiceImpl:176 - Fetching past bookings for user: 37
2026-03-10 14:50:47 [DEBUG] SQL:144 - 
    select
        ticket0_.ticket_id as ticket_i1_4_0_,
        train1_.train_no as train_no1_6_1_,
        ticket0_.booking_date as booking_2_4_0_,
        ticket0_.booking_status as booking_3_4_0_,
        ticket0_.cancellation_charges as cancella4_4_0_,
        ticket0_.cancellation_date as cancella5_4_0_,
        ticket0_.cancellation_reason as cancella6_4_0_,
        ticket0_.cancellation_requested_date as cancella7_4_0_,
        ticket0_.class_type as class_ty8_4_0_,
        ticket0_.destination_station as destinat9_4_0_,
        ticket0_.journey_date as journey10_4_0_,
        ticket0_.meal_id as meal_id11_4_0_,
        ticket0_.meal_quantity as meal_qu12_4_0_,
        ticket0_.number_of_seats as number_13_4_0_,
        ticket0_.passenger_age as passeng14_4_0_,
        ticket0_.passenger_gender as passeng15_4_0_,
        ticket0_.passenger_name as passeng16_4_0_,
        ticket0_.payment_id as payment17_4_0_,
        ticket0_.payment_method as payment18_4_0_,
        ticket0_.payment_status as payment19_4_0_,
        ticket0_.refund_amount as refund_20_4_0_,
        ticket0_.refund_date as refund_21_4_0_,
        ticket0_.refund_percentage as refund_22_4_0_,
        ticket0_.refund_processed_date as refund_23_4_0_,
        ticket0_.refund_status as refund_24_4_0_,
        ticket0_.refund_transaction_id as refund_25_4_0_,
        ticket0_.source_station as source_26_4_0_,
        ticket0_.ticket_status as ticket_27_4_0_,
        ticket0_.total_fare as total_f28_4_0_,
        ticket0_.train_no as train_n29_4_0_,
        ticket0_.user_id as user_id30_4_0_,
        train1_.ac_fare as ac_fare2_6_1_,
        train1_.ac_seats as ac_seats3_6_1_,
        train1_.arrival_time as arrival_4_6_1_,
        train1_.available_seats as availabl5_6_1_,
        train1_.created_at as created_6_6_1_,
        train1_.departure_time as departur7_6_1_,
        train1_.destination as destinat8_6_1_,
        train1_.destination_station as destinat9_6_1_,
        train1_.general_fare as general10_6_1_,
        train1_.general_seats as general11_6_1_,
        train1_.is_active as is_acti12_6_1_,
        train1_.journey_date as journey13_6_1_,
        train1_.sleeper_fare as sleeper14_6_1_,
        train1_.sleeper_seats as sleeper15_6_1_,
        train1_.source as source16_6_1_,
        train1_.source_station as source_17_6_1_,
        train1_.ticket_price as ticket_18_6_1_,
        train1_.train_name as train_n19_6_1_,
        train1_.travel_date as travel_20_6_1_,
        train1_.updated_at as updated21_6_1_ 
    from
        tickets ticket0_ 
    left outer join
        trains train1_ 
            on ticket0_.train_no=train1_.train_no 
    where
        ticket0_.user_id=? 
        and ticket0_.journey_date<CURRENT_DATE
2026-03-10 14:50:47 [TRACE] BasicBinder:64 - binding parameter [1] as [BIGINT] - [37]
2026-03-10 14:50:47 [INFO ] MealServiceImpl:180 - Fetching meal orders for user: 37
2026-03-10 14:50:47 [INFO ] MealServiceImpl:180 - Fetching meal orders for user: 37
2026-03-10 14:50:47 [DEBUG] SQL:144 - 
    select
        user0_.user_id as user_id1_8_0_,
        user0_.created_at as created_2_8_0_,
        user0_.email as email3_8_0_,
        user0_.full_name as full_nam4_8_0_,
        user0_.is_enabled as is_enabl5_8_0_,
        user0_.last_login as last_log6_8_0_,
        user0_.mobile_number as mobile_n7_8_0_,
        user0_.password as password8_8_0_,
        user0_.profile_photo as profile_9_8_0_,
        user0_.profile_photo_content_type as profile10_8_0_,
        user0_.role as role11_8_0_,
        user0_.session_id as session12_8_0_,
        user0_.updated_at as updated13_8_0_,
        user0_.username as usernam14_8_0_ 
    from
        users user0_ 
    where
        user0_.user_id=?
2026-03-10 14:50:47 [TRACE] BasicBinder:64 - binding parameter [1] as [BIGINT] - [37]
2026-03-10 14:50:47 [DEBUG] SQL:144 - 
    select
        userprofil0_.profile_id as profile_1_7_0_,
        userprofil0_.address as address2_7_0_,
        userprofil0_.city as city3_7_0_,
        userprofil0_.date_of_birth as date_of_4_7_0_,
        userprofil0_.gender as gender5_7_0_,
        userprofil0_.id as id6_7_0_,
        userprofil0_.occupation as occupati7_7_0_,
        userprofil0_.pincode as pincode8_7_0_,
        userprofil0_.state as state9_7_0_,
        userprofil0_.user_id as user_id10_7_0_ 
    from
        user_profiles userprofil0_ 
    where
        userprofil0_.user_id=?
2026-03-10 14:50:47 [TRACE] BasicBinder:64 - binding parameter [1] as [BIGINT] - [37]
2026-03-10 14:50:47 [DEBUG] SQL:144 - 
    select
        mealorder0_.order_id as order_id1_0_,
        mealorder0_.cancellation_date as cancella2_0_,
        mealorder0_.cancellation_reason as cancella3_0_,
        mealorder0_.delivery_station as delivery4_0_,
        mealorder0_.delivery_status as delivery5_0_,
        mealorder0_.id as id6_0_,
        mealorder0_.meal_id as meal_id13_0_,
        mealorder0_.order_date as order_da7_0_,
        mealorder0_.quantity as quantity8_0_,
        mealorder0_.refund_amount as refund_a9_0_,
        mealorder0_.refund_status as refund_10_0_,
        mealorder0_.special_instructions as special11_0_,
        mealorder0_.ticket_id as ticket_14_0_,
        mealorder0_.total_price as total_p12_0_,
        mealorder0_.user_id as user_id15_0_ 
    from
        meal_orders mealorder0_ 
    where
        mealorder0_.user_id=? 
    order by
        mealorder0_.order_date desc
2026-03-10 14:50:47 [TRACE] BasicBinder:64 - binding parameter [1] as [BIGINT] - [37]
2026-03-10 14:50:47 [INFO ] MealServiceImpl:42 - Fetching available meals
2026-03-10 14:50:47 [INFO ] MealServiceImpl:42 - Fetching available meals
2026-03-10 14:50:47 [DEBUG] SQL:144 - 
    select
        meal0_.meal_id as meal_id1_1_,
        meal0_.availability_status as availabi2_1_,
        meal0_.created_at as created_3_1_,
        meal0_.description as descript4_1_,
        meal0_.image as image5_1_,
        meal0_.image_content_type as image_co6_1_,
        meal0_.image_url as image_ur7_1_,
        meal0_.is_available as is_avail8_1_,
        meal0_.meal_name as meal_nam9_1_,
        meal0_.meal_type as meal_ty10_1_,
        meal0_.preparation_time as prepara11_1_,
        meal0_.price as price12_1_,
        meal0_.updated_at as updated13_1_ 
    from
        meals meal0_ 
    where
        meal0_.availability_status=1
2026-03-10 14:50:47 [DEBUG] SQL:144 - 
    select
        count(ticket0_.ticket_id) as col_0_0_ 
    from
        tickets ticket0_ 
    where
        ticket0_.user_id=? 
        and ticket0_.refund_status='PENDING'
2026-03-10 14:50:47 [TRACE] BasicBinder:64 - binding parameter [1] as [BIGINT] - [37]
2026-03-10 14:50:47 [DEBUG] SQL:144 - 
    select
        count(ticket0_.ticket_id) as col_0_0_ 
    from
        tickets ticket0_ 
    where
        ticket0_.user_id=? 
        and ticket0_.refund_status='PROCESSING'
2026-03-10 14:50:47 [TRACE] BasicBinder:64 - binding parameter [1] as [BIGINT] - [37]
2026-03-10 14:50:47 [DEBUG] SQL:144 - 
    select
        count(ticket0_.ticket_id) as col_0_0_ 
    from
        tickets ticket0_ 
    where
        ticket0_.user_id=? 
        and ticket0_.refund_status='COMPLETED'
2026-03-10 14:50:47 [TRACE] BasicBinder:64 - binding parameter [1] as [BIGINT] - [37]
2026-03-10 14:50:47 [DEBUG] DispatcherServlet:1131 - Completed 200 OK
2026-03-10 14:51:30 [DEBUG] DispatcherServlet:120 - GET "/RailEase/user/ticket/TK2026031090821000", parameters={}
2026-03-10 14:51:30 [DEBUG] RequestMappingHandlerMapping:522 - Mapped to com.railease.controller.UserController#viewTicket(String, HttpSession, Model)
2026-03-10 14:51:30 [DEBUG] SQL:144 - 
    select
        ticket0_.ticket_id as ticket_i1_4_0_,
        train1_.train_no as train_no1_6_1_,
        user2_.user_id as user_id1_8_2_,
        ticket0_.booking_date as booking_2_4_0_,
        ticket0_.booking_status as booking_3_4_0_,
        ticket0_.cancellation_charges as cancella4_4_0_,
        ticket0_.cancellation_date as cancella5_4_0_,
        ticket0_.cancellation_reason as cancella6_4_0_,
        ticket0_.cancellation_requested_date as cancella7_4_0_,
        ticket0_.class_type as class_ty8_4_0_,
        ticket0_.destination_station as destinat9_4_0_,
        ticket0_.journey_date as journey10_4_0_,
        ticket0_.meal_id as meal_id11_4_0_,
        ticket0_.meal_quantity as meal_qu12_4_0_,
        ticket0_.number_of_seats as number_13_4_0_,
        ticket0_.passenger_age as passeng14_4_0_,
        ticket0_.passenger_gender as passeng15_4_0_,
        ticket0_.passenger_name as passeng16_4_0_,
        ticket0_.payment_id as payment17_4_0_,
        ticket0_.payment_method as payment18_4_0_,
        ticket0_.payment_status as payment19_4_0_,
        ticket0_.refund_amount as refund_20_4_0_,
        ticket0_.refund_date as refund_21_4_0_,
        ticket0_.refund_percentage as refund_22_4_0_,
        ticket0_.refund_processed_date as refund_23_4_0_,
        ticket0_.refund_status as refund_24_4_0_,
        ticket0_.refund_transaction_id as refund_25_4_0_,
        ticket0_.source_station as source_26_4_0_,
        ticket0_.ticket_status as ticket_27_4_0_,
        ticket0_.total_fare as total_f28_4_0_,
        ticket0_.train_no as train_n29_4_0_,
        ticket0_.user_id as user_id30_4_0_,
        train1_.ac_fare as ac_fare2_6_1_,
        train1_.ac_seats as ac_seats3_6_1_,
        train1_.arrival_time as arrival_4_6_1_,
        train1_.available_seats as availabl5_6_1_,
        train1_.created_at as created_6_6_1_,
        train1_.departure_time as departur7_6_1_,
        train1_.destination as destinat8_6_1_,
        train1_.destination_station as destinat9_6_1_,
        train1_.general_fare as general10_6_1_,
        train1_.general_seats as general11_6_1_,
        train1_.is_active as is_acti12_6_1_,
        train1_.journey_date as journey13_6_1_,
        train1_.sleeper_fare as sleeper14_6_1_,
        train1_.sleeper_seats as sleeper15_6_1_,
        train1_.source as source16_6_1_,
        train1_.source_station as source_17_6_1_,
        train1_.ticket_price as ticket_18_6_1_,
        train1_.train_name as train_n19_6_1_,
        train1_.travel_date as travel_20_6_1_,
        train1_.updated_at as updated21_6_1_,
        user2_.created_at as created_2_8_2_,
        user2_.email as email3_8_2_,
        user2_.full_name as full_nam4_8_2_,
        user2_.is_enabled as is_enabl5_8_2_,
        user2_.last_login as last_log6_8_2_,
        user2_.mobile_number as mobile_n7_8_2_,
        user2_.password as password8_8_2_,
        user2_.profile_photo as profile_9_8_2_,
        user2_.profile_photo_content_type as profile10_8_2_,
        user2_.role as role11_8_2_,
        user2_.session_id as session12_8_2_,
        user2_.updated_at as updated13_8_2_,
        user2_.username as usernam14_8_2_ 
    from
        tickets ticket0_ 
    left outer join
        trains train1_ 
            on ticket0_.train_no=train1_.train_no 
    left outer join
        users user2_ 
            on ticket0_.user_id=user2_.user_id 
    where
        ticket0_.ticket_id=?
2026-03-10 14:51:30 [TRACE] BasicBinder:64 - binding parameter [1] as [VARCHAR] - [TK2026031090821000]
2026-03-10 14:51:30 [DEBUG] SQL:144 - 
    select
        userprofil0_.profile_id as profile_1_7_0_,
        userprofil0_.address as address2_7_0_,
        userprofil0_.city as city3_7_0_,
        userprofil0_.date_of_birth as date_of_4_7_0_,
        userprofil0_.gender as gender5_7_0_,
        userprofil0_.id as id6_7_0_,
        userprofil0_.occupation as occupati7_7_0_,
        userprofil0_.pincode as pincode8_7_0_,
        userprofil0_.state as state9_7_0_,
        userprofil0_.user_id as user_id10_7_0_ 
    from
        user_profiles userprofil0_ 
    where
        userprofil0_.user_id=?
2026-03-10 14:51:30 [TRACE] BasicBinder:64 - binding parameter [1] as [BIGINT] - [37]
2026-03-10 14:51:30 [DEBUG] DispatcherServlet:1131 - Completed 200 OK
2026-03-10 14:51:47 [DEBUG] DispatcherServlet:120 - GET "/RailEase/user/my-bookings", parameters={}
2026-03-10 14:51:47 [DEBUG] RequestMappingHandlerMapping:522 - Mapped to com.railease.controller.UserController#myBookings(Model, HttpSession)
2026-03-10 14:51:47 [DEBUG] SQL:144 - 
    select
        user0_.user_id as user_id1_8_0_,
        user0_.created_at as created_2_8_0_,
        user0_.email as email3_8_0_,
        user0_.full_name as full_nam4_8_0_,
        user0_.is_enabled as is_enabl5_8_0_,
        user0_.last_login as last_log6_8_0_,
        user0_.mobile_number as mobile_n7_8_0_,
        user0_.password as password8_8_0_,
        user0_.profile_photo as profile_9_8_0_,
        user0_.profile_photo_content_type as profile10_8_0_,
        user0_.role as role11_8_0_,
        user0_.session_id as session12_8_0_,
        user0_.updated_at as updated13_8_0_,
        user0_.username as usernam14_8_0_ 
    from
        users user0_ 
    where
        user0_.user_id=?
2026-03-10 14:51:47 [TRACE] BasicBinder:64 - binding parameter [1] as [BIGINT] - [37]
2026-03-10 14:51:47 [DEBUG] SQL:144 - 
    select
        userprofil0_.profile_id as profile_1_7_0_,
        userprofil0_.address as address2_7_0_,
        userprofil0_.city as city3_7_0_,
        userprofil0_.date_of_birth as date_of_4_7_0_,
        userprofil0_.gender as gender5_7_0_,
        userprofil0_.id as id6_7_0_,
        userprofil0_.occupation as occupati7_7_0_,
        userprofil0_.pincode as pincode8_7_0_,
        userprofil0_.state as state9_7_0_,
        userprofil0_.user_id as user_id10_7_0_ 
    from
        user_profiles userprofil0_ 
    where
        userprofil0_.user_id=?
2026-03-10 14:51:47 [TRACE] BasicBinder:64 - binding parameter [1] as [BIGINT] - [37]
2026-03-10 14:51:47 [DEBUG] SQL:144 - 
    select
        ticket0_.ticket_id as ticket_i1_4_0_,
        train1_.train_no as train_no1_6_1_,
        ticket0_.booking_date as booking_2_4_0_,
        ticket0_.booking_status as booking_3_4_0_,
        ticket0_.cancellation_charges as cancella4_4_0_,
        ticket0_.cancellation_date as cancella5_4_0_,
        ticket0_.cancellation_reason as cancella6_4_0_,
        ticket0_.cancellation_requested_date as cancella7_4_0_,
        ticket0_.class_type as class_ty8_4_0_,
        ticket0_.destination_station as destinat9_4_0_,
        ticket0_.journey_date as journey10_4_0_,
        ticket0_.meal_id as meal_id11_4_0_,
        ticket0_.meal_quantity as meal_qu12_4_0_,
        ticket0_.number_of_seats as number_13_4_0_,
        ticket0_.passenger_age as passeng14_4_0_,
        ticket0_.passenger_gender as passeng15_4_0_,
        ticket0_.passenger_name as passeng16_4_0_,
        ticket0_.payment_id as payment17_4_0_,
        ticket0_.payment_method as payment18_4_0_,
        ticket0_.payment_status as payment19_4_0_,
        ticket0_.refund_amount as refund_20_4_0_,
        ticket0_.refund_date as refund_21_4_0_,
        ticket0_.refund_percentage as refund_22_4_0_,
        ticket0_.refund_processed_date as refund_23_4_0_,
        ticket0_.refund_status as refund_24_4_0_,
        ticket0_.refund_transaction_id as refund_25_4_0_,
        ticket0_.source_station as source_26_4_0_,
        ticket0_.ticket_status as ticket_27_4_0_,
        ticket0_.total_fare as total_f28_4_0_,
        ticket0_.train_no as train_n29_4_0_,
        ticket0_.user_id as user_id30_4_0_,
        train1_.ac_fare as ac_fare2_6_1_,
        train1_.ac_seats as ac_seats3_6_1_,
        train1_.arrival_time as arrival_4_6_1_,
        train1_.available_seats as availabl5_6_1_,
        train1_.created_at as created_6_6_1_,
        train1_.departure_time as departur7_6_1_,
        train1_.destination as destinat8_6_1_,
        train1_.destination_station as destinat9_6_1_,
        train1_.general_fare as general10_6_1_,
        train1_.general_seats as general11_6_1_,
        train1_.is_active as is_acti12_6_1_,
        train1_.journey_date as journey13_6_1_,
        train1_.sleeper_fare as sleeper14_6_1_,
        train1_.sleeper_seats as sleeper15_6_1_,
        train1_.source as source16_6_1_,
        train1_.source_station as source_17_6_1_,
        train1_.ticket_price as ticket_18_6_1_,
        train1_.train_name as train_n19_6_1_,
        train1_.travel_date as travel_20_6_1_,
        train1_.updated_at as updated21_6_1_ 
    from
        tickets ticket0_ 
    left outer join
        trains train1_ 
            on ticket0_.train_no=train1_.train_no 
    where
        ticket0_.user_id=? 
    order by
        ticket0_.booking_date DESC
2026-03-10 14:51:47 [TRACE] BasicBinder:64 - binding parameter [1] as [BIGINT] - [37]
2026-03-10 14:51:48 [INFO ] BookingServiceImpl:170 - Fetching active bookings for user: 37
2026-03-10 14:51:48 [INFO ] BookingServiceImpl:170 - Fetching active bookings for user: 37
2026-03-10 14:51:48 [DEBUG] SQL:144 - 
    select
        ticket0_.ticket_id as ticket_i1_4_0_,
        train1_.train_no as train_no1_6_1_,
        ticket0_.booking_date as booking_2_4_0_,
        ticket0_.booking_status as booking_3_4_0_,
        ticket0_.cancellation_charges as cancella4_4_0_,
        ticket0_.cancellation_date as cancella5_4_0_,
        ticket0_.cancellation_reason as cancella6_4_0_,
        ticket0_.cancellation_requested_date as cancella7_4_0_,
        ticket0_.class_type as class_ty8_4_0_,
        ticket0_.destination_station as destinat9_4_0_,
        ticket0_.journey_date as journey10_4_0_,
        ticket0_.meal_id as meal_id11_4_0_,
        ticket0_.meal_quantity as meal_qu12_4_0_,
        ticket0_.number_of_seats as number_13_4_0_,
        ticket0_.passenger_age as passeng14_4_0_,
        ticket0_.passenger_gender as passeng15_4_0_,
        ticket0_.passenger_name as passeng16_4_0_,
        ticket0_.payment_id as payment17_4_0_,
        ticket0_.payment_method as payment18_4_0_,
        ticket0_.payment_status as payment19_4_0_,
        ticket0_.refund_amount as refund_20_4_0_,
        ticket0_.refund_date as refund_21_4_0_,
        ticket0_.refund_percentage as refund_22_4_0_,
        ticket0_.refund_processed_date as refund_23_4_0_,
        ticket0_.refund_status as refund_24_4_0_,
        ticket0_.refund_transaction_id as refund_25_4_0_,
        ticket0_.source_station as source_26_4_0_,
        ticket0_.ticket_status as ticket_27_4_0_,
        ticket0_.total_fare as total_f28_4_0_,
        ticket0_.train_no as train_n29_4_0_,
        ticket0_.user_id as user_id30_4_0_,
        train1_.ac_fare as ac_fare2_6_1_,
        train1_.ac_seats as ac_seats3_6_1_,
        train1_.arrival_time as arrival_4_6_1_,
        train1_.available_seats as availabl5_6_1_,
        train1_.created_at as created_6_6_1_,
        train1_.departure_time as departur7_6_1_,
        train1_.destination as destinat8_6_1_,
        train1_.destination_station as destinat9_6_1_,
        train1_.general_fare as general10_6_1_,
        train1_.general_seats as general11_6_1_,
        train1_.is_active as is_acti12_6_1_,
        train1_.journey_date as journey13_6_1_,
        train1_.sleeper_fare as sleeper14_6_1_,
        train1_.sleeper_seats as sleeper15_6_1_,
        train1_.source as source16_6_1_,
        train1_.source_station as source_17_6_1_,
        train1_.ticket_price as ticket_18_6_1_,
        train1_.train_name as train_n19_6_1_,
        train1_.travel_date as travel_20_6_1_,
        train1_.updated_at as updated21_6_1_ 
    from
        tickets ticket0_ 
    left outer join
        trains train1_ 
            on ticket0_.train_no=train1_.train_no 
    where
        ticket0_.user_id=? 
        and ticket0_.journey_date>=CURRENT_DATE 
        and ticket0_.ticket_status='CONFIRMED'
2026-03-10 14:51:48 [TRACE] BasicBinder:64 - binding parameter [1] as [BIGINT] - [37]
2026-03-10 14:51:48 [INFO ] BookingServiceImpl:176 - Fetching past bookings for user: 37
2026-03-10 14:51:48 [INFO ] BookingServiceImpl:176 - Fetching past bookings for user: 37
2026-03-10 14:51:48 [DEBUG] SQL:144 - 
    select
        ticket0_.ticket_id as ticket_i1_4_0_,
        train1_.train_no as train_no1_6_1_,
        ticket0_.booking_date as booking_2_4_0_,
        ticket0_.booking_status as booking_3_4_0_,
        ticket0_.cancellation_charges as cancella4_4_0_,
        ticket0_.cancellation_date as cancella5_4_0_,
        ticket0_.cancellation_reason as cancella6_4_0_,
        ticket0_.cancellation_requested_date as cancella7_4_0_,
        ticket0_.class_type as class_ty8_4_0_,
        ticket0_.destination_station as destinat9_4_0_,
        ticket0_.journey_date as journey10_4_0_,
        ticket0_.meal_id as meal_id11_4_0_,
        ticket0_.meal_quantity as meal_qu12_4_0_,
        ticket0_.number_of_seats as number_13_4_0_,
        ticket0_.passenger_age as passeng14_4_0_,
        ticket0_.passenger_gender as passeng15_4_0_,
        ticket0_.passenger_name as passeng16_4_0_,
        ticket0_.payment_id as payment17_4_0_,
        ticket0_.payment_method as payment18_4_0_,
        ticket0_.payment_status as payment19_4_0_,
        ticket0_.refund_amount as refund_20_4_0_,
        ticket0_.refund_date as refund_21_4_0_,
        ticket0_.refund_percentage as refund_22_4_0_,
        ticket0_.refund_processed_date as refund_23_4_0_,
        ticket0_.refund_status as refund_24_4_0_,
        ticket0_.refund_transaction_id as refund_25_4_0_,
        ticket0_.source_station as source_26_4_0_,
        ticket0_.ticket_status as ticket_27_4_0_,
        ticket0_.total_fare as total_f28_4_0_,
        ticket0_.train_no as train_n29_4_0_,
        ticket0_.user_id as user_id30_4_0_,
        train1_.ac_fare as ac_fare2_6_1_,
        train1_.ac_seats as ac_seats3_6_1_,
        train1_.arrival_time as arrival_4_6_1_,
        train1_.available_seats as availabl5_6_1_,
        train1_.created_at as created_6_6_1_,
        train1_.departure_time as departur7_6_1_,
        train1_.destination as destinat8_6_1_,
        train1_.destination_station as destinat9_6_1_,
        train1_.general_fare as general10_6_1_,
        train1_.general_seats as general11_6_1_,
        train1_.is_active as is_acti12_6_1_,
        train1_.journey_date as journey13_6_1_,
        train1_.sleeper_fare as sleeper14_6_1_,
        train1_.sleeper_seats as sleeper15_6_1_,
        train1_.source as source16_6_1_,
        train1_.source_station as source_17_6_1_,
        train1_.ticket_price as ticket_18_6_1_,
        train1_.train_name as train_n19_6_1_,
        train1_.travel_date as travel_20_6_1_,
        train1_.updated_at as updated21_6_1_ 
    from
        tickets ticket0_ 
    left outer join
        trains train1_ 
            on ticket0_.train_no=train1_.train_no 
    where
        ticket0_.user_id=? 
        and ticket0_.journey_date<CURRENT_DATE
2026-03-10 14:51:48 [TRACE] BasicBinder:64 - binding parameter [1] as [BIGINT] - [37]
2026-03-10 14:51:48 [DEBUG] SQL:144 - 
    select
        ticket0_.ticket_id as ticket_i1_4_0_,
        train1_.train_no as train_no1_6_1_,
        ticket0_.booking_date as booking_2_4_0_,
        ticket0_.booking_status as booking_3_4_0_,
        ticket0_.cancellation_charges as cancella4_4_0_,
        ticket0_.cancellation_date as cancella5_4_0_,
        ticket0_.cancellation_reason as cancella6_4_0_,
        ticket0_.cancellation_requested_date as cancella7_4_0_,
        ticket0_.class_type as class_ty8_4_0_,
        ticket0_.destination_station as destinat9_4_0_,
        ticket0_.journey_date as journey10_4_0_,
        ticket0_.meal_id as meal_id11_4_0_,
        ticket0_.meal_quantity as meal_qu12_4_0_,
        ticket0_.number_of_seats as number_13_4_0_,
        ticket0_.passenger_age as passeng14_4_0_,
        ticket0_.passenger_gender as passeng15_4_0_,
        ticket0_.passenger_name as passeng16_4_0_,
        ticket0_.payment_id as payment17_4_0_,
        ticket0_.payment_method as payment18_4_0_,
        ticket0_.payment_status as payment19_4_0_,
        ticket0_.refund_amount as refund_20_4_0_,
        ticket0_.refund_date as refund_21_4_0_,
        ticket0_.refund_percentage as refund_22_4_0_,
        ticket0_.refund_processed_date as refund_23_4_0_,
        ticket0_.refund_status as refund_24_4_0_,
        ticket0_.refund_transaction_id as refund_25_4_0_,
        ticket0_.source_station as source_26_4_0_,
        ticket0_.ticket_status as ticket_27_4_0_,
        ticket0_.total_fare as total_f28_4_0_,
        ticket0_.train_no as train_n29_4_0_,
        ticket0_.user_id as user_id30_4_0_,
        train1_.ac_fare as ac_fare2_6_1_,
        train1_.ac_seats as ac_seats3_6_1_,
        train1_.arrival_time as arrival_4_6_1_,
        train1_.available_seats as availabl5_6_1_,
        train1_.created_at as created_6_6_1_,
        train1_.departure_time as departur7_6_1_,
        train1_.destination as destinat8_6_1_,
        train1_.destination_station as destinat9_6_1_,
        train1_.general_fare as general10_6_1_,
        train1_.general_seats as general11_6_1_,
        train1_.is_active as is_acti12_6_1_,
        train1_.journey_date as journey13_6_1_,
        train1_.sleeper_fare as sleeper14_6_1_,
        train1_.sleeper_seats as sleeper15_6_1_,
        train1_.source as source16_6_1_,
        train1_.source_station as source_17_6_1_,
        train1_.ticket_price as ticket_18_6_1_,
        train1_.train_name as train_n19_6_1_,
        train1_.travel_date as travel_20_6_1_,
        train1_.updated_at as updated21_6_1_ 
    from
        tickets ticket0_ 
    left outer join
        trains train1_ 
            on ticket0_.train_no=train1_.train_no 
    where
        ticket0_.user_id=? 
        and ticket0_.ticket_status='CANCELLED'
2026-03-10 14:51:48 [TRACE] BasicBinder:64 - binding parameter [1] as [BIGINT] - [37]
2026-03-10 14:51:48 [INFO ] UserController:173 - Loaded 8 total bookings for user
2026-03-10 14:51:48 [INFO ] UserController:173 - Loaded 8 total bookings for user
2026-03-10 14:51:48 [DEBUG] DispatcherServlet:120 - GET "/RailEase/webjars/datatables/1.13.6/css/dataTables.bootstrap5.min.css", parameters={}
2026-03-10 14:51:48 [DEBUG] SimpleUrlHandlerMapping:522 - Mapped to ResourceHttpRequestHandler [ServletContext [/webjars/]]
2026-03-10 14:51:48 [DEBUG] ResourceHttpRequestHandler:560 - Resource not found
2026-03-10 14:51:48 [DEBUG] DispatcherServlet:1131 - Completed 404 NOT_FOUND
2026-03-10 14:51:48 [DEBUG] DispatcherServlet:120 - "ERROR" dispatch for GET "/RailEase/error", parameters={}
2026-03-10 14:51:48 [DEBUG] RequestMappingHandlerMapping:522 - Mapped to org.springframework.boot.autoconfigure.web.servlet.error.BasicErrorController#error(HttpServletRequest)
2026-03-10 14:51:48 [DEBUG] HttpEntityMethodProcessor:268 - Using 'application/json;q=0.1', given [text/css, */*;q=0.1] and supported [application/json, application/*+json, application/json, application/*+json]
2026-03-10 14:51:48 [DEBUG] HttpEntityMethodProcessor:120 - Writing [{timestamp=Tue Mar 10 14:51:48 IST 2026, status=404, error=Not Found, message=No message available,  (truncated)...]
2026-03-10 14:51:48 [DEBUG] DispatcherServlet:1127 - Exiting from "ERROR" dispatch, status 404
2026-03-10 14:51:48 [DEBUG] DispatcherServlet:1131 - Completed 200 OK
2026-03-10 14:51:53 [DEBUG] DispatcherServlet:120 - GET "/RailEase/user/dashboard", parameters={}
2026-03-10 14:51:53 [DEBUG] RequestMappingHandlerMapping:522 - Mapped to com.railease.controller.UserController#dashboard(HttpSession, Model)
2026-03-10 14:51:53 [DEBUG] SQL:144 - 
    select
        count(ticket0_.ticket_id) as col_0_0_ 
    from
        tickets ticket0_ 
    where
        ticket0_.user_id=?
2026-03-10 14:51:53 [TRACE] BasicBinder:64 - binding parameter [1] as [BIGINT] - [37]
2026-03-10 14:51:53 [DEBUG] SQL:144 - 
    select
        count(ticket0_.ticket_id) as col_0_0_ 
    from
        tickets ticket0_ 
    where
        ticket0_.user_id=? 
        and ticket0_.journey_date>=CURRENT_DATE 
        and ticket0_.ticket_status='CONFIRMED'
2026-03-10 14:51:53 [TRACE] BasicBinder:64 - binding parameter [1] as [BIGINT] - [37]
2026-03-10 14:51:53 [INFO ] BookingServiceImpl:752 - Calculating total spent for user: 37
2026-03-10 14:51:53 [INFO ] BookingServiceImpl:752 - Calculating total spent for user: 37
2026-03-10 14:51:53 [DEBUG] SQL:144 - 
    select
        user0_.user_id as user_id1_8_0_,
        user0_.created_at as created_2_8_0_,
        user0_.email as email3_8_0_,
        user0_.full_name as full_nam4_8_0_,
        user0_.is_enabled as is_enabl5_8_0_,
        user0_.last_login as last_log6_8_0_,
        user0_.mobile_number as mobile_n7_8_0_,
        user0_.password as password8_8_0_,
        user0_.profile_photo as profile_9_8_0_,
        user0_.profile_photo_content_type as profile10_8_0_,
        user0_.role as role11_8_0_,
        user0_.session_id as session12_8_0_,
        user0_.updated_at as updated13_8_0_,
        user0_.username as usernam14_8_0_ 
    from
        users user0_ 
    where
        user0_.user_id=?
2026-03-10 14:51:53 [TRACE] BasicBinder:64 - binding parameter [1] as [BIGINT] - [37]
2026-03-10 14:51:53 [DEBUG] SQL:144 - 
    select
        userprofil0_.profile_id as profile_1_7_0_,
        userprofil0_.address as address2_7_0_,
        userprofil0_.city as city3_7_0_,
        userprofil0_.date_of_birth as date_of_4_7_0_,
        userprofil0_.gender as gender5_7_0_,
        userprofil0_.id as id6_7_0_,
        userprofil0_.occupation as occupati7_7_0_,
        userprofil0_.pincode as pincode8_7_0_,
        userprofil0_.state as state9_7_0_,
        userprofil0_.user_id as user_id10_7_0_ 
    from
        user_profiles userprofil0_ 
    where
        userprofil0_.user_id=?
2026-03-10 14:51:53 [TRACE] BasicBinder:64 - binding parameter [1] as [BIGINT] - [37]
2026-03-10 14:51:53 [DEBUG] SQL:144 - 
    select
        ticket0_.ticket_id as ticket_i1_4_0_,
        train1_.train_no as train_no1_6_1_,
        ticket0_.booking_date as booking_2_4_0_,
        ticket0_.booking_status as booking_3_4_0_,
        ticket0_.cancellation_charges as cancella4_4_0_,
        ticket0_.cancellation_date as cancella5_4_0_,
        ticket0_.cancellation_reason as cancella6_4_0_,
        ticket0_.cancellation_requested_date as cancella7_4_0_,
        ticket0_.class_type as class_ty8_4_0_,
        ticket0_.destination_station as destinat9_4_0_,
        ticket0_.journey_date as journey10_4_0_,
        ticket0_.meal_id as meal_id11_4_0_,
        ticket0_.meal_quantity as meal_qu12_4_0_,
        ticket0_.number_of_seats as number_13_4_0_,
        ticket0_.passenger_age as passeng14_4_0_,
        ticket0_.passenger_gender as passeng15_4_0_,
        ticket0_.passenger_name as passeng16_4_0_,
        ticket0_.payment_id as payment17_4_0_,
        ticket0_.payment_method as payment18_4_0_,
        ticket0_.payment_status as payment19_4_0_,
        ticket0_.refund_amount as refund_20_4_0_,
        ticket0_.refund_date as refund_21_4_0_,
        ticket0_.refund_percentage as refund_22_4_0_,
        ticket0_.refund_processed_date as refund_23_4_0_,
        ticket0_.refund_status as refund_24_4_0_,
        ticket0_.refund_transaction_id as refund_25_4_0_,
        ticket0_.source_station as source_26_4_0_,
        ticket0_.ticket_status as ticket_27_4_0_,
        ticket0_.total_fare as total_f28_4_0_,
        ticket0_.train_no as train_n29_4_0_,
        ticket0_.user_id as user_id30_4_0_,
        train1_.ac_fare as ac_fare2_6_1_,
        train1_.ac_seats as ac_seats3_6_1_,
        train1_.arrival_time as arrival_4_6_1_,
        train1_.available_seats as availabl5_6_1_,
        train1_.created_at as created_6_6_1_,
        train1_.departure_time as departur7_6_1_,
        train1_.destination as destinat8_6_1_,
        train1_.destination_station as destinat9_6_1_,
        train1_.general_fare as general10_6_1_,
        train1_.general_seats as general11_6_1_,
        train1_.is_active as is_acti12_6_1_,
        train1_.journey_date as journey13_6_1_,
        train1_.sleeper_fare as sleeper14_6_1_,
        train1_.sleeper_seats as sleeper15_6_1_,
        train1_.source as source16_6_1_,
        train1_.source_station as source_17_6_1_,
        train1_.ticket_price as ticket_18_6_1_,
        train1_.train_name as train_n19_6_1_,
        train1_.travel_date as travel_20_6_1_,
        train1_.updated_at as updated21_6_1_ 
    from
        tickets ticket0_ 
    left outer join
        trains train1_ 
            on ticket0_.train_no=train1_.train_no 
    where
        ticket0_.user_id=? 
    order by
        ticket0_.booking_date DESC
2026-03-10 14:51:53 [TRACE] BasicBinder:64 - binding parameter [1] as [BIGINT] - [37]
2026-03-10 14:51:53 [DEBUG] SQL:144 - 
    select
        user0_.user_id as user_id1_8_0_,
        user0_.created_at as created_2_8_0_,
        user0_.email as email3_8_0_,
        user0_.full_name as full_nam4_8_0_,
        user0_.is_enabled as is_enabl5_8_0_,
        user0_.last_login as last_log6_8_0_,
        user0_.mobile_number as mobile_n7_8_0_,
        user0_.password as password8_8_0_,
        user0_.profile_photo as profile_9_8_0_,
        user0_.profile_photo_content_type as profile10_8_0_,
        user0_.role as role11_8_0_,
        user0_.session_id as session12_8_0_,
        user0_.updated_at as updated13_8_0_,
        user0_.username as usernam14_8_0_ 
    from
        users user0_ 
    where
        user0_.user_id=?
2026-03-10 14:51:53 [TRACE] BasicBinder:64 - binding parameter [1] as [BIGINT] - [37]
2026-03-10 14:51:53 [DEBUG] SQL:144 - 
    select
        userprofil0_.profile_id as profile_1_7_0_,
        userprofil0_.address as address2_7_0_,
        userprofil0_.city as city3_7_0_,
        userprofil0_.date_of_birth as date_of_4_7_0_,
        userprofil0_.gender as gender5_7_0_,
        userprofil0_.id as id6_7_0_,
        userprofil0_.occupation as occupati7_7_0_,
        userprofil0_.pincode as pincode8_7_0_,
        userprofil0_.state as state9_7_0_,
        userprofil0_.user_id as user_id10_7_0_ 
    from
        user_profiles userprofil0_ 
    where
        userprofil0_.user_id=?
2026-03-10 14:51:53 [TRACE] BasicBinder:64 - binding parameter [1] as [BIGINT] - [37]
2026-03-10 14:51:53 [DEBUG] SQL:144 - 
    select
        ticket0_.ticket_id as ticket_i1_4_0_,
        train1_.train_no as train_no1_6_1_,
        ticket0_.booking_date as booking_2_4_0_,
        ticket0_.booking_status as booking_3_4_0_,
        ticket0_.cancellation_charges as cancella4_4_0_,
        ticket0_.cancellation_date as cancella5_4_0_,
        ticket0_.cancellation_reason as cancella6_4_0_,
        ticket0_.cancellation_requested_date as cancella7_4_0_,
        ticket0_.class_type as class_ty8_4_0_,
        ticket0_.destination_station as destinat9_4_0_,
        ticket0_.journey_date as journey10_4_0_,
        ticket0_.meal_id as meal_id11_4_0_,
        ticket0_.meal_quantity as meal_qu12_4_0_,
        ticket0_.number_of_seats as number_13_4_0_,
        ticket0_.passenger_age as passeng14_4_0_,
        ticket0_.passenger_gender as passeng15_4_0_,
        ticket0_.passenger_name as passeng16_4_0_,
        ticket0_.payment_id as payment17_4_0_,
        ticket0_.payment_method as payment18_4_0_,
        ticket0_.payment_status as payment19_4_0_,
        ticket0_.refund_amount as refund_20_4_0_,
        ticket0_.refund_date as refund_21_4_0_,
        ticket0_.refund_percentage as refund_22_4_0_,
        ticket0_.refund_processed_date as refund_23_4_0_,
        ticket0_.refund_status as refund_24_4_0_,
        ticket0_.refund_transaction_id as refund_25_4_0_,
        ticket0_.source_station as source_26_4_0_,
        ticket0_.ticket_status as ticket_27_4_0_,
        ticket0_.total_fare as total_f28_4_0_,
        ticket0_.train_no as train_n29_4_0_,
        ticket0_.user_id as user_id30_4_0_,
        train1_.ac_fare as ac_fare2_6_1_,
        train1_.ac_seats as ac_seats3_6_1_,
        train1_.arrival_time as arrival_4_6_1_,
        train1_.available_seats as availabl5_6_1_,
        train1_.created_at as created_6_6_1_,
        train1_.departure_time as departur7_6_1_,
        train1_.destination as destinat8_6_1_,
        train1_.destination_station as destinat9_6_1_,
        train1_.general_fare as general10_6_1_,
        train1_.general_seats as general11_6_1_,
        train1_.is_active as is_acti12_6_1_,
        train1_.journey_date as journey13_6_1_,
        train1_.sleeper_fare as sleeper14_6_1_,
        train1_.sleeper_seats as sleeper15_6_1_,
        train1_.source as source16_6_1_,
        train1_.source_station as source_17_6_1_,
        train1_.ticket_price as ticket_18_6_1_,
        train1_.train_name as train_n19_6_1_,
        train1_.travel_date as travel_20_6_1_,
        train1_.updated_at as updated21_6_1_ 
    from
        tickets ticket0_ 
    left outer join
        trains train1_ 
            on ticket0_.train_no=train1_.train_no 
    where
        ticket0_.user_id=? 
    order by
        ticket0_.booking_date DESC limit ?
2026-03-10 14:51:53 [TRACE] BasicBinder:64 - binding parameter [1] as [BIGINT] - [37]
2026-03-10 14:51:53 [INFO ] BookingServiceImpl:170 - Fetching active bookings for user: 37
2026-03-10 14:51:53 [INFO ] BookingServiceImpl:170 - Fetching active bookings for user: 37
2026-03-10 14:51:53 [DEBUG] SQL:144 - 
    select
        ticket0_.ticket_id as ticket_i1_4_0_,
        train1_.train_no as train_no1_6_1_,
        ticket0_.booking_date as booking_2_4_0_,
        ticket0_.booking_status as booking_3_4_0_,
        ticket0_.cancellation_charges as cancella4_4_0_,
        ticket0_.cancellation_date as cancella5_4_0_,
        ticket0_.cancellation_reason as cancella6_4_0_,
        ticket0_.cancellation_requested_date as cancella7_4_0_,
        ticket0_.class_type as class_ty8_4_0_,
        ticket0_.destination_station as destinat9_4_0_,
        ticket0_.journey_date as journey10_4_0_,
        ticket0_.meal_id as meal_id11_4_0_,
        ticket0_.meal_quantity as meal_qu12_4_0_,
        ticket0_.number_of_seats as number_13_4_0_,
        ticket0_.passenger_age as passeng14_4_0_,
        ticket0_.passenger_gender as passeng15_4_0_,
        ticket0_.passenger_name as passeng16_4_0_,
        ticket0_.payment_id as payment17_4_0_,
        ticket0_.payment_method as payment18_4_0_,
        ticket0_.payment_status as payment19_4_0_,
        ticket0_.refund_amount as refund_20_4_0_,
        ticket0_.refund_date as refund_21_4_0_,
        ticket0_.refund_percentage as refund_22_4_0_,
        ticket0_.refund_processed_date as refund_23_4_0_,
        ticket0_.refund_status as refund_24_4_0_,
        ticket0_.refund_transaction_id as refund_25_4_0_,
        ticket0_.source_station as source_26_4_0_,
        ticket0_.ticket_status as ticket_27_4_0_,
        ticket0_.total_fare as total_f28_4_0_,
        ticket0_.train_no as train_n29_4_0_,
        ticket0_.user_id as user_id30_4_0_,
        train1_.ac_fare as ac_fare2_6_1_,
        train1_.ac_seats as ac_seats3_6_1_,
        train1_.arrival_time as arrival_4_6_1_,
        train1_.available_seats as availabl5_6_1_,
        train1_.created_at as created_6_6_1_,
        train1_.departure_time as departur7_6_1_,
        train1_.destination as destinat8_6_1_,
        train1_.destination_station as destinat9_6_1_,
        train1_.general_fare as general10_6_1_,
        train1_.general_seats as general11_6_1_,
        train1_.is_active as is_acti12_6_1_,
        train1_.journey_date as journey13_6_1_,
        train1_.sleeper_fare as sleeper14_6_1_,
        train1_.sleeper_seats as sleeper15_6_1_,
        train1_.source as source16_6_1_,
        train1_.source_station as source_17_6_1_,
        train1_.ticket_price as ticket_18_6_1_,
        train1_.train_name as train_n19_6_1_,
        train1_.travel_date as travel_20_6_1_,
        train1_.updated_at as updated21_6_1_ 
    from
        tickets ticket0_ 
    left outer join
        trains train1_ 
            on ticket0_.train_no=train1_.train_no 
    where
        ticket0_.user_id=? 
        and ticket0_.journey_date>=CURRENT_DATE 
        and ticket0_.ticket_status='CONFIRMED'
2026-03-10 14:51:53 [TRACE] BasicBinder:64 - binding parameter [1] as [BIGINT] - [37]
2026-03-10 14:51:53 [INFO ] BookingServiceImpl:176 - Fetching past bookings for user: 37
2026-03-10 14:51:53 [INFO ] BookingServiceImpl:176 - Fetching past bookings for user: 37
2026-03-10 14:51:53 [DEBUG] SQL:144 - 
    select
        ticket0_.ticket_id as ticket_i1_4_0_,
        train1_.train_no as train_no1_6_1_,
        ticket0_.booking_date as booking_2_4_0_,
        ticket0_.booking_status as booking_3_4_0_,
        ticket0_.cancellation_charges as cancella4_4_0_,
        ticket0_.cancellation_date as cancella5_4_0_,
        ticket0_.cancellation_reason as cancella6_4_0_,
        ticket0_.cancellation_requested_date as cancella7_4_0_,
        ticket0_.class_type as class_ty8_4_0_,
        ticket0_.destination_station as destinat9_4_0_,
        ticket0_.journey_date as journey10_4_0_,
        ticket0_.meal_id as meal_id11_4_0_,
        ticket0_.meal_quantity as meal_qu12_4_0_,
        ticket0_.number_of_seats as number_13_4_0_,
        ticket0_.passenger_age as passeng14_4_0_,
        ticket0_.passenger_gender as passeng15_4_0_,
        ticket0_.passenger_name as passeng16_4_0_,
        ticket0_.payment_id as payment17_4_0_,
        ticket0_.payment_method as payment18_4_0_,
        ticket0_.payment_status as payment19_4_0_,
        ticket0_.refund_amount as refund_20_4_0_,
        ticket0_.refund_date as refund_21_4_0_,
        ticket0_.refund_percentage as refund_22_4_0_,
        ticket0_.refund_processed_date as refund_23_4_0_,
        ticket0_.refund_status as refund_24_4_0_,
        ticket0_.refund_transaction_id as refund_25_4_0_,
        ticket0_.source_station as source_26_4_0_,
        ticket0_.ticket_status as ticket_27_4_0_,
        ticket0_.total_fare as total_f28_4_0_,
        ticket0_.train_no as train_n29_4_0_,
        ticket0_.user_id as user_id30_4_0_,
        train1_.ac_fare as ac_fare2_6_1_,
        train1_.ac_seats as ac_seats3_6_1_,
        train1_.arrival_time as arrival_4_6_1_,
        train1_.available_seats as availabl5_6_1_,
        train1_.created_at as created_6_6_1_,
        train1_.departure_time as departur7_6_1_,
        train1_.destination as destinat8_6_1_,
        train1_.destination_station as destinat9_6_1_,
        train1_.general_fare as general10_6_1_,
        train1_.general_seats as general11_6_1_,
        train1_.is_active as is_acti12_6_1_,
        train1_.journey_date as journey13_6_1_,
        train1_.sleeper_fare as sleeper14_6_1_,
        train1_.sleeper_seats as sleeper15_6_1_,
        train1_.source as source16_6_1_,
        train1_.source_station as source_17_6_1_,
        train1_.ticket_price as ticket_18_6_1_,
        train1_.train_name as train_n19_6_1_,
        train1_.travel_date as travel_20_6_1_,
        train1_.updated_at as updated21_6_1_ 
    from
        tickets ticket0_ 
    left outer join
        trains train1_ 
            on ticket0_.train_no=train1_.train_no 
    where
        ticket0_.user_id=? 
        and ticket0_.journey_date<CURRENT_DATE
2026-03-10 14:51:53 [TRACE] BasicBinder:64 - binding parameter [1] as [BIGINT] - [37]
2026-03-10 14:51:53 [INFO ] MealServiceImpl:180 - Fetching meal orders for user: 37
2026-03-10 14:51:53 [INFO ] MealServiceImpl:180 - Fetching meal orders for user: 37
2026-03-10 14:51:53 [DEBUG] SQL:144 - 
    select
        user0_.user_id as user_id1_8_0_,
        user0_.created_at as created_2_8_0_,
        user0_.email as email3_8_0_,
        user0_.full_name as full_nam4_8_0_,
        user0_.is_enabled as is_enabl5_8_0_,
        user0_.last_login as last_log6_8_0_,
        user0_.mobile_number as mobile_n7_8_0_,
        user0_.password as password8_8_0_,
        user0_.profile_photo as profile_9_8_0_,
        user0_.profile_photo_content_type as profile10_8_0_,
        user0_.role as role11_8_0_,
        user0_.session_id as session12_8_0_,
        user0_.updated_at as updated13_8_0_,
        user0_.username as usernam14_8_0_ 
    from
        users user0_ 
    where
        user0_.user_id=?
2026-03-10 14:51:53 [TRACE] BasicBinder:64 - binding parameter [1] as [BIGINT] - [37]
2026-03-10 14:51:53 [DEBUG] SQL:144 - 
    select
        userprofil0_.profile_id as profile_1_7_0_,
        userprofil0_.address as address2_7_0_,
        userprofil0_.city as city3_7_0_,
        userprofil0_.date_of_birth as date_of_4_7_0_,
        userprofil0_.gender as gender5_7_0_,
        userprofil0_.id as id6_7_0_,
        userprofil0_.occupation as occupati7_7_0_,
        userprofil0_.pincode as pincode8_7_0_,
        userprofil0_.state as state9_7_0_,
        userprofil0_.user_id as user_id10_7_0_ 
    from
        user_profiles userprofil0_ 
    where
        userprofil0_.user_id=?
2026-03-10 14:51:53 [TRACE] BasicBinder:64 - binding parameter [1] as [BIGINT] - [37]
2026-03-10 14:51:53 [DEBUG] SQL:144 - 
    select
        mealorder0_.order_id as order_id1_0_,
        mealorder0_.cancellation_date as cancella2_0_,
        mealorder0_.cancellation_reason as cancella3_0_,
        mealorder0_.delivery_station as delivery4_0_,
        mealorder0_.delivery_status as delivery5_0_,
        mealorder0_.id as id6_0_,
        mealorder0_.meal_id as meal_id13_0_,
        mealorder0_.order_date as order_da7_0_,
        mealorder0_.quantity as quantity8_0_,
        mealorder0_.refund_amount as refund_a9_0_,
        mealorder0_.refund_status as refund_10_0_,
        mealorder0_.special_instructions as special11_0_,
        mealorder0_.ticket_id as ticket_14_0_,
        mealorder0_.total_price as total_p12_0_,
        mealorder0_.user_id as user_id15_0_ 
    from
        meal_orders mealorder0_ 
    where
        mealorder0_.user_id=? 
    order by
        mealorder0_.order_date desc
2026-03-10 14:51:53 [TRACE] BasicBinder:64 - binding parameter [1] as [BIGINT] - [37]
2026-03-10 14:51:53 [INFO ] MealServiceImpl:42 - Fetching available meals
2026-03-10 14:51:53 [INFO ] MealServiceImpl:42 - Fetching available meals
2026-03-10 14:51:53 [DEBUG] SQL:144 - 
    select
        meal0_.meal_id as meal_id1_1_,
        meal0_.availability_status as availabi2_1_,
        meal0_.created_at as created_3_1_,
        meal0_.description as descript4_1_,
        meal0_.image as image5_1_,
        meal0_.image_content_type as image_co6_1_,
        meal0_.image_url as image_ur7_1_,
        meal0_.is_available as is_avail8_1_,
        meal0_.meal_name as meal_nam9_1_,
        meal0_.meal_type as meal_ty10_1_,
        meal0_.preparation_time as prepara11_1_,
        meal0_.price as price12_1_,
        meal0_.updated_at as updated13_1_ 
    from
        meals meal0_ 
    where
        meal0_.availability_status=1
2026-03-10 14:51:53 [DEBUG] SQL:144 - 
    select
        count(ticket0_.ticket_id) as col_0_0_ 
    from
        tickets ticket0_ 
    where
        ticket0_.user_id=? 
        and ticket0_.refund_status='PENDING'
2026-03-10 14:51:53 [TRACE] BasicBinder:64 - binding parameter [1] as [BIGINT] - [37]
2026-03-10 14:51:53 [DEBUG] SQL:144 - 
    select
        count(ticket0_.ticket_id) as col_0_0_ 
    from
        tickets ticket0_ 
    where
        ticket0_.user_id=? 
        and ticket0_.refund_status='PROCESSING'
2026-03-10 14:51:53 [TRACE] BasicBinder:64 - binding parameter [1] as [BIGINT] - [37]
2026-03-10 14:51:53 [DEBUG] SQL:144 - 
    select
        count(ticket0_.ticket_id) as col_0_0_ 
    from
        tickets ticket0_ 
    where
        ticket0_.user_id=? 
        and ticket0_.refund_status='COMPLETED'
2026-03-10 14:51:53 [TRACE] BasicBinder:64 - binding parameter [1] as [BIGINT] - [37]
2026-03-10 14:51:53 [DEBUG] DispatcherServlet:1131 - Completed 200 OK
2026-03-10 14:52:06 [DEBUG] DispatcherServlet:120 - GET "/RailEase/user/my-bookings", parameters={}
2026-03-10 14:52:06 [DEBUG] RequestMappingHandlerMapping:522 - Mapped to com.railease.controller.UserController#myBookings(Model, HttpSession)
2026-03-10 14:52:06 [DEBUG] SQL:144 - 
    select
        user0_.user_id as user_id1_8_0_,
        user0_.created_at as created_2_8_0_,
        user0_.email as email3_8_0_,
        user0_.full_name as full_nam4_8_0_,
        user0_.is_enabled as is_enabl5_8_0_,
        user0_.last_login as last_log6_8_0_,
        user0_.mobile_number as mobile_n7_8_0_,
        user0_.password as password8_8_0_,
        user0_.profile_photo as profile_9_8_0_,
        user0_.profile_photo_content_type as profile10_8_0_,
        user0_.role as role11_8_0_,
        user0_.session_id as session12_8_0_,
        user0_.updated_at as updated13_8_0_,
        user0_.username as usernam14_8_0_ 
    from
        users user0_ 
    where
        user0_.user_id=?
2026-03-10 14:52:06 [TRACE] BasicBinder:64 - binding parameter [1] as [BIGINT] - [37]
2026-03-10 14:52:06 [DEBUG] SQL:144 - 
    select
        userprofil0_.profile_id as profile_1_7_0_,
        userprofil0_.address as address2_7_0_,
        userprofil0_.city as city3_7_0_,
        userprofil0_.date_of_birth as date_of_4_7_0_,
        userprofil0_.gender as gender5_7_0_,
        userprofil0_.id as id6_7_0_,
        userprofil0_.occupation as occupati7_7_0_,
        userprofil0_.pincode as pincode8_7_0_,
        userprofil0_.state as state9_7_0_,
        userprofil0_.user_id as user_id10_7_0_ 
    from
        user_profiles userprofil0_ 
    where
        userprofil0_.user_id=?
2026-03-10 14:52:06 [TRACE] BasicBinder:64 - binding parameter [1] as [BIGINT] - [37]
2026-03-10 14:52:06 [DEBUG] SQL:144 - 
    select
        ticket0_.ticket_id as ticket_i1_4_0_,
        train1_.train_no as train_no1_6_1_,
        ticket0_.booking_date as booking_2_4_0_,
        ticket0_.booking_status as booking_3_4_0_,
        ticket0_.cancellation_charges as cancella4_4_0_,
        ticket0_.cancellation_date as cancella5_4_0_,
        ticket0_.cancellation_reason as cancella6_4_0_,
        ticket0_.cancellation_requested_date as cancella7_4_0_,
        ticket0_.class_type as class_ty8_4_0_,
        ticket0_.destination_station as destinat9_4_0_,
        ticket0_.journey_date as journey10_4_0_,
        ticket0_.meal_id as meal_id11_4_0_,
        ticket0_.meal_quantity as meal_qu12_4_0_,
        ticket0_.number_of_seats as number_13_4_0_,
        ticket0_.passenger_age as passeng14_4_0_,
        ticket0_.passenger_gender as passeng15_4_0_,
        ticket0_.passenger_name as passeng16_4_0_,
        ticket0_.payment_id as payment17_4_0_,
        ticket0_.payment_method as payment18_4_0_,
        ticket0_.payment_status as payment19_4_0_,
        ticket0_.refund_amount as refund_20_4_0_,
        ticket0_.refund_date as refund_21_4_0_,
        ticket0_.refund_percentage as refund_22_4_0_,
        ticket0_.refund_processed_date as refund_23_4_0_,
        ticket0_.refund_status as refund_24_4_0_,
        ticket0_.refund_transaction_id as refund_25_4_0_,
        ticket0_.source_station as source_26_4_0_,
        ticket0_.ticket_status as ticket_27_4_0_,
        ticket0_.total_fare as total_f28_4_0_,
        ticket0_.train_no as train_n29_4_0_,
        ticket0_.user_id as user_id30_4_0_,
        train1_.ac_fare as ac_fare2_6_1_,
        train1_.ac_seats as ac_seats3_6_1_,
        train1_.arrival_time as arrival_4_6_1_,
        train1_.available_seats as availabl5_6_1_,
        train1_.created_at as created_6_6_1_,
        train1_.departure_time as departur7_6_1_,
        train1_.destination as destinat8_6_1_,
        train1_.destination_station as destinat9_6_1_,
        train1_.general_fare as general10_6_1_,
        train1_.general_seats as general11_6_1_,
        train1_.is_active as is_acti12_6_1_,
        train1_.journey_date as journey13_6_1_,
        train1_.sleeper_fare as sleeper14_6_1_,
        train1_.sleeper_seats as sleeper15_6_1_,
        train1_.source as source16_6_1_,
        train1_.source_station as source_17_6_1_,
        train1_.ticket_price as ticket_18_6_1_,
        train1_.train_name as train_n19_6_1_,
        train1_.travel_date as travel_20_6_1_,
        train1_.updated_at as updated21_6_1_ 
    from
        tickets ticket0_ 
    left outer join
        trains train1_ 
            on ticket0_.train_no=train1_.train_no 
    where
        ticket0_.user_id=? 
    order by
        ticket0_.booking_date DESC
2026-03-10 14:52:06 [TRACE] BasicBinder:64 - binding parameter [1] as [BIGINT] - [37]
2026-03-10 14:52:06 [INFO ] BookingServiceImpl:170 - Fetching active bookings for user: 37
2026-03-10 14:52:06 [INFO ] BookingServiceImpl:170 - Fetching active bookings for user: 37
2026-03-10 14:52:06 [DEBUG] SQL:144 - 
    select
        ticket0_.ticket_id as ticket_i1_4_0_,
        train1_.train_no as train_no1_6_1_,
        ticket0_.booking_date as booking_2_4_0_,
        ticket0_.booking_status as booking_3_4_0_,
        ticket0_.cancellation_charges as cancella4_4_0_,
        ticket0_.cancellation_date as cancella5_4_0_,
        ticket0_.cancellation_reason as cancella6_4_0_,
        ticket0_.cancellation_requested_date as cancella7_4_0_,
        ticket0_.class_type as class_ty8_4_0_,
        ticket0_.destination_station as destinat9_4_0_,
        ticket0_.journey_date as journey10_4_0_,
        ticket0_.meal_id as meal_id11_4_0_,
        ticket0_.meal_quantity as meal_qu12_4_0_,
        ticket0_.number_of_seats as number_13_4_0_,
        ticket0_.passenger_age as passeng14_4_0_,
        ticket0_.passenger_gender as passeng15_4_0_,
        ticket0_.passenger_name as passeng16_4_0_,
        ticket0_.payment_id as payment17_4_0_,
        ticket0_.payment_method as payment18_4_0_,
        ticket0_.payment_status as payment19_4_0_,
        ticket0_.refund_amount as refund_20_4_0_,
        ticket0_.refund_date as refund_21_4_0_,
        ticket0_.refund_percentage as refund_22_4_0_,
        ticket0_.refund_processed_date as refund_23_4_0_,
        ticket0_.refund_status as refund_24_4_0_,
        ticket0_.refund_transaction_id as refund_25_4_0_,
        ticket0_.source_station as source_26_4_0_,
        ticket0_.ticket_status as ticket_27_4_0_,
        ticket0_.total_fare as total_f28_4_0_,
        ticket0_.train_no as train_n29_4_0_,
        ticket0_.user_id as user_id30_4_0_,
        train1_.ac_fare as ac_fare2_6_1_,
        train1_.ac_seats as ac_seats3_6_1_,
        train1_.arrival_time as arrival_4_6_1_,
        train1_.available_seats as availabl5_6_1_,
        train1_.created_at as created_6_6_1_,
        train1_.departure_time as departur7_6_1_,
        train1_.destination as destinat8_6_1_,
        train1_.destination_station as destinat9_6_1_,
        train1_.general_fare as general10_6_1_,
        train1_.general_seats as general11_6_1_,
        train1_.is_active as is_acti12_6_1_,
        train1_.journey_date as journey13_6_1_,
        train1_.sleeper_fare as sleeper14_6_1_,
        train1_.sleeper_seats as sleeper15_6_1_,
        train1_.source as source16_6_1_,
        train1_.source_station as source_17_6_1_,
        train1_.ticket_price as ticket_18_6_1_,
        train1_.train_name as train_n19_6_1_,
        train1_.travel_date as travel_20_6_1_,
        train1_.updated_at as updated21_6_1_ 
    from
        tickets ticket0_ 
    left outer join
        trains train1_ 
            on ticket0_.train_no=train1_.train_no 
    where
        ticket0_.user_id=? 
        and ticket0_.journey_date>=CURRENT_DATE 
        and ticket0_.ticket_status='CONFIRMED'
2026-03-10 14:52:06 [TRACE] BasicBinder:64 - binding parameter [1] as [BIGINT] - [37]
2026-03-10 14:52:06 [INFO ] BookingServiceImpl:176 - Fetching past bookings for user: 37
2026-03-10 14:52:06 [INFO ] BookingServiceImpl:176 - Fetching past bookings for user: 37
2026-03-10 14:52:06 [DEBUG] SQL:144 - 
    select
        ticket0_.ticket_id as ticket_i1_4_0_,
        train1_.train_no as train_no1_6_1_,
        ticket0_.booking_date as booking_2_4_0_,
        ticket0_.booking_status as booking_3_4_0_,
        ticket0_.cancellation_charges as cancella4_4_0_,
        ticket0_.cancellation_date as cancella5_4_0_,
        ticket0_.cancellation_reason as cancella6_4_0_,
        ticket0_.cancellation_requested_date as cancella7_4_0_,
        ticket0_.class_type as class_ty8_4_0_,
        ticket0_.destination_station as destinat9_4_0_,
        ticket0_.journey_date as journey10_4_0_,
        ticket0_.meal_id as meal_id11_4_0_,
        ticket0_.meal_quantity as meal_qu12_4_0_,
        ticket0_.number_of_seats as number_13_4_0_,
        ticket0_.passenger_age as passeng14_4_0_,
        ticket0_.passenger_gender as passeng15_4_0_,
        ticket0_.passenger_name as passeng16_4_0_,
        ticket0_.payment_id as payment17_4_0_,
        ticket0_.payment_method as payment18_4_0_,
        ticket0_.payment_status as payment19_4_0_,
        ticket0_.refund_amount as refund_20_4_0_,
        ticket0_.refund_date as refund_21_4_0_,
        ticket0_.refund_percentage as refund_22_4_0_,
        ticket0_.refund_processed_date as refund_23_4_0_,
        ticket0_.refund_status as refund_24_4_0_,
        ticket0_.refund_transaction_id as refund_25_4_0_,
        ticket0_.source_station as source_26_4_0_,
        ticket0_.ticket_status as ticket_27_4_0_,
        ticket0_.total_fare as total_f28_4_0_,
        ticket0_.train_no as train_n29_4_0_,
        ticket0_.user_id as user_id30_4_0_,
        train1_.ac_fare as ac_fare2_6_1_,
        train1_.ac_seats as ac_seats3_6_1_,
        train1_.arrival_time as arrival_4_6_1_,
        train1_.available_seats as availabl5_6_1_,
        train1_.created_at as created_6_6_1_,
        train1_.departure_time as departur7_6_1_,
        train1_.destination as destinat8_6_1_,
        train1_.destination_station as destinat9_6_1_,
        train1_.general_fare as general10_6_1_,
        train1_.general_seats as general11_6_1_,
        train1_.is_active as is_acti12_6_1_,
        train1_.journey_date as journey13_6_1_,
        train1_.sleeper_fare as sleeper14_6_1_,
        train1_.sleeper_seats as sleeper15_6_1_,
        train1_.source as source16_6_1_,
        train1_.source_station as source_17_6_1_,
        train1_.ticket_price as ticket_18_6_1_,
        train1_.train_name as train_n19_6_1_,
        train1_.travel_date as travel_20_6_1_,
        train1_.updated_at as updated21_6_1_ 
    from
        tickets ticket0_ 
    left outer join
        trains train1_ 
            on ticket0_.train_no=train1_.train_no 
    where
        ticket0_.user_id=? 
        and ticket0_.journey_date<CURRENT_DATE
2026-03-10 14:52:06 [TRACE] BasicBinder:64 - binding parameter [1] as [BIGINT] - [37]
2026-03-10 14:52:06 [DEBUG] SQL:144 - 
    select
        ticket0_.ticket_id as ticket_i1_4_0_,
        train1_.train_no as train_no1_6_1_,
        ticket0_.booking_date as booking_2_4_0_,
        ticket0_.booking_status as booking_3_4_0_,
        ticket0_.cancellation_charges as cancella4_4_0_,
        ticket0_.cancellation_date as cancella5_4_0_,
        ticket0_.cancellation_reason as cancella6_4_0_,
        ticket0_.cancellation_requested_date as cancella7_4_0_,
        ticket0_.class_type as class_ty8_4_0_,
        ticket0_.destination_station as destinat9_4_0_,
        ticket0_.journey_date as journey10_4_0_,
        ticket0_.meal_id as meal_id11_4_0_,
        ticket0_.meal_quantity as meal_qu12_4_0_,
        ticket0_.number_of_seats as number_13_4_0_,
        ticket0_.passenger_age as passeng14_4_0_,
        ticket0_.passenger_gender as passeng15_4_0_,
        ticket0_.passenger_name as passeng16_4_0_,
        ticket0_.payment_id as payment17_4_0_,
        ticket0_.payment_method as payment18_4_0_,
        ticket0_.payment_status as payment19_4_0_,
        ticket0_.refund_amount as refund_20_4_0_,
        ticket0_.refund_date as refund_21_4_0_,
        ticket0_.refund_percentage as refund_22_4_0_,
        ticket0_.refund_processed_date as refund_23_4_0_,
        ticket0_.refund_status as refund_24_4_0_,
        ticket0_.refund_transaction_id as refund_25_4_0_,
        ticket0_.source_station as source_26_4_0_,
        ticket0_.ticket_status as ticket_27_4_0_,
        ticket0_.total_fare as total_f28_4_0_,
        ticket0_.train_no as train_n29_4_0_,
        ticket0_.user_id as user_id30_4_0_,
        train1_.ac_fare as ac_fare2_6_1_,
        train1_.ac_seats as ac_seats3_6_1_,
        train1_.arrival_time as arrival_4_6_1_,
        train1_.available_seats as availabl5_6_1_,
        train1_.created_at as created_6_6_1_,
        train1_.departure_time as departur7_6_1_,
        train1_.destination as destinat8_6_1_,
        train1_.destination_station as destinat9_6_1_,
        train1_.general_fare as general10_6_1_,
        train1_.general_seats as general11_6_1_,
        train1_.is_active as is_acti12_6_1_,
        train1_.journey_date as journey13_6_1_,
        train1_.sleeper_fare as sleeper14_6_1_,
        train1_.sleeper_seats as sleeper15_6_1_,
        train1_.source as source16_6_1_,
        train1_.source_station as source_17_6_1_,
        train1_.ticket_price as ticket_18_6_1_,
        train1_.train_name as train_n19_6_1_,
        train1_.travel_date as travel_20_6_1_,
        train1_.updated_at as updated21_6_1_ 
    from
        tickets ticket0_ 
    left outer join
        trains train1_ 
            on ticket0_.train_no=train1_.train_no 
    where
        ticket0_.user_id=? 
        and ticket0_.ticket_status='CANCELLED'
2026-03-10 14:52:06 [TRACE] BasicBinder:64 - binding parameter [1] as [BIGINT] - [37]
2026-03-10 14:52:06 [INFO ] UserController:173 - Loaded 8 total bookings for user
2026-03-10 14:52:06 [INFO ] UserController:173 - Loaded 8 total bookings for user
2026-03-10 14:52:06 [DEBUG] DispatcherServlet:120 - GET "/RailEase/webjars/datatables/1.13.6/css/dataTables.bootstrap5.min.css", parameters={}
2026-03-10 14:52:06 [DEBUG] SimpleUrlHandlerMapping:522 - Mapped to ResourceHttpRequestHandler [ServletContext [/webjars/]]
2026-03-10 14:52:06 [DEBUG] ResourceHttpRequestHandler:560 - Resource not found
2026-03-10 14:52:06 [DEBUG] DispatcherServlet:1131 - Completed 404 NOT_FOUND
2026-03-10 14:52:06 [DEBUG] DispatcherServlet:120 - "ERROR" dispatch for GET "/RailEase/error", parameters={}
2026-03-10 14:52:06 [DEBUG] RequestMappingHandlerMapping:522 - Mapped to org.springframework.boot.autoconfigure.web.servlet.error.BasicErrorController#error(HttpServletRequest)
2026-03-10 14:52:06 [DEBUG] HttpEntityMethodProcessor:268 - Using 'application/json;q=0.1', given [text/css, */*;q=0.1] and supported [application/json, application/*+json, application/json, application/*+json]
2026-03-10 14:52:06 [DEBUG] HttpEntityMethodProcessor:120 - Writing [{timestamp=Tue Mar 10 14:52:06 IST 2026, status=404, error=Not Found, message=No message available,  (truncated)...]
2026-03-10 14:52:06 [DEBUG] DispatcherServlet:1127 - Exiting from "ERROR" dispatch, status 404
2026-03-10 14:52:06 [DEBUG] DispatcherServlet:1131 - Completed 200 OK
2026-03-10 14:52:09 [DEBUG] DispatcherServlet:120 - GET "/RailEase/user/dashboard", parameters={}
2026-03-10 14:52:09 [DEBUG] RequestMappingHandlerMapping:522 - Mapped to com.railease.controller.UserController#dashboard(HttpSession, Model)
2026-03-10 14:52:09 [DEBUG] SQL:144 - 
    select
        count(ticket0_.ticket_id) as col_0_0_ 
    from
        tickets ticket0_ 
    where
        ticket0_.user_id=?
2026-03-10 14:52:09 [TRACE] BasicBinder:64 - binding parameter [1] as [BIGINT] - [37]
2026-03-10 14:52:09 [DEBUG] SQL:144 - 
    select
        count(ticket0_.ticket_id) as col_0_0_ 
    from
        tickets ticket0_ 
    where
        ticket0_.user_id=? 
        and ticket0_.journey_date>=CURRENT_DATE 
        and ticket0_.ticket_status='CONFIRMED'
2026-03-10 14:52:09 [TRACE] BasicBinder:64 - binding parameter [1] as [BIGINT] - [37]
2026-03-10 14:52:09 [INFO ] BookingServiceImpl:752 - Calculating total spent for user: 37
2026-03-10 14:52:09 [INFO ] BookingServiceImpl:752 - Calculating total spent for user: 37
2026-03-10 14:52:09 [DEBUG] SQL:144 - 
    select
        user0_.user_id as user_id1_8_0_,
        user0_.created_at as created_2_8_0_,
        user0_.email as email3_8_0_,
        user0_.full_name as full_nam4_8_0_,
        user0_.is_enabled as is_enabl5_8_0_,
        user0_.last_login as last_log6_8_0_,
        user0_.mobile_number as mobile_n7_8_0_,
        user0_.password as password8_8_0_,
        user0_.profile_photo as profile_9_8_0_,
        user0_.profile_photo_content_type as profile10_8_0_,
        user0_.role as role11_8_0_,
        user0_.session_id as session12_8_0_,
        user0_.updated_at as updated13_8_0_,
        user0_.username as usernam14_8_0_ 
    from
        users user0_ 
    where
        user0_.user_id=?
2026-03-10 14:52:09 [TRACE] BasicBinder:64 - binding parameter [1] as [BIGINT] - [37]
2026-03-10 14:52:09 [DEBUG] SQL:144 - 
    select
        userprofil0_.profile_id as profile_1_7_0_,
        userprofil0_.address as address2_7_0_,
        userprofil0_.city as city3_7_0_,
        userprofil0_.date_of_birth as date_of_4_7_0_,
        userprofil0_.gender as gender5_7_0_,
        userprofil0_.id as id6_7_0_,
        userprofil0_.occupation as occupati7_7_0_,
        userprofil0_.pincode as pincode8_7_0_,
        userprofil0_.state as state9_7_0_,
        userprofil0_.user_id as user_id10_7_0_ 
    from
        user_profiles userprofil0_ 
    where
        userprofil0_.user_id=?
2026-03-10 14:52:09 [TRACE] BasicBinder:64 - binding parameter [1] as [BIGINT] - [37]
2026-03-10 14:52:09 [DEBUG] SQL:144 - 
    select
        ticket0_.ticket_id as ticket_i1_4_0_,
        train1_.train_no as train_no1_6_1_,
        ticket0_.booking_date as booking_2_4_0_,
        ticket0_.booking_status as booking_3_4_0_,
        ticket0_.cancellation_charges as cancella4_4_0_,
        ticket0_.cancellation_date as cancella5_4_0_,
        ticket0_.cancellation_reason as cancella6_4_0_,
        ticket0_.cancellation_requested_date as cancella7_4_0_,
        ticket0_.class_type as class_ty8_4_0_,
        ticket0_.destination_station as destinat9_4_0_,
        ticket0_.journey_date as journey10_4_0_,
        ticket0_.meal_id as meal_id11_4_0_,
        ticket0_.meal_quantity as meal_qu12_4_0_,
        ticket0_.number_of_seats as number_13_4_0_,
        ticket0_.passenger_age as passeng14_4_0_,
        ticket0_.passenger_gender as passeng15_4_0_,
        ticket0_.passenger_name as passeng16_4_0_,
        ticket0_.payment_id as payment17_4_0_,
        ticket0_.payment_method as payment18_4_0_,
        ticket0_.payment_status as payment19_4_0_,
        ticket0_.refund_amount as refund_20_4_0_,
        ticket0_.refund_date as refund_21_4_0_,
        ticket0_.refund_percentage as refund_22_4_0_,
        ticket0_.refund_processed_date as refund_23_4_0_,
        ticket0_.refund_status as refund_24_4_0_,
        ticket0_.refund_transaction_id as refund_25_4_0_,
        ticket0_.source_station as source_26_4_0_,
        ticket0_.ticket_status as ticket_27_4_0_,
        ticket0_.total_fare as total_f28_4_0_,
        ticket0_.train_no as train_n29_4_0_,
        ticket0_.user_id as user_id30_4_0_,
        train1_.ac_fare as ac_fare2_6_1_,
        train1_.ac_seats as ac_seats3_6_1_,
        train1_.arrival_time as arrival_4_6_1_,
        train1_.available_seats as availabl5_6_1_,
        train1_.created_at as created_6_6_1_,
        train1_.departure_time as departur7_6_1_,
        train1_.destination as destinat8_6_1_,
        train1_.destination_station as destinat9_6_1_,
        train1_.general_fare as general10_6_1_,
        train1_.general_seats as general11_6_1_,
        train1_.is_active as is_acti12_6_1_,
        train1_.journey_date as journey13_6_1_,
        train1_.sleeper_fare as sleeper14_6_1_,
        train1_.sleeper_seats as sleeper15_6_1_,
        train1_.source as source16_6_1_,
        train1_.source_station as source_17_6_1_,
        train1_.ticket_price as ticket_18_6_1_,
        train1_.train_name as train_n19_6_1_,
        train1_.travel_date as travel_20_6_1_,
        train1_.updated_at as updated21_6_1_ 
    from
        tickets ticket0_ 
    left outer join
        trains train1_ 
            on ticket0_.train_no=train1_.train_no 
    where
        ticket0_.user_id=? 
    order by
        ticket0_.booking_date DESC
2026-03-10 14:52:09 [TRACE] BasicBinder:64 - binding parameter [1] as [BIGINT] - [37]
2026-03-10 14:52:09 [DEBUG] SQL:144 - 
    select
        user0_.user_id as user_id1_8_0_,
        user0_.created_at as created_2_8_0_,
        user0_.email as email3_8_0_,
        user0_.full_name as full_nam4_8_0_,
        user0_.is_enabled as is_enabl5_8_0_,
        user0_.last_login as last_log6_8_0_,
        user0_.mobile_number as mobile_n7_8_0_,
        user0_.password as password8_8_0_,
        user0_.profile_photo as profile_9_8_0_,
        user0_.profile_photo_content_type as profile10_8_0_,
        user0_.role as role11_8_0_,
        user0_.session_id as session12_8_0_,
        user0_.updated_at as updated13_8_0_,
        user0_.username as usernam14_8_0_ 
    from
        users user0_ 
    where
        user0_.user_id=?
2026-03-10 14:52:09 [TRACE] BasicBinder:64 - binding parameter [1] as [BIGINT] - [37]
2026-03-10 14:52:09 [DEBUG] SQL:144 - 
    select
        userprofil0_.profile_id as profile_1_7_0_,
        userprofil0_.address as address2_7_0_,
        userprofil0_.city as city3_7_0_,
        userprofil0_.date_of_birth as date_of_4_7_0_,
        userprofil0_.gender as gender5_7_0_,
        userprofil0_.id as id6_7_0_,
        userprofil0_.occupation as occupati7_7_0_,
        userprofil0_.pincode as pincode8_7_0_,
        userprofil0_.state as state9_7_0_,
        userprofil0_.user_id as user_id10_7_0_ 
    from
        user_profiles userprofil0_ 
    where
        userprofil0_.user_id=?
2026-03-10 14:52:09 [TRACE] BasicBinder:64 - binding parameter [1] as [BIGINT] - [37]
2026-03-10 14:52:09 [DEBUG] SQL:144 - 
    select
        ticket0_.ticket_id as ticket_i1_4_0_,
        train1_.train_no as train_no1_6_1_,
        ticket0_.booking_date as booking_2_4_0_,
        ticket0_.booking_status as booking_3_4_0_,
        ticket0_.cancellation_charges as cancella4_4_0_,
        ticket0_.cancellation_date as cancella5_4_0_,
        ticket0_.cancellation_reason as cancella6_4_0_,
        ticket0_.cancellation_requested_date as cancella7_4_0_,
        ticket0_.class_type as class_ty8_4_0_,
        ticket0_.destination_station as destinat9_4_0_,
        ticket0_.journey_date as journey10_4_0_,
        ticket0_.meal_id as meal_id11_4_0_,
        ticket0_.meal_quantity as meal_qu12_4_0_,
        ticket0_.number_of_seats as number_13_4_0_,
        ticket0_.passenger_age as passeng14_4_0_,
        ticket0_.passenger_gender as passeng15_4_0_,
        ticket0_.passenger_name as passeng16_4_0_,
        ticket0_.payment_id as payment17_4_0_,
        ticket0_.payment_method as payment18_4_0_,
        ticket0_.payment_status as payment19_4_0_,
        ticket0_.refund_amount as refund_20_4_0_,
        ticket0_.refund_date as refund_21_4_0_,
        ticket0_.refund_percentage as refund_22_4_0_,
        ticket0_.refund_processed_date as refund_23_4_0_,
        ticket0_.refund_status as refund_24_4_0_,
        ticket0_.refund_transaction_id as refund_25_4_0_,
        ticket0_.source_station as source_26_4_0_,
        ticket0_.ticket_status as ticket_27_4_0_,
        ticket0_.total_fare as total_f28_4_0_,
        ticket0_.train_no as train_n29_4_0_,
        ticket0_.user_id as user_id30_4_0_,
        train1_.ac_fare as ac_fare2_6_1_,
        train1_.ac_seats as ac_seats3_6_1_,
        train1_.arrival_time as arrival_4_6_1_,
        train1_.available_seats as availabl5_6_1_,
        train1_.created_at as created_6_6_1_,
        train1_.departure_time as departur7_6_1_,
        train1_.destination as destinat8_6_1_,
        train1_.destination_station as destinat9_6_1_,
        train1_.general_fare as general10_6_1_,
        train1_.general_seats as general11_6_1_,
        train1_.is_active as is_acti12_6_1_,
        train1_.journey_date as journey13_6_1_,
        train1_.sleeper_fare as sleeper14_6_1_,
        train1_.sleeper_seats as sleeper15_6_1_,
        train1_.source as source16_6_1_,
        train1_.source_station as source_17_6_1_,
        train1_.ticket_price as ticket_18_6_1_,
        train1_.train_name as train_n19_6_1_,
        train1_.travel_date as travel_20_6_1_,
        train1_.updated_at as updated21_6_1_ 
    from
        tickets ticket0_ 
    left outer join
        trains train1_ 
            on ticket0_.train_no=train1_.train_no 
    where
        ticket0_.user_id=? 
    order by
        ticket0_.booking_date DESC limit ?
2026-03-10 14:52:09 [TRACE] BasicBinder:64 - binding parameter [1] as [BIGINT] - [37]
2026-03-10 14:52:09 [INFO ] BookingServiceImpl:170 - Fetching active bookings for user: 37
2026-03-10 14:52:09 [INFO ] BookingServiceImpl:170 - Fetching active bookings for user: 37
2026-03-10 14:52:09 [DEBUG] SQL:144 - 
    select
        ticket0_.ticket_id as ticket_i1_4_0_,
        train1_.train_no as train_no1_6_1_,
        ticket0_.booking_date as booking_2_4_0_,
        ticket0_.booking_status as booking_3_4_0_,
        ticket0_.cancellation_charges as cancella4_4_0_,
        ticket0_.cancellation_date as cancella5_4_0_,
        ticket0_.cancellation_reason as cancella6_4_0_,
        ticket0_.cancellation_requested_date as cancella7_4_0_,
        ticket0_.class_type as class_ty8_4_0_,
        ticket0_.destination_station as destinat9_4_0_,
        ticket0_.journey_date as journey10_4_0_,
        ticket0_.meal_id as meal_id11_4_0_,
        ticket0_.meal_quantity as meal_qu12_4_0_,
        ticket0_.number_of_seats as number_13_4_0_,
        ticket0_.passenger_age as passeng14_4_0_,
        ticket0_.passenger_gender as passeng15_4_0_,
        ticket0_.passenger_name as passeng16_4_0_,
        ticket0_.payment_id as payment17_4_0_,
        ticket0_.payment_method as payment18_4_0_,
        ticket0_.payment_status as payment19_4_0_,
        ticket0_.refund_amount as refund_20_4_0_,
        ticket0_.refund_date as refund_21_4_0_,
        ticket0_.refund_percentage as refund_22_4_0_,
        ticket0_.refund_processed_date as refund_23_4_0_,
        ticket0_.refund_status as refund_24_4_0_,
        ticket0_.refund_transaction_id as refund_25_4_0_,
        ticket0_.source_station as source_26_4_0_,
        ticket0_.ticket_status as ticket_27_4_0_,
        ticket0_.total_fare as total_f28_4_0_,
        ticket0_.train_no as train_n29_4_0_,
        ticket0_.user_id as user_id30_4_0_,
        train1_.ac_fare as ac_fare2_6_1_,
        train1_.ac_seats as ac_seats3_6_1_,
        train1_.arrival_time as arrival_4_6_1_,
        train1_.available_seats as availabl5_6_1_,
        train1_.created_at as created_6_6_1_,
        train1_.departure_time as departur7_6_1_,
        train1_.destination as destinat8_6_1_,
        train1_.destination_station as destinat9_6_1_,
        train1_.general_fare as general10_6_1_,
        train1_.general_seats as general11_6_1_,
        train1_.is_active as is_acti12_6_1_,
        train1_.journey_date as journey13_6_1_,
        train1_.sleeper_fare as sleeper14_6_1_,
        train1_.sleeper_seats as sleeper15_6_1_,
        train1_.source as source16_6_1_,
        train1_.source_station as source_17_6_1_,
        train1_.ticket_price as ticket_18_6_1_,
        train1_.train_name as train_n19_6_1_,
        train1_.travel_date as travel_20_6_1_,
        train1_.updated_at as updated21_6_1_ 
    from
        tickets ticket0_ 
    left outer join
        trains train1_ 
            on ticket0_.train_no=train1_.train_no 
    where
        ticket0_.user_id=? 
        and ticket0_.journey_date>=CURRENT_DATE 
        and ticket0_.ticket_status='CONFIRMED'
2026-03-10 14:52:09 [TRACE] BasicBinder:64 - binding parameter [1] as [BIGINT] - [37]
2026-03-10 14:52:09 [INFO ] BookingServiceImpl:176 - Fetching past bookings for user: 37
2026-03-10 14:52:09 [INFO ] BookingServiceImpl:176 - Fetching past bookings for user: 37
2026-03-10 14:52:09 [DEBUG] SQL:144 - 
    select
        ticket0_.ticket_id as ticket_i1_4_0_,
        train1_.train_no as train_no1_6_1_,
        ticket0_.booking_date as booking_2_4_0_,
        ticket0_.booking_status as booking_3_4_0_,
        ticket0_.cancellation_charges as cancella4_4_0_,
        ticket0_.cancellation_date as cancella5_4_0_,
        ticket0_.cancellation_reason as cancella6_4_0_,
        ticket0_.cancellation_requested_date as cancella7_4_0_,
        ticket0_.class_type as class_ty8_4_0_,
        ticket0_.destination_station as destinat9_4_0_,
        ticket0_.journey_date as journey10_4_0_,
        ticket0_.meal_id as meal_id11_4_0_,
        ticket0_.meal_quantity as meal_qu12_4_0_,
        ticket0_.number_of_seats as number_13_4_0_,
        ticket0_.passenger_age as passeng14_4_0_,
        ticket0_.passenger_gender as passeng15_4_0_,
        ticket0_.passenger_name as passeng16_4_0_,
        ticket0_.payment_id as payment17_4_0_,
        ticket0_.payment_method as payment18_4_0_,
        ticket0_.payment_status as payment19_4_0_,
        ticket0_.refund_amount as refund_20_4_0_,
        ticket0_.refund_date as refund_21_4_0_,
        ticket0_.refund_percentage as refund_22_4_0_,
        ticket0_.refund_processed_date as refund_23_4_0_,
        ticket0_.refund_status as refund_24_4_0_,
        ticket0_.refund_transaction_id as refund_25_4_0_,
        ticket0_.source_station as source_26_4_0_,
        ticket0_.ticket_status as ticket_27_4_0_,
        ticket0_.total_fare as total_f28_4_0_,
        ticket0_.train_no as train_n29_4_0_,
        ticket0_.user_id as user_id30_4_0_,
        train1_.ac_fare as ac_fare2_6_1_,
        train1_.ac_seats as ac_seats3_6_1_,
        train1_.arrival_time as arrival_4_6_1_,
        train1_.available_seats as availabl5_6_1_,
        train1_.created_at as created_6_6_1_,
        train1_.departure_time as departur7_6_1_,
        train1_.destination as destinat8_6_1_,
        train1_.destination_station as destinat9_6_1_,
        train1_.general_fare as general10_6_1_,
        train1_.general_seats as general11_6_1_,
        train1_.is_active as is_acti12_6_1_,
        train1_.journey_date as journey13_6_1_,
        train1_.sleeper_fare as sleeper14_6_1_,
        train1_.sleeper_seats as sleeper15_6_1_,
        train1_.source as source16_6_1_,
        train1_.source_station as source_17_6_1_,
        train1_.ticket_price as ticket_18_6_1_,
        train1_.train_name as train_n19_6_1_,
        train1_.travel_date as travel_20_6_1_,
        train1_.updated_at as updated21_6_1_ 
    from
        tickets ticket0_ 
    left outer join
        trains train1_ 
            on ticket0_.train_no=train1_.train_no 
    where
        ticket0_.user_id=? 
        and ticket0_.journey_date<CURRENT_DATE
2026-03-10 14:52:09 [TRACE] BasicBinder:64 - binding parameter [1] as [BIGINT] - [37]
2026-03-10 14:52:09 [INFO ] MealServiceImpl:180 - Fetching meal orders for user: 37
2026-03-10 14:52:09 [INFO ] MealServiceImpl:180 - Fetching meal orders for user: 37
2026-03-10 14:52:09 [DEBUG] SQL:144 - 
    select
        user0_.user_id as user_id1_8_0_,
        user0_.created_at as created_2_8_0_,
        user0_.email as email3_8_0_,
        user0_.full_name as full_nam4_8_0_,
        user0_.is_enabled as is_enabl5_8_0_,
        user0_.last_login as last_log6_8_0_,
        user0_.mobile_number as mobile_n7_8_0_,
        user0_.password as password8_8_0_,
        user0_.profile_photo as profile_9_8_0_,
        user0_.profile_photo_content_type as profile10_8_0_,
        user0_.role as role11_8_0_,
        user0_.session_id as session12_8_0_,
        user0_.updated_at as updated13_8_0_,
        user0_.username as usernam14_8_0_ 
    from
        users user0_ 
    where
        user0_.user_id=?
2026-03-10 14:52:09 [TRACE] BasicBinder:64 - binding parameter [1] as [BIGINT] - [37]
2026-03-10 14:52:09 [DEBUG] SQL:144 - 
    select
        userprofil0_.profile_id as profile_1_7_0_,
        userprofil0_.address as address2_7_0_,
        userprofil0_.city as city3_7_0_,
        userprofil0_.date_of_birth as date_of_4_7_0_,
        userprofil0_.gender as gender5_7_0_,
        userprofil0_.id as id6_7_0_,
        userprofil0_.occupation as occupati7_7_0_,
        userprofil0_.pincode as pincode8_7_0_,
        userprofil0_.state as state9_7_0_,
        userprofil0_.user_id as user_id10_7_0_ 
    from
        user_profiles userprofil0_ 
    where
        userprofil0_.user_id=?
2026-03-10 14:52:09 [TRACE] BasicBinder:64 - binding parameter [1] as [BIGINT] - [37]
2026-03-10 14:52:09 [DEBUG] SQL:144 - 
    select
        mealorder0_.order_id as order_id1_0_,
        mealorder0_.cancellation_date as cancella2_0_,
        mealorder0_.cancellation_reason as cancella3_0_,
        mealorder0_.delivery_station as delivery4_0_,
        mealorder0_.delivery_status as delivery5_0_,
        mealorder0_.id as id6_0_,
        mealorder0_.meal_id as meal_id13_0_,
        mealorder0_.order_date as order_da7_0_,
        mealorder0_.quantity as quantity8_0_,
        mealorder0_.refund_amount as refund_a9_0_,
        mealorder0_.refund_status as refund_10_0_,
        mealorder0_.special_instructions as special11_0_,
        mealorder0_.ticket_id as ticket_14_0_,
        mealorder0_.total_price as total_p12_0_,
        mealorder0_.user_id as user_id15_0_ 
    from
        meal_orders mealorder0_ 
    where
        mealorder0_.user_id=? 
    order by
        mealorder0_.order_date desc
2026-03-10 14:52:09 [TRACE] BasicBinder:64 - binding parameter [1] as [BIGINT] - [37]
2026-03-10 14:52:09 [INFO ] MealServiceImpl:42 - Fetching available meals
2026-03-10 14:52:09 [INFO ] MealServiceImpl:42 - Fetching available meals
2026-03-10 14:52:09 [DEBUG] SQL:144 - 
    select
        meal0_.meal_id as meal_id1_1_,
        meal0_.availability_status as availabi2_1_,
        meal0_.created_at as created_3_1_,
        meal0_.description as descript4_1_,
        meal0_.image as image5_1_,
        meal0_.image_content_type as image_co6_1_,
        meal0_.image_url as image_ur7_1_,
        meal0_.is_available as is_avail8_1_,
        meal0_.meal_name as meal_nam9_1_,
        meal0_.meal_type as meal_ty10_1_,
        meal0_.preparation_time as prepara11_1_,
        meal0_.price as price12_1_,
        meal0_.updated_at as updated13_1_ 
    from
        meals meal0_ 
    where
        meal0_.availability_status=1
2026-03-10 14:52:09 [DEBUG] SQL:144 - 
    select
        count(ticket0_.ticket_id) as col_0_0_ 
    from
        tickets ticket0_ 
    where
        ticket0_.user_id=? 
        and ticket0_.refund_status='PENDING'
2026-03-10 14:52:09 [TRACE] BasicBinder:64 - binding parameter [1] as [BIGINT] - [37]
2026-03-10 14:52:09 [DEBUG] SQL:144 - 
    select
        count(ticket0_.ticket_id) as col_0_0_ 
    from
        tickets ticket0_ 
    where
        ticket0_.user_id=? 
        and ticket0_.refund_status='PROCESSING'
2026-03-10 14:52:09 [TRACE] BasicBinder:64 - binding parameter [1] as [BIGINT] - [37]
2026-03-10 14:52:09 [DEBUG] SQL:144 - 
    select
        count(ticket0_.ticket_id) as col_0_0_ 
    from
        tickets ticket0_ 
    where
        ticket0_.user_id=? 
        and ticket0_.refund_status='COMPLETED'
2026-03-10 14:52:09 [TRACE] BasicBinder:64 - binding parameter [1] as [BIGINT] - [37]
2026-03-10 14:52:10 [DEBUG] DispatcherServlet:1131 - Completed 200 OK
2026-03-10 14:52:12 [DEBUG] DispatcherServlet:120 - GET "/RailEase/user/view-trains", parameters={}
2026-03-10 14:52:12 [DEBUG] RequestMappingHandlerMapping:522 - Mapped to com.railease.controller.UserController#viewTrains(Model, HttpSession)
2026-03-10 14:52:12 [INFO ] UserController:110 - Loaded 4 active trains
2026-03-10 14:52:12 [INFO ] UserController:110 - Loaded 4 active trains
2026-03-10 14:52:12 [DEBUG] DispatcherServlet:1131 - Completed 200 OK
2026-03-10 14:52:12 [DEBUG] DispatcherServlet:120 - GET "/RailEase/webjars/datatables/1.13.6/css/dataTables.bootstrap5.min.css", parameters={}
2026-03-10 14:52:12 [DEBUG] SimpleUrlHandlerMapping:522 - Mapped to ResourceHttpRequestHandler [ServletContext [/webjars/]]
2026-03-10 14:52:12 [DEBUG] ResourceHttpRequestHandler:560 - Resource not found
2026-03-10 14:52:12 [DEBUG] DispatcherServlet:1131 - Completed 404 NOT_FOUND
2026-03-10 14:52:12 [DEBUG] DispatcherServlet:120 - "ERROR" dispatch for GET "/RailEase/error", parameters={}
2026-03-10 14:52:12 [DEBUG] RequestMappingHandlerMapping:522 - Mapped to org.springframework.boot.autoconfigure.web.servlet.error.BasicErrorController#error(HttpServletRequest)
2026-03-10 14:52:12 [DEBUG] HttpEntityMethodProcessor:268 - Using 'application/json;q=0.1', given [text/css, */*;q=0.1] and supported [application/json, application/*+json, application/json, application/*+json]
2026-03-10 14:52:12 [DEBUG] HttpEntityMethodProcessor:120 - Writing [{timestamp=Tue Mar 10 14:52:12 IST 2026, status=404, error=Not Found, message=No message available,  (truncated)...]
2026-03-10 14:52:12 [DEBUG] DispatcherServlet:1127 - Exiting from "ERROR" dispatch, status 404
2026-03-10 14:57:20 [DEBUG] DispatcherServlet:120 - GET "/RailEase/user/search-trains?source=Rajkot&destination=Okha&journeyDate=2026-03-27", parameters={masked}
2026-03-10 14:57:20 [DEBUG] RequestMappingHandlerMapping:522 - Mapped to com.railease.controller.UserController#searchTrains(String, String, String, Model, HttpSession)
2026-03-10 14:57:20 [INFO ] UserController:135 - Searching trains from Rajkot to Okha on 2026-03-27
2026-03-10 14:57:20 [INFO ] UserController:135 - Searching trains from Rajkot to Okha on 2026-03-27
2026-03-10 14:57:20 [INFO ] TrainServiceImpl:296 - Searching trains from Rajkot to Okha on 2026-03-27
2026-03-10 14:57:20 [INFO ] TrainServiceImpl:296 - Searching trains from Rajkot to Okha on 2026-03-27
2026-03-10 14:57:20 [DEBUG] SQL:144 - 
    select
        train0_.train_no as train_no1_6_,
        train0_.ac_fare as ac_fare2_6_,
        train0_.ac_seats as ac_seats3_6_,
        train0_.arrival_time as arrival_4_6_,
        train0_.available_seats as availabl5_6_,
        train0_.created_at as created_6_6_,
        train0_.departure_time as departur7_6_,
        train0_.destination as destinat8_6_,
        train0_.destination_station as destinat9_6_,
        train0_.general_fare as general10_6_,
        train0_.general_seats as general11_6_,
        train0_.is_active as is_acti12_6_,
        train0_.journey_date as journey13_6_,
        train0_.sleeper_fare as sleeper14_6_,
        train0_.sleeper_seats as sleeper15_6_,
        train0_.source as source16_6_,
        train0_.source_station as source_17_6_,
        train0_.ticket_price as ticket_18_6_,
        train0_.train_name as train_n19_6_,
        train0_.travel_date as travel_20_6_,
        train0_.updated_at as updated21_6_ 
    from
        trains train0_ 
    where
        train0_.source=? 
        and train0_.destination=? 
        and train0_.travel_date=? 
        and train0_.is_active=1
2026-03-10 14:57:20 [TRACE] BasicBinder:64 - binding parameter [1] as [VARCHAR] - [Rajkot]
2026-03-10 14:57:20 [TRACE] BasicBinder:64 - binding parameter [2] as [VARCHAR] - [Okha]
2026-03-10 14:57:20 [TRACE] BasicBinder:64 - binding parameter [3] as [DATE] - [2026-03-27]
2026-03-10 14:57:20 [DEBUG] DispatcherServlet:1131 - Completed 200 OK
2026-03-10 14:57:20 [DEBUG] DispatcherServlet:120 - GET "/RailEase/webjars/datatables/1.13.6/css/dataTables.bootstrap5.min.css", parameters={}
2026-03-10 14:57:20 [DEBUG] SimpleUrlHandlerMapping:522 - Mapped to ResourceHttpRequestHandler [ServletContext [/webjars/]]
2026-03-10 14:57:20 [DEBUG] ResourceHttpRequestHandler:560 - Resource not found
2026-03-10 14:57:20 [DEBUG] DispatcherServlet:1131 - Completed 404 NOT_FOUND
2026-03-10 14:57:20 [DEBUG] DispatcherServlet:120 - "ERROR" dispatch for GET "/RailEase/error", parameters={}
2026-03-10 14:57:20 [DEBUG] RequestMappingHandlerMapping:522 - Mapped to org.springframework.boot.autoconfigure.web.servlet.error.BasicErrorController#error(HttpServletRequest)
2026-03-10 14:57:20 [DEBUG] HttpEntityMethodProcessor:268 - Using 'application/json;q=0.1', given [text/css, */*;q=0.1] and supported [application/json, application/*+json, application/json, application/*+json]
2026-03-10 14:57:20 [DEBUG] HttpEntityMethodProcessor:120 - Writing [{timestamp=Tue Mar 10 14:57:20 IST 2026, status=404, error=Not Found, message=No message available,  (truncated)...]
2026-03-10 14:57:20 [DEBUG] DispatcherServlet:1127 - Exiting from "ERROR" dispatch, status 404
2026-03-10 14:57:26 [DEBUG] DispatcherServlet:120 - GET "/RailEase/user/search-trains?source=Rajkot&destination=Okha&journeyDate=2026-03-24", parameters={masked}
2026-03-10 14:57:26 [DEBUG] RequestMappingHandlerMapping:522 - Mapped to com.railease.controller.UserController#searchTrains(String, String, String, Model, HttpSession)
2026-03-10 14:57:26 [INFO ] UserController:135 - Searching trains from Rajkot to Okha on 2026-03-24
2026-03-10 14:57:26 [INFO ] UserController:135 - Searching trains from Rajkot to Okha on 2026-03-24
2026-03-10 14:57:26 [INFO ] TrainServiceImpl:296 - Searching trains from Rajkot to Okha on 2026-03-24
2026-03-10 14:57:26 [INFO ] TrainServiceImpl:296 - Searching trains from Rajkot to Okha on 2026-03-24
2026-03-10 14:57:26 [DEBUG] SQL:144 - 
    select
        train0_.train_no as train_no1_6_,
        train0_.ac_fare as ac_fare2_6_,
        train0_.ac_seats as ac_seats3_6_,
        train0_.arrival_time as arrival_4_6_,
        train0_.available_seats as availabl5_6_,
        train0_.created_at as created_6_6_,
        train0_.departure_time as departur7_6_,
        train0_.destination as destinat8_6_,
        train0_.destination_station as destinat9_6_,
        train0_.general_fare as general10_6_,
        train0_.general_seats as general11_6_,
        train0_.is_active as is_acti12_6_,
        train0_.journey_date as journey13_6_,
        train0_.sleeper_fare as sleeper14_6_,
        train0_.sleeper_seats as sleeper15_6_,
        train0_.source as source16_6_,
        train0_.source_station as source_17_6_,
        train0_.ticket_price as ticket_18_6_,
        train0_.train_name as train_n19_6_,
        train0_.travel_date as travel_20_6_,
        train0_.updated_at as updated21_6_ 
    from
        trains train0_ 
    where
        train0_.source=? 
        and train0_.destination=? 
        and train0_.travel_date=? 
        and train0_.is_active=1
2026-03-10 14:57:26 [TRACE] BasicBinder:64 - binding parameter [1] as [VARCHAR] - [Rajkot]
2026-03-10 14:57:26 [TRACE] BasicBinder:64 - binding parameter [2] as [VARCHAR] - [Okha]
2026-03-10 14:57:26 [TRACE] BasicBinder:64 - binding parameter [3] as [DATE] - [2026-03-24]
2026-03-10 14:57:26 [DEBUG] DispatcherServlet:1131 - Completed 200 OK
2026-03-10 14:57:26 [DEBUG] DispatcherServlet:120 - GET "/RailEase/webjars/datatables/1.13.6/css/dataTables.bootstrap5.min.css", parameters={}
2026-03-10 14:57:26 [DEBUG] SimpleUrlHandlerMapping:522 - Mapped to ResourceHttpRequestHandler [ServletContext [/webjars/]]
2026-03-10 14:57:26 [DEBUG] ResourceHttpRequestHandler:560 - Resource not found
2026-03-10 14:57:26 [DEBUG] DispatcherServlet:1131 - Completed 404 NOT_FOUND
2026-03-10 14:57:26 [DEBUG] DispatcherServlet:120 - "ERROR" dispatch for GET "/RailEase/error", parameters={}
2026-03-10 14:57:26 [DEBUG] RequestMappingHandlerMapping:522 - Mapped to org.springframework.boot.autoconfigure.web.servlet.error.BasicErrorController#error(HttpServletRequest)
2026-03-10 14:57:26 [DEBUG] HttpEntityMethodProcessor:268 - Using 'application/json;q=0.1', given [text/css, */*;q=0.1] and supported [application/json, application/*+json, application/json, application/*+json]
2026-03-10 14:57:26 [DEBUG] HttpEntityMethodProcessor:120 - Writing [{timestamp=Tue Mar 10 14:57:26 IST 2026, status=404, error=Not Found, message=No message available,  (truncated)...]
2026-03-10 14:57:26 [DEBUG] DispatcherServlet:1127 - Exiting from "ERROR" dispatch, status 404
2026-03-10 14:57:28 [DEBUG] DispatcherServlet:120 - GET "/RailEase/user/search-trains?source=Rajkot&destination=Okha&journeyDate=2026-03-24", parameters={masked}
2026-03-10 14:57:28 [DEBUG] RequestMappingHandlerMapping:522 - Mapped to com.railease.controller.UserController#searchTrains(String, String, String, Model, HttpSession)
2026-03-10 14:57:28 [INFO ] UserController:135 - Searching trains from Rajkot to Okha on 2026-03-24
2026-03-10 14:57:28 [INFO ] UserController:135 - Searching trains from Rajkot to Okha on 2026-03-24
2026-03-10 14:57:28 [INFO ] TrainServiceImpl:296 - Searching trains from Rajkot to Okha on 2026-03-24
2026-03-10 14:57:28 [INFO ] TrainServiceImpl:296 - Searching trains from Rajkot to Okha on 2026-03-24
2026-03-10 14:57:28 [DEBUG] SQL:144 - 
    select
        train0_.train_no as train_no1_6_,
        train0_.ac_fare as ac_fare2_6_,
        train0_.ac_seats as ac_seats3_6_,
        train0_.arrival_time as arrival_4_6_,
        train0_.available_seats as availabl5_6_,
        train0_.created_at as created_6_6_,
        train0_.departure_time as departur7_6_,
        train0_.destination as destinat8_6_,
        train0_.destination_station as destinat9_6_,
        train0_.general_fare as general10_6_,
        train0_.general_seats as general11_6_,
        train0_.is_active as is_acti12_6_,
        train0_.journey_date as journey13_6_,
        train0_.sleeper_fare as sleeper14_6_,
        train0_.sleeper_seats as sleeper15_6_,
        train0_.source as source16_6_,
        train0_.source_station as source_17_6_,
        train0_.ticket_price as ticket_18_6_,
        train0_.train_name as train_n19_6_,
        train0_.travel_date as travel_20_6_,
        train0_.updated_at as updated21_6_ 
    from
        trains train0_ 
    where
        train0_.source=? 
        and train0_.destination=? 
        and train0_.travel_date=? 
        and train0_.is_active=1
2026-03-10 14:57:28 [TRACE] BasicBinder:64 - binding parameter [1] as [VARCHAR] - [Rajkot]
2026-03-10 14:57:28 [TRACE] BasicBinder:64 - binding parameter [2] as [VARCHAR] - [Okha]
2026-03-10 14:57:28 [TRACE] BasicBinder:64 - binding parameter [3] as [DATE] - [2026-03-24]
2026-03-10 14:57:28 [DEBUG] DispatcherServlet:1131 - Completed 200 OK
2026-03-10 14:57:29 [DEBUG] DispatcherServlet:120 - GET "/RailEase/webjars/datatables/1.13.6/css/dataTables.bootstrap5.min.css", parameters={}
2026-03-10 14:57:29 [DEBUG] SimpleUrlHandlerMapping:522 - Mapped to ResourceHttpRequestHandler [ServletContext [/webjars/]]
2026-03-10 14:57:29 [DEBUG] ResourceHttpRequestHandler:560 - Resource not found
2026-03-10 14:57:29 [DEBUG] DispatcherServlet:1131 - Completed 404 NOT_FOUND
2026-03-10 14:57:29 [DEBUG] DispatcherServlet:120 - "ERROR" dispatch for GET "/RailEase/error", parameters={}
2026-03-10 14:57:29 [DEBUG] RequestMappingHandlerMapping:522 - Mapped to org.springframework.boot.autoconfigure.web.servlet.error.BasicErrorController#error(HttpServletRequest)
2026-03-10 14:57:29 [DEBUG] HttpEntityMethodProcessor:268 - Using 'application/json;q=0.1', given [text/css, */*;q=0.1] and supported [application/json, application/*+json, application/json, application/*+json]
2026-03-10 14:57:29 [DEBUG] HttpEntityMethodProcessor:120 - Writing [{timestamp=Tue Mar 10 14:57:29 IST 2026, status=404, error=Not Found, message=No message available,  (truncated)...]
2026-03-10 14:57:29 [DEBUG] DispatcherServlet:1127 - Exiting from "ERROR" dispatch, status 404
2026-03-10 14:57:49 [DEBUG] DispatcherServlet:120 - GET "/RailEase/user/view-trains", parameters={}
2026-03-10 14:57:49 [DEBUG] RequestMappingHandlerMapping:522 - Mapped to com.railease.controller.UserController#viewTrains(Model, HttpSession)
2026-03-10 14:57:49 [INFO ] UserController:110 - Loaded 4 active trains
2026-03-10 14:57:49 [INFO ] UserController:110 - Loaded 4 active trains
2026-03-10 14:57:49 [DEBUG] DispatcherServlet:1131 - Completed 200 OK
2026-03-10 14:57:49 [DEBUG] DispatcherServlet:120 - GET "/RailEase/webjars/datatables/1.13.6/css/dataTables.bootstrap5.min.css", parameters={}
2026-03-10 14:57:49 [DEBUG] SimpleUrlHandlerMapping:522 - Mapped to ResourceHttpRequestHandler [ServletContext [/webjars/]]
2026-03-10 14:57:49 [DEBUG] ResourceHttpRequestHandler:560 - Resource not found
2026-03-10 14:57:49 [DEBUG] DispatcherServlet:1131 - Completed 404 NOT_FOUND
2026-03-10 14:57:49 [DEBUG] DispatcherServlet:120 - "ERROR" dispatch for GET "/RailEase/error", parameters={}
2026-03-10 14:57:49 [DEBUG] RequestMappingHandlerMapping:522 - Mapped to org.springframework.boot.autoconfigure.web.servlet.error.BasicErrorController#error(HttpServletRequest)
2026-03-10 14:57:49 [DEBUG] HttpEntityMethodProcessor:268 - Using 'application/json;q=0.1', given [text/css, */*;q=0.1] and supported [application/json, application/*+json, application/json, application/*+json]
2026-03-10 14:57:49 [DEBUG] HttpEntityMethodProcessor:120 - Writing [{timestamp=Tue Mar 10 14:57:49 IST 2026, status=404, error=Not Found, message=No message available,  (truncated)...]
2026-03-10 14:57:49 [DEBUG] DispatcherServlet:1127 - Exiting from "ERROR" dispatch, status 404
2026-03-10 14:58:00 [DEBUG] DispatcherServlet:120 - GET "/RailEase/user/train-details/1?journeyDate=", parameters={masked}
2026-03-10 14:58:00 [DEBUG] RequestMappingHandlerMapping:522 - Mapped to com.railease.controller.UserController#trainDetails(Integer, String, Model, HttpSession)
2026-03-10 14:58:00 [DEBUG] TrainServiceImpl:53 - Fetching train by number: 1
2026-03-10 14:58:00 [DEBUG] TrainServiceImpl:53 - Fetching train by number: 1
2026-03-10 14:58:00 [DEBUG] SQL:144 - 
    select
        train0_.train_no as train_no1_6_0_,
        train0_.ac_fare as ac_fare2_6_0_,
        train0_.ac_seats as ac_seats3_6_0_,
        train0_.arrival_time as arrival_4_6_0_,
        train0_.available_seats as availabl5_6_0_,
        train0_.created_at as created_6_6_0_,
        train0_.departure_time as departur7_6_0_,
        train0_.destination as destinat8_6_0_,
        train0_.destination_station as destinat9_6_0_,
        train0_.general_fare as general10_6_0_,
        train0_.general_seats as general11_6_0_,
        train0_.is_active as is_acti12_6_0_,
        train0_.journey_date as journey13_6_0_,
        train0_.sleeper_fare as sleeper14_6_0_,
        train0_.sleeper_seats as sleeper15_6_0_,
        train0_.source as source16_6_0_,
        train0_.source_station as source_17_6_0_,
        train0_.ticket_price as ticket_18_6_0_,
        train0_.train_name as train_n19_6_0_,
        train0_.travel_date as travel_20_6_0_,
        train0_.updated_at as updated21_6_0_ 
    from
        trains train0_ 
    where
        train0_.train_no=?
2026-03-10 14:58:00 [TRACE] BasicBinder:64 - binding parameter [1] as [INTEGER] - [1]
2026-03-10 14:58:00 [DEBUG] ExceptionHandlerExceptionResolver:416 - Using @ExceptionHandler com.railease.exception.GlobalExceptionHandler#handleAllUncaughtException(Exception, HttpServletRequest)
2026-03-10 14:58:00 [ERROR] GlobalExceptionHandler:76 - Unexpected error occurred: Text '' could not be parsed at index 0
java.time.format.DateTimeParseException: Text '' could not be parsed at index 0
	at java.time.format.DateTimeFormatter.parseResolved0(DateTimeFormatter.java:2108) ~[?:?]
	at java.time.format.DateTimeFormatter.parse(DateTimeFormatter.java:2010) ~[?:?]
	at java.time.LocalDate.parse(LocalDate.java:435) ~[?:?]
	at java.time.LocalDate.parse(LocalDate.java:420) ~[?:?]
	at com.railease.controller.UserController.trainDetails(UserController.java:448) ~[classes/:?]
	at jdk.internal.reflect.DirectMethodHandleAccessor.invoke(DirectMethodHandleAccessor.java:103) ~[?:?]
	at java.lang.reflect.Method.invoke(Method.java:580) ~[?:?]
	at org.springframework.web.method.support.InvocableHandlerMethod.doInvoke(InvocableHandlerMethod.java:205) ~[spring-web-5.3.28.jar:5.3.28]
	at org.springframework.web.method.support.InvocableHandlerMethod.invokeForRequest(InvocableHandlerMethod.java:150) ~[spring-web-5.3.28.jar:5.3.28]
	at org.springframework.web.servlet.mvc.method.annotation.ServletInvocableHandlerMethod.invokeAndHandle(ServletInvocableHandlerMethod.java:117) ~[spring-webmvc-5.3.28.jar:5.3.28]
	at org.springframework.web.servlet.mvc.method.annotation.RequestMappingHandlerAdapter.invokeHandlerMethod(RequestMappingHandlerAdapter.java:895) ~[spring-webmvc-5.3.28.jar:5.3.28]
	at org.springframework.web.servlet.mvc.method.annotation.RequestMappingHandlerAdapter.handleInternal(RequestMappingHandlerAdapter.java:808) ~[spring-webmvc-5.3.28.jar:5.3.28]
	at org.springframework.web.servlet.mvc.method.AbstractHandlerMethodAdapter.handle(AbstractHandlerMethodAdapter.java:87) ~[spring-webmvc-5.3.28.jar:5.3.28]
	at org.springframework.web.servlet.DispatcherServlet.doDispatch(DispatcherServlet.java:1072) ~[spring-webmvc-5.3.28.jar:5.3.28]
	at org.springframework.web.servlet.DispatcherServlet.doService(DispatcherServlet.java:965) ~[spring-webmvc-5.3.28.jar:5.3.28]
	at org.springframework.web.servlet.FrameworkServlet.processRequest(FrameworkServlet.java:1006) ~[spring-webmvc-5.3.28.jar:5.3.28]
	at org.springframework.web.servlet.FrameworkServlet.doGet(FrameworkServlet.java:898) ~[spring-webmvc-5.3.28.jar:5.3.28]
	at javax.servlet.http.HttpServlet.service(HttpServlet.java:529) ~[tomcat-embed-core-9.0.76.jar:4.0.FR]
	at org.springframework.web.servlet.FrameworkServlet.service(FrameworkServlet.java:883) ~[spring-webmvc-5.3.28.jar:5.3.28]
	at javax.servlet.http.HttpServlet.service(HttpServlet.java:623) ~[tomcat-embed-core-9.0.76.jar:4.0.FR]
	at org.apache.catalina.core.ApplicationFilterChain.internalDoFilter(ApplicationFilterChain.java:209) ~[tomcat-embed-core-9.0.76.jar:9.0.76]
	at org.apache.catalina.core.ApplicationFilterChain.doFilter(ApplicationFilterChain.java:153) ~[tomcat-embed-core-9.0.76.jar:9.0.76]
	at org.apache.tomcat.websocket.server.WsFilter.doFilter(WsFilter.java:51) ~[tomcat-embed-websocket-9.0.76.jar:9.0.76]
	at org.apache.catalina.core.ApplicationFilterChain.internalDoFilter(ApplicationFilterChain.java:178) ~[tomcat-embed-core-9.0.76.jar:9.0.76]
	at org.apache.catalina.core.ApplicationFilterChain.doFilter(ApplicationFilterChain.java:153) ~[tomcat-embed-core-9.0.76.jar:9.0.76]
	at org.springframework.web.servlet.resource.ResourceUrlEncodingFilter.doFilter(ResourceUrlEncodingFilter.java:67) ~[spring-webmvc-5.3.28.jar:5.3.28]
	at org.apache.catalina.core.ApplicationFilterChain.internalDoFilter(ApplicationFilterChain.java:178) ~[tomcat-embed-core-9.0.76.jar:9.0.76]
	at org.apache.catalina.core.ApplicationFilterChain.doFilter(ApplicationFilterChain.java:153) ~[tomcat-embed-core-9.0.76.jar:9.0.76]
	at org.springframework.web.filter.RequestContextFilter.doFilterInternal(RequestContextFilter.java:100) ~[spring-web-5.3.28.jar:5.3.28]
	at org.springframework.web.filter.OncePerRequestFilter.doFilter(OncePerRequestFilter.java:117) ~[spring-web-5.3.28.jar:5.3.28]
	at org.apache.catalina.core.ApplicationFilterChain.internalDoFilter(ApplicationFilterChain.java:178) ~[tomcat-embed-core-9.0.76.jar:9.0.76]
	at org.apache.catalina.core.ApplicationFilterChain.doFilter(ApplicationFilterChain.java:153) ~[tomcat-embed-core-9.0.76.jar:9.0.76]
	at org.springframework.web.filter.FormContentFilter.doFilterInternal(FormContentFilter.java:93) ~[spring-web-5.3.28.jar:5.3.28]
	at org.springframework.web.filter.OncePerRequestFilter.doFilter(OncePerRequestFilter.java:117) ~[spring-web-5.3.28.jar:5.3.28]
	at org.apache.catalina.core.ApplicationFilterChain.internalDoFilter(ApplicationFilterChain.java:178) ~[tomcat-embed-core-9.0.76.jar:9.0.76]
	at org.apache.catalina.core.ApplicationFilterChain.doFilter(ApplicationFilterChain.java:153) ~[tomcat-embed-core-9.0.76.jar:9.0.76]
	at org.springframework.web.filter.CharacterEncodingFilter.doFilterInternal(CharacterEncodingFilter.java:201) ~[spring-web-5.3.28.jar:5.3.28]
	at org.springframework.web.filter.OncePerRequestFilter.doFilter(OncePerRequestFilter.java:117) ~[spring-web-5.3.28.jar:5.3.28]
	at org.apache.catalina.core.ApplicationFilterChain.internalDoFilter(ApplicationFilterChain.java:178) ~[tomcat-embed-core-9.0.76.jar:9.0.76]
	at org.apache.catalina.core.ApplicationFilterChain.doFilter(ApplicationFilterChain.java:153) ~[tomcat-embed-core-9.0.76.jar:9.0.76]
	at org.apache.catalina.core.StandardWrapperValve.invoke(StandardWrapperValve.java:167) ~[tomcat-embed-core-9.0.76.jar:9.0.76]
	at org.apache.catalina.core.StandardContextValve.invoke(StandardContextValve.java:90) ~[tomcat-embed-core-9.0.76.jar:9.0.76]
	at org.apache.catalina.authenticator.AuthenticatorBase.invoke(AuthenticatorBase.java:481) ~[tomcat-embed-core-9.0.76.jar:9.0.76]
	at org.apache.catalina.core.StandardHostValve.invoke(StandardHostValve.java:130) ~[tomcat-embed-core-9.0.76.jar:9.0.76]
	at org.apache.catalina.valves.ErrorReportValve.invoke(ErrorReportValve.java:93) ~[tomcat-embed-core-9.0.76.jar:9.0.76]
	at org.apache.catalina.core.StandardEngineValve.invoke(StandardEngineValve.java:74) ~[tomcat-embed-core-9.0.76.jar:9.0.76]
	at org.apache.catalina.connector.CoyoteAdapter.service(CoyoteAdapter.java:343) ~[tomcat-embed-core-9.0.76.jar:9.0.76]
	at org.apache.coyote.http11.Http11Processor.service(Http11Processor.java:390) ~[tomcat-embed-core-9.0.76.jar:9.0.76]
	at org.apache.coyote.AbstractProcessorLight.process(AbstractProcessorLight.java:63) ~[tomcat-embed-core-9.0.76.jar:9.0.76]
	at org.apache.coyote.AbstractProtocol$ConnectionHandler.process(AbstractProtocol.java:926) ~[tomcat-embed-core-9.0.76.jar:9.0.76]
	at org.apache.tomcat.util.net.NioEndpoint$SocketProcessor.doRun(NioEndpoint.java:1791) ~[tomcat-embed-core-9.0.76.jar:9.0.76]
	at org.apache.tomcat.util.net.SocketProcessorBase.run(SocketProcessorBase.java:52) ~[tomcat-embed-core-9.0.76.jar:9.0.76]
	at org.apache.tomcat.util.threads.ThreadPoolExecutor.runWorker(ThreadPoolExecutor.java:1191) ~[tomcat-embed-core-9.0.76.jar:9.0.76]
	at org.apache.tomcat.util.threads.ThreadPoolExecutor$Worker.run(ThreadPoolExecutor.java:659) ~[tomcat-embed-core-9.0.76.jar:9.0.76]
	at org.apache.tomcat.util.threads.TaskThread$WrappingRunnable.run(TaskThread.java:61) ~[tomcat-embed-core-9.0.76.jar:9.0.76]
	at java.lang.Thread.run(Thread.java:1583) ~[?:?]
2026-03-10 14:58:00 [ERROR] GlobalExceptionHandler:76 - Unexpected error occurred: Text '' could not be parsed at index 0
java.time.format.DateTimeParseException: Text '' could not be parsed at index 0
	at java.time.format.DateTimeFormatter.parseResolved0(DateTimeFormatter.java:2108) ~[?:?]
	at java.time.format.DateTimeFormatter.parse(DateTimeFormatter.java:2010) ~[?:?]
	at java.time.LocalDate.parse(LocalDate.java:435) ~[?:?]
	at java.time.LocalDate.parse(LocalDate.java:420) ~[?:?]
	at com.railease.controller.UserController.trainDetails(UserController.java:448) ~[classes/:?]
	at jdk.internal.reflect.DirectMethodHandleAccessor.invoke(DirectMethodHandleAccessor.java:103) ~[?:?]
	at java.lang.reflect.Method.invoke(Method.java:580) ~[?:?]
	at org.springframework.web.method.support.InvocableHandlerMethod.doInvoke(InvocableHandlerMethod.java:205) ~[spring-web-5.3.28.jar:5.3.28]
	at org.springframework.web.method.support.InvocableHandlerMethod.invokeForRequest(InvocableHandlerMethod.java:150) ~[spring-web-5.3.28.jar:5.3.28]
	at org.springframework.web.servlet.mvc.method.annotation.ServletInvocableHandlerMethod.invokeAndHandle(ServletInvocableHandlerMethod.java:117) ~[spring-webmvc-5.3.28.jar:5.3.28]
	at org.springframework.web.servlet.mvc.method.annotation.RequestMappingHandlerAdapter.invokeHandlerMethod(RequestMappingHandlerAdapter.java:895) ~[spring-webmvc-5.3.28.jar:5.3.28]
	at org.springframework.web.servlet.mvc.method.annotation.RequestMappingHandlerAdapter.handleInternal(RequestMappingHandlerAdapter.java:808) ~[spring-webmvc-5.3.28.jar:5.3.28]
	at org.springframework.web.servlet.mvc.method.AbstractHandlerMethodAdapter.handle(AbstractHandlerMethodAdapter.java:87) ~[spring-webmvc-5.3.28.jar:5.3.28]
	at org.springframework.web.servlet.DispatcherServlet.doDispatch(DispatcherServlet.java:1072) ~[spring-webmvc-5.3.28.jar:5.3.28]
	at org.springframework.web.servlet.DispatcherServlet.doService(DispatcherServlet.java:965) ~[spring-webmvc-5.3.28.jar:5.3.28]
	at org.springframework.web.servlet.FrameworkServlet.processRequest(FrameworkServlet.java:1006) ~[spring-webmvc-5.3.28.jar:5.3.28]
	at org.springframework.web.servlet.FrameworkServlet.doGet(FrameworkServlet.java:898) ~[spring-webmvc-5.3.28.jar:5.3.28]
	at javax.servlet.http.HttpServlet.service(HttpServlet.java:529) ~[tomcat-embed-core-9.0.76.jar:4.0.FR]
	at org.springframework.web.servlet.FrameworkServlet.service(FrameworkServlet.java:883) ~[spring-webmvc-5.3.28.jar:5.3.28]
	at javax.servlet.http.HttpServlet.service(HttpServlet.java:623) ~[tomcat-embed-core-9.0.76.jar:4.0.FR]
	at org.apache.catalina.core.ApplicationFilterChain.internalDoFilter(ApplicationFilterChain.java:209) ~[tomcat-embed-core-9.0.76.jar:9.0.76]
	at org.apache.catalina.core.ApplicationFilterChain.doFilter(ApplicationFilterChain.java:153) ~[tomcat-embed-core-9.0.76.jar:9.0.76]
	at org.apache.tomcat.websocket.server.WsFilter.doFilter(WsFilter.java:51) ~[tomcat-embed-websocket-9.0.76.jar:9.0.76]
	at org.apache.catalina.core.ApplicationFilterChain.internalDoFilter(ApplicationFilterChain.java:178) ~[tomcat-embed-core-9.0.76.jar:9.0.76]
	at org.apache.catalina.core.ApplicationFilterChain.doFilter(ApplicationFilterChain.java:153) ~[tomcat-embed-core-9.0.76.jar:9.0.76]
	at org.springframework.web.servlet.resource.ResourceUrlEncodingFilter.doFilter(ResourceUrlEncodingFilter.java:67) ~[spring-webmvc-5.3.28.jar:5.3.28]
	at org.apache.catalina.core.ApplicationFilterChain.internalDoFilter(ApplicationFilterChain.java:178) ~[tomcat-embed-core-9.0.76.jar:9.0.76]
	at org.apache.catalina.core.ApplicationFilterChain.doFilter(ApplicationFilterChain.java:153) ~[tomcat-embed-core-9.0.76.jar:9.0.76]
	at org.springframework.web.filter.RequestContextFilter.doFilterInternal(RequestContextFilter.java:100) ~[spring-web-5.3.28.jar:5.3.28]
	at org.springframework.web.filter.OncePerRequestFilter.doFilter(OncePerRequestFilter.java:117) ~[spring-web-5.3.28.jar:5.3.28]
	at org.apache.catalina.core.ApplicationFilterChain.internalDoFilter(ApplicationFilterChain.java:178) ~[tomcat-embed-core-9.0.76.jar:9.0.76]
	at org.apache.catalina.core.ApplicationFilterChain.doFilter(ApplicationFilterChain.java:153) ~[tomcat-embed-core-9.0.76.jar:9.0.76]
	at org.springframework.web.filter.FormContentFilter.doFilterInternal(FormContentFilter.java:93) ~[spring-web-5.3.28.jar:5.3.28]
	at org.springframework.web.filter.OncePerRequestFilter.doFilter(OncePerRequestFilter.java:117) ~[spring-web-5.3.28.jar:5.3.28]
	at org.apache.catalina.core.ApplicationFilterChain.internalDoFilter(ApplicationFilterChain.java:178) ~[tomcat-embed-core-9.0.76.jar:9.0.76]
	at org.apache.catalina.core.ApplicationFilterChain.doFilter(ApplicationFilterChain.java:153) ~[tomcat-embed-core-9.0.76.jar:9.0.76]
	at org.springframework.web.filter.CharacterEncodingFilter.doFilterInternal(CharacterEncodingFilter.java:201) ~[spring-web-5.3.28.jar:5.3.28]
	at org.springframework.web.filter.OncePerRequestFilter.doFilter(OncePerRequestFilter.java:117) ~[spring-web-5.3.28.jar:5.3.28]
	at org.apache.catalina.core.ApplicationFilterChain.internalDoFilter(ApplicationFilterChain.java:178) ~[tomcat-embed-core-9.0.76.jar:9.0.76]
	at org.apache.catalina.core.ApplicationFilterChain.doFilter(ApplicationFilterChain.java:153) ~[tomcat-embed-core-9.0.76.jar:9.0.76]
	at org.apache.catalina.core.StandardWrapperValve.invoke(StandardWrapperValve.java:167) ~[tomcat-embed-core-9.0.76.jar:9.0.76]
	at org.apache.catalina.core.StandardContextValve.invoke(StandardContextValve.java:90) ~[tomcat-embed-core-9.0.76.jar:9.0.76]
	at org.apache.catalina.authenticator.AuthenticatorBase.invoke(AuthenticatorBase.java:481) ~[tomcat-embed-core-9.0.76.jar:9.0.76]
	at org.apache.catalina.core.StandardHostValve.invoke(StandardHostValve.java:130) ~[tomcat-embed-core-9.0.76.jar:9.0.76]
	at org.apache.catalina.valves.ErrorReportValve.invoke(ErrorReportValve.java:93) ~[tomcat-embed-core-9.0.76.jar:9.0.76]
	at org.apache.catalina.core.StandardEngineValve.invoke(StandardEngineValve.java:74) ~[tomcat-embed-core-9.0.76.jar:9.0.76]
	at org.apache.catalina.connector.CoyoteAdapter.service(CoyoteAdapter.java:343) ~[tomcat-embed-core-9.0.76.jar:9.0.76]
	at org.apache.coyote.http11.Http11Processor.service(Http11Processor.java:390) ~[tomcat-embed-core-9.0.76.jar:9.0.76]
	at org.apache.coyote.AbstractProcessorLight.process(AbstractProcessorLight.java:63) ~[tomcat-embed-core-9.0.76.jar:9.0.76]
	at org.apache.coyote.AbstractProtocol$ConnectionHandler.process(AbstractProtocol.java:926) ~[tomcat-embed-core-9.0.76.jar:9.0.76]
	at org.apache.tomcat.util.net.NioEndpoint$SocketProcessor.doRun(NioEndpoint.java:1791) ~[tomcat-embed-core-9.0.76.jar:9.0.76]
	at org.apache.tomcat.util.net.SocketProcessorBase.run(SocketProcessorBase.java:52) ~[tomcat-embed-core-9.0.76.jar:9.0.76]
	at org.apache.tomcat.util.threads.ThreadPoolExecutor.runWorker(ThreadPoolExecutor.java:1191) ~[tomcat-embed-core-9.0.76.jar:9.0.76]
	at org.apache.tomcat.util.threads.ThreadPoolExecutor$Worker.run(ThreadPoolExecutor.java:659) ~[tomcat-embed-core-9.0.76.jar:9.0.76]
	at org.apache.tomcat.util.threads.TaskThread$WrappingRunnable.run(TaskThread.java:61) ~[tomcat-embed-core-9.0.76.jar:9.0.76]
	at java.lang.Thread.run(Thread.java:1583) ~[?:?]
2026-03-10 14:58:00 [WARN ] ExceptionHandlerExceptionResolver:208 - Resolved [java.time.format.DateTimeParseException: Text '' could not be parsed at index 0]
2026-03-10 14:58:00 [DEBUG] DispatcherServlet:1354 - Using resolved error view: ModelAndView [view="error/500"; model={errorMessage=An unexpected error occurred. Please try again later., errorCode=500, url=http://localhost:8080/RailEase/user/train-details/1}]
2026-03-10 14:58:00 [DEBUG] DispatcherServlet:1131 - Completed 500 INTERNAL_SERVER_ERROR
2026-03-10 14:58:02 [DEBUG] DispatcherServlet:120 - GET "/RailEase/", parameters={}
2026-03-10 14:58:02 [DEBUG] RequestMappingHandlerMapping:522 - Mapped to com.railease.controller.HomeController#home(HttpSession)
2026-03-10 14:58:02 [DEBUG] RedirectView:309 - View name 'redirect:', model {}
2026-03-10 14:58:02 [DEBUG] DispatcherServlet:1131 - Completed 302 FOUND
2026-03-10 14:58:02 [DEBUG] DispatcherServlet:120 - GET "/RailEase/user/dashboard", parameters={}
2026-03-10 14:58:02 [DEBUG] RequestMappingHandlerMapping:522 - Mapped to com.railease.controller.UserController#dashboard(HttpSession, Model)
2026-03-10 14:58:02 [DEBUG] SQL:144 - 
    select
        count(ticket0_.ticket_id) as col_0_0_ 
    from
        tickets ticket0_ 
    where
        ticket0_.user_id=?
2026-03-10 14:58:02 [TRACE] BasicBinder:64 - binding parameter [1] as [BIGINT] - [37]
2026-03-10 14:58:02 [DEBUG] SQL:144 - 
    select
        count(ticket0_.ticket_id) as col_0_0_ 
    from
        tickets ticket0_ 
    where
        ticket0_.user_id=? 
        and ticket0_.journey_date>=CURRENT_DATE 
        and ticket0_.ticket_status='CONFIRMED'
2026-03-10 14:58:02 [TRACE] BasicBinder:64 - binding parameter [1] as [BIGINT] - [37]
2026-03-10 14:58:02 [INFO ] BookingServiceImpl:752 - Calculating total spent for user: 37
2026-03-10 14:58:02 [INFO ] BookingServiceImpl:752 - Calculating total spent for user: 37
2026-03-10 14:58:02 [DEBUG] SQL:144 - 
    select
        user0_.user_id as user_id1_8_0_,
        user0_.created_at as created_2_8_0_,
        user0_.email as email3_8_0_,
        user0_.full_name as full_nam4_8_0_,
        user0_.is_enabled as is_enabl5_8_0_,
        user0_.last_login as last_log6_8_0_,
        user0_.mobile_number as mobile_n7_8_0_,
        user0_.password as password8_8_0_,
        user0_.profile_photo as profile_9_8_0_,
        user0_.profile_photo_content_type as profile10_8_0_,
        user0_.role as role11_8_0_,
        user0_.session_id as session12_8_0_,
        user0_.updated_at as updated13_8_0_,
        user0_.username as usernam14_8_0_ 
    from
        users user0_ 
    where
        user0_.user_id=?
2026-03-10 14:58:02 [TRACE] BasicBinder:64 - binding parameter [1] as [BIGINT] - [37]
2026-03-10 14:58:02 [DEBUG] SQL:144 - 
    select
        userprofil0_.profile_id as profile_1_7_0_,
        userprofil0_.address as address2_7_0_,
        userprofil0_.city as city3_7_0_,
        userprofil0_.date_of_birth as date_of_4_7_0_,
        userprofil0_.gender as gender5_7_0_,
        userprofil0_.id as id6_7_0_,
        userprofil0_.occupation as occupati7_7_0_,
        userprofil0_.pincode as pincode8_7_0_,
        userprofil0_.state as state9_7_0_,
        userprofil0_.user_id as user_id10_7_0_ 
    from
        user_profiles userprofil0_ 
    where
        userprofil0_.user_id=?
2026-03-10 14:58:02 [TRACE] BasicBinder:64 - binding parameter [1] as [BIGINT] - [37]
2026-03-10 14:58:02 [DEBUG] SQL:144 - 
    select
        ticket0_.ticket_id as ticket_i1_4_0_,
        train1_.train_no as train_no1_6_1_,
        ticket0_.booking_date as booking_2_4_0_,
        ticket0_.booking_status as booking_3_4_0_,
        ticket0_.cancellation_charges as cancella4_4_0_,
        ticket0_.cancellation_date as cancella5_4_0_,
        ticket0_.cancellation_reason as cancella6_4_0_,
        ticket0_.cancellation_requested_date as cancella7_4_0_,
        ticket0_.class_type as class_ty8_4_0_,
        ticket0_.destination_station as destinat9_4_0_,
        ticket0_.journey_date as journey10_4_0_,
        ticket0_.meal_id as meal_id11_4_0_,
        ticket0_.meal_quantity as meal_qu12_4_0_,
        ticket0_.number_of_seats as number_13_4_0_,
        ticket0_.passenger_age as passeng14_4_0_,
        ticket0_.passenger_gender as passeng15_4_0_,
        ticket0_.passenger_name as passeng16_4_0_,
        ticket0_.payment_id as payment17_4_0_,
        ticket0_.payment_method as payment18_4_0_,
        ticket0_.payment_status as payment19_4_0_,
        ticket0_.refund_amount as refund_20_4_0_,
        ticket0_.refund_date as refund_21_4_0_,
        ticket0_.refund_percentage as refund_22_4_0_,
        ticket0_.refund_processed_date as refund_23_4_0_,
        ticket0_.refund_status as refund_24_4_0_,
        ticket0_.refund_transaction_id as refund_25_4_0_,
        ticket0_.source_station as source_26_4_0_,
        ticket0_.ticket_status as ticket_27_4_0_,
        ticket0_.total_fare as total_f28_4_0_,
        ticket0_.train_no as train_n29_4_0_,
        ticket0_.user_id as user_id30_4_0_,
        train1_.ac_fare as ac_fare2_6_1_,
        train1_.ac_seats as ac_seats3_6_1_,
        train1_.arrival_time as arrival_4_6_1_,
        train1_.available_seats as availabl5_6_1_,
        train1_.created_at as created_6_6_1_,
        train1_.departure_time as departur7_6_1_,
        train1_.destination as destinat8_6_1_,
        train1_.destination_station as destinat9_6_1_,
        train1_.general_fare as general10_6_1_,
        train1_.general_seats as general11_6_1_,
        train1_.is_active as is_acti12_6_1_,
        train1_.journey_date as journey13_6_1_,
        train1_.sleeper_fare as sleeper14_6_1_,
        train1_.sleeper_seats as sleeper15_6_1_,
        train1_.source as source16_6_1_,
        train1_.source_station as source_17_6_1_,
        train1_.ticket_price as ticket_18_6_1_,
        train1_.train_name as train_n19_6_1_,
        train1_.travel_date as travel_20_6_1_,
        train1_.updated_at as updated21_6_1_ 
    from
        tickets ticket0_ 
    left outer join
        trains train1_ 
            on ticket0_.train_no=train1_.train_no 
    where
        ticket0_.user_id=? 
    order by
        ticket0_.booking_date DESC
2026-03-10 14:58:02 [TRACE] BasicBinder:64 - binding parameter [1] as [BIGINT] - [37]
2026-03-10 14:58:02 [DEBUG] SQL:144 - 
    select
        user0_.user_id as user_id1_8_0_,
        user0_.created_at as created_2_8_0_,
        user0_.email as email3_8_0_,
        user0_.full_name as full_nam4_8_0_,
        user0_.is_enabled as is_enabl5_8_0_,
        user0_.last_login as last_log6_8_0_,
        user0_.mobile_number as mobile_n7_8_0_,
        user0_.password as password8_8_0_,
        user0_.profile_photo as profile_9_8_0_,
        user0_.profile_photo_content_type as profile10_8_0_,
        user0_.role as role11_8_0_,
        user0_.session_id as session12_8_0_,
        user0_.updated_at as updated13_8_0_,
        user0_.username as usernam14_8_0_ 
    from
        users user0_ 
    where
        user0_.user_id=?
2026-03-10 14:58:02 [TRACE] BasicBinder:64 - binding parameter [1] as [BIGINT] - [37]
2026-03-10 14:58:02 [DEBUG] SQL:144 - 
    select
        userprofil0_.profile_id as profile_1_7_0_,
        userprofil0_.address as address2_7_0_,
        userprofil0_.city as city3_7_0_,
        userprofil0_.date_of_birth as date_of_4_7_0_,
        userprofil0_.gender as gender5_7_0_,
        userprofil0_.id as id6_7_0_,
        userprofil0_.occupation as occupati7_7_0_,
        userprofil0_.pincode as pincode8_7_0_,
        userprofil0_.state as state9_7_0_,
        userprofil0_.user_id as user_id10_7_0_ 
    from
        user_profiles userprofil0_ 
    where
        userprofil0_.user_id=?
2026-03-10 14:58:02 [TRACE] BasicBinder:64 - binding parameter [1] as [BIGINT] - [37]
2026-03-10 14:58:02 [DEBUG] SQL:144 - 
    select
        ticket0_.ticket_id as ticket_i1_4_0_,
        train1_.train_no as train_no1_6_1_,
        ticket0_.booking_date as booking_2_4_0_,
        ticket0_.booking_status as booking_3_4_0_,
        ticket0_.cancellation_charges as cancella4_4_0_,
        ticket0_.cancellation_date as cancella5_4_0_,
        ticket0_.cancellation_reason as cancella6_4_0_,
        ticket0_.cancellation_requested_date as cancella7_4_0_,
        ticket0_.class_type as class_ty8_4_0_,
        ticket0_.destination_station as destinat9_4_0_,
        ticket0_.journey_date as journey10_4_0_,
        ticket0_.meal_id as meal_id11_4_0_,
        ticket0_.meal_quantity as meal_qu12_4_0_,
        ticket0_.number_of_seats as number_13_4_0_,
        ticket0_.passenger_age as passeng14_4_0_,
        ticket0_.passenger_gender as passeng15_4_0_,
        ticket0_.passenger_name as passeng16_4_0_,
        ticket0_.payment_id as payment17_4_0_,
        ticket0_.payment_method as payment18_4_0_,
        ticket0_.payment_status as payment19_4_0_,
        ticket0_.refund_amount as refund_20_4_0_,
        ticket0_.refund_date as refund_21_4_0_,
        ticket0_.refund_percentage as refund_22_4_0_,
        ticket0_.refund_processed_date as refund_23_4_0_,
        ticket0_.refund_status as refund_24_4_0_,
        ticket0_.refund_transaction_id as refund_25_4_0_,
        ticket0_.source_station as source_26_4_0_,
        ticket0_.ticket_status as ticket_27_4_0_,
        ticket0_.total_fare as total_f28_4_0_,
        ticket0_.train_no as train_n29_4_0_,
        ticket0_.user_id as user_id30_4_0_,
        train1_.ac_fare as ac_fare2_6_1_,
        train1_.ac_seats as ac_seats3_6_1_,
        train1_.arrival_time as arrival_4_6_1_,
        train1_.available_seats as availabl5_6_1_,
        train1_.created_at as created_6_6_1_,
        train1_.departure_time as departur7_6_1_,
        train1_.destination as destinat8_6_1_,
        train1_.destination_station as destinat9_6_1_,
        train1_.general_fare as general10_6_1_,
        train1_.general_seats as general11_6_1_,
        train1_.is_active as is_acti12_6_1_,
        train1_.journey_date as journey13_6_1_,
        train1_.sleeper_fare as sleeper14_6_1_,
        train1_.sleeper_seats as sleeper15_6_1_,
        train1_.source as source16_6_1_,
        train1_.source_station as source_17_6_1_,
        train1_.ticket_price as ticket_18_6_1_,
        train1_.train_name as train_n19_6_1_,
        train1_.travel_date as travel_20_6_1_,
        train1_.updated_at as updated21_6_1_ 
    from
        tickets ticket0_ 
    left outer join
        trains train1_ 
            on ticket0_.train_no=train1_.train_no 
    where
        ticket0_.user_id=? 
    order by
        ticket0_.booking_date DESC limit ?
2026-03-10 14:58:02 [TRACE] BasicBinder:64 - binding parameter [1] as [BIGINT] - [37]
2026-03-10 14:58:02 [INFO ] BookingServiceImpl:170 - Fetching active bookings for user: 37
2026-03-10 14:58:02 [INFO ] BookingServiceImpl:170 - Fetching active bookings for user: 37
2026-03-10 14:58:02 [DEBUG] SQL:144 - 
    select
        ticket0_.ticket_id as ticket_i1_4_0_,
        train1_.train_no as train_no1_6_1_,
        ticket0_.booking_date as booking_2_4_0_,
        ticket0_.booking_status as booking_3_4_0_,
        ticket0_.cancellation_charges as cancella4_4_0_,
        ticket0_.cancellation_date as cancella5_4_0_,
        ticket0_.cancellation_reason as cancella6_4_0_,
        ticket0_.cancellation_requested_date as cancella7_4_0_,
        ticket0_.class_type as class_ty8_4_0_,
        ticket0_.destination_station as destinat9_4_0_,
        ticket0_.journey_date as journey10_4_0_,
        ticket0_.meal_id as meal_id11_4_0_,
        ticket0_.meal_quantity as meal_qu12_4_0_,
        ticket0_.number_of_seats as number_13_4_0_,
        ticket0_.passenger_age as passeng14_4_0_,
        ticket0_.passenger_gender as passeng15_4_0_,
        ticket0_.passenger_name as passeng16_4_0_,
        ticket0_.payment_id as payment17_4_0_,
        ticket0_.payment_method as payment18_4_0_,
        ticket0_.payment_status as payment19_4_0_,
        ticket0_.refund_amount as refund_20_4_0_,
        ticket0_.refund_date as refund_21_4_0_,
        ticket0_.refund_percentage as refund_22_4_0_,
        ticket0_.refund_processed_date as refund_23_4_0_,
        ticket0_.refund_status as refund_24_4_0_,
        ticket0_.refund_transaction_id as refund_25_4_0_,
        ticket0_.source_station as source_26_4_0_,
        ticket0_.ticket_status as ticket_27_4_0_,
        ticket0_.total_fare as total_f28_4_0_,
        ticket0_.train_no as train_n29_4_0_,
        ticket0_.user_id as user_id30_4_0_,
        train1_.ac_fare as ac_fare2_6_1_,
        train1_.ac_seats as ac_seats3_6_1_,
        train1_.arrival_time as arrival_4_6_1_,
        train1_.available_seats as availabl5_6_1_,
        train1_.created_at as created_6_6_1_,
        train1_.departure_time as departur7_6_1_,
        train1_.destination as destinat8_6_1_,
        train1_.destination_station as destinat9_6_1_,
        train1_.general_fare as general10_6_1_,
        train1_.general_seats as general11_6_1_,
        train1_.is_active as is_acti12_6_1_,
        train1_.journey_date as journey13_6_1_,
        train1_.sleeper_fare as sleeper14_6_1_,
        train1_.sleeper_seats as sleeper15_6_1_,
        train1_.source as source16_6_1_,
        train1_.source_station as source_17_6_1_,
        train1_.ticket_price as ticket_18_6_1_,
        train1_.train_name as train_n19_6_1_,
        train1_.travel_date as travel_20_6_1_,
        train1_.updated_at as updated21_6_1_ 
    from
        tickets ticket0_ 
    left outer join
        trains train1_ 
            on ticket0_.train_no=train1_.train_no 
    where
        ticket0_.user_id=? 
        and ticket0_.journey_date>=CURRENT_DATE 
        and ticket0_.ticket_status='CONFIRMED'
2026-03-10 14:58:02 [TRACE] BasicBinder:64 - binding parameter [1] as [BIGINT] - [37]
2026-03-10 14:58:02 [INFO ] BookingServiceImpl:176 - Fetching past bookings for user: 37
2026-03-10 14:58:02 [INFO ] BookingServiceImpl:176 - Fetching past bookings for user: 37
2026-03-10 14:58:02 [DEBUG] SQL:144 - 
    select
        ticket0_.ticket_id as ticket_i1_4_0_,
        train1_.train_no as train_no1_6_1_,
        ticket0_.booking_date as booking_2_4_0_,
        ticket0_.booking_status as booking_3_4_0_,
        ticket0_.cancellation_charges as cancella4_4_0_,
        ticket0_.cancellation_date as cancella5_4_0_,
        ticket0_.cancellation_reason as cancella6_4_0_,
        ticket0_.cancellation_requested_date as cancella7_4_0_,
        ticket0_.class_type as class_ty8_4_0_,
        ticket0_.destination_station as destinat9_4_0_,
        ticket0_.journey_date as journey10_4_0_,
        ticket0_.meal_id as meal_id11_4_0_,
        ticket0_.meal_quantity as meal_qu12_4_0_,
        ticket0_.number_of_seats as number_13_4_0_,
        ticket0_.passenger_age as passeng14_4_0_,
        ticket0_.passenger_gender as passeng15_4_0_,
        ticket0_.passenger_name as passeng16_4_0_,
        ticket0_.payment_id as payment17_4_0_,
        ticket0_.payment_method as payment18_4_0_,
        ticket0_.payment_status as payment19_4_0_,
        ticket0_.refund_amount as refund_20_4_0_,
        ticket0_.refund_date as refund_21_4_0_,
        ticket0_.refund_percentage as refund_22_4_0_,
        ticket0_.refund_processed_date as refund_23_4_0_,
        ticket0_.refund_status as refund_24_4_0_,
        ticket0_.refund_transaction_id as refund_25_4_0_,
        ticket0_.source_station as source_26_4_0_,
        ticket0_.ticket_status as ticket_27_4_0_,
        ticket0_.total_fare as total_f28_4_0_,
        ticket0_.train_no as train_n29_4_0_,
        ticket0_.user_id as user_id30_4_0_,
        train1_.ac_fare as ac_fare2_6_1_,
        train1_.ac_seats as ac_seats3_6_1_,
        train1_.arrival_time as arrival_4_6_1_,
        train1_.available_seats as availabl5_6_1_,
        train1_.created_at as created_6_6_1_,
        train1_.departure_time as departur7_6_1_,
        train1_.destination as destinat8_6_1_,
        train1_.destination_station as destinat9_6_1_,
        train1_.general_fare as general10_6_1_,
        train1_.general_seats as general11_6_1_,
        train1_.is_active as is_acti12_6_1_,
        train1_.journey_date as journey13_6_1_,
        train1_.sleeper_fare as sleeper14_6_1_,
        train1_.sleeper_seats as sleeper15_6_1_,
        train1_.source as source16_6_1_,
        train1_.source_station as source_17_6_1_,
        train1_.ticket_price as ticket_18_6_1_,
        train1_.train_name as train_n19_6_1_,
        train1_.travel_date as travel_20_6_1_,
        train1_.updated_at as updated21_6_1_ 
    from
        tickets ticket0_ 
    left outer join
        trains train1_ 
            on ticket0_.train_no=train1_.train_no 
    where
        ticket0_.user_id=? 
        and ticket0_.journey_date<CURRENT_DATE
2026-03-10 14:58:02 [TRACE] BasicBinder:64 - binding parameter [1] as [BIGINT] - [37]
2026-03-10 14:58:02 [INFO ] MealServiceImpl:180 - Fetching meal orders for user: 37
2026-03-10 14:58:02 [INFO ] MealServiceImpl:180 - Fetching meal orders for user: 37
2026-03-10 14:58:02 [DEBUG] SQL:144 - 
    select
        user0_.user_id as user_id1_8_0_,
        user0_.created_at as created_2_8_0_,
        user0_.email as email3_8_0_,
        user0_.full_name as full_nam4_8_0_,
        user0_.is_enabled as is_enabl5_8_0_,
        user0_.last_login as last_log6_8_0_,
        user0_.mobile_number as mobile_n7_8_0_,
        user0_.password as password8_8_0_,
        user0_.profile_photo as profile_9_8_0_,
        user0_.profile_photo_content_type as profile10_8_0_,
        user0_.role as role11_8_0_,
        user0_.session_id as session12_8_0_,
        user0_.updated_at as updated13_8_0_,
        user0_.username as usernam14_8_0_ 
    from
        users user0_ 
    where
        user0_.user_id=?
2026-03-10 14:58:02 [TRACE] BasicBinder:64 - binding parameter [1] as [BIGINT] - [37]
2026-03-10 14:58:02 [DEBUG] SQL:144 - 
    select
        userprofil0_.profile_id as profile_1_7_0_,
        userprofil0_.address as address2_7_0_,
        userprofil0_.city as city3_7_0_,
        userprofil0_.date_of_birth as date_of_4_7_0_,
        userprofil0_.gender as gender5_7_0_,
        userprofil0_.id as id6_7_0_,
        userprofil0_.occupation as occupati7_7_0_,
        userprofil0_.pincode as pincode8_7_0_,
        userprofil0_.state as state9_7_0_,
        userprofil0_.user_id as user_id10_7_0_ 
    from
        user_profiles userprofil0_ 
    where
        userprofil0_.user_id=?
2026-03-10 14:58:02 [TRACE] BasicBinder:64 - binding parameter [1] as [BIGINT] - [37]
2026-03-10 14:58:02 [DEBUG] SQL:144 - 
    select
        mealorder0_.order_id as order_id1_0_,
        mealorder0_.cancellation_date as cancella2_0_,
        mealorder0_.cancellation_reason as cancella3_0_,
        mealorder0_.delivery_station as delivery4_0_,
        mealorder0_.delivery_status as delivery5_0_,
        mealorder0_.id as id6_0_,
        mealorder0_.meal_id as meal_id13_0_,
        mealorder0_.order_date as order_da7_0_,
        mealorder0_.quantity as quantity8_0_,
        mealorder0_.refund_amount as refund_a9_0_,
        mealorder0_.refund_status as refund_10_0_,
        mealorder0_.special_instructions as special11_0_,
        mealorder0_.ticket_id as ticket_14_0_,
        mealorder0_.total_price as total_p12_0_,
        mealorder0_.user_id as user_id15_0_ 
    from
        meal_orders mealorder0_ 
    where
        mealorder0_.user_id=? 
    order by
        mealorder0_.order_date desc
2026-03-10 14:58:02 [TRACE] BasicBinder:64 - binding parameter [1] as [BIGINT] - [37]
2026-03-10 14:58:02 [INFO ] MealServiceImpl:42 - Fetching available meals
2026-03-10 14:58:02 [INFO ] MealServiceImpl:42 - Fetching available meals
2026-03-10 14:58:02 [DEBUG] SQL:144 - 
    select
        meal0_.meal_id as meal_id1_1_,
        meal0_.availability_status as availabi2_1_,
        meal0_.created_at as created_3_1_,
        meal0_.description as descript4_1_,
        meal0_.image as image5_1_,
        meal0_.image_content_type as image_co6_1_,
        meal0_.image_url as image_ur7_1_,
        meal0_.is_available as is_avail8_1_,
        meal0_.meal_name as meal_nam9_1_,
        meal0_.meal_type as meal_ty10_1_,
        meal0_.preparation_time as prepara11_1_,
        meal0_.price as price12_1_,
        meal0_.updated_at as updated13_1_ 
    from
        meals meal0_ 
    where
        meal0_.availability_status=1
2026-03-10 14:58:02 [DEBUG] SQL:144 - 
    select
        count(ticket0_.ticket_id) as col_0_0_ 
    from
        tickets ticket0_ 
    where
        ticket0_.user_id=? 
        and ticket0_.refund_status='PENDING'
2026-03-10 14:58:02 [TRACE] BasicBinder:64 - binding parameter [1] as [BIGINT] - [37]
2026-03-10 14:58:02 [DEBUG] SQL:144 - 
    select
        count(ticket0_.ticket_id) as col_0_0_ 
    from
        tickets ticket0_ 
    where
        ticket0_.user_id=? 
        and ticket0_.refund_status='PROCESSING'
2026-03-10 14:58:02 [TRACE] BasicBinder:64 - binding parameter [1] as [BIGINT] - [37]
2026-03-10 14:58:02 [DEBUG] SQL:144 - 
    select
        count(ticket0_.ticket_id) as col_0_0_ 
    from
        tickets ticket0_ 
    where
        ticket0_.user_id=? 
        and ticket0_.refund_status='COMPLETED'
2026-03-10 14:58:02 [TRACE] BasicBinder:64 - binding parameter [1] as [BIGINT] - [37]
2026-03-10 14:58:03 [DEBUG] DispatcherServlet:1131 - Completed 200 OK
2026-03-10 14:58:06 [DEBUG] DispatcherServlet:120 - GET "/RailEase/user/view-trains", parameters={}
2026-03-10 14:58:06 [DEBUG] RequestMappingHandlerMapping:522 - Mapped to com.railease.controller.UserController#viewTrains(Model, HttpSession)
2026-03-10 14:58:06 [INFO ] UserController:110 - Loaded 4 active trains
2026-03-10 14:58:06 [INFO ] UserController:110 - Loaded 4 active trains
2026-03-10 14:58:06 [DEBUG] DispatcherServlet:1131 - Completed 200 OK
2026-03-10 14:58:06 [DEBUG] DispatcherServlet:120 - GET "/RailEase/webjars/datatables/1.13.6/css/dataTables.bootstrap5.min.css", parameters={}
2026-03-10 14:58:06 [DEBUG] SimpleUrlHandlerMapping:522 - Mapped to ResourceHttpRequestHandler [ServletContext [/webjars/]]
2026-03-10 14:58:06 [DEBUG] ResourceHttpRequestHandler:560 - Resource not found
2026-03-10 14:58:06 [DEBUG] DispatcherServlet:1131 - Completed 404 NOT_FOUND
2026-03-10 14:58:06 [DEBUG] DispatcherServlet:120 - "ERROR" dispatch for GET "/RailEase/error", parameters={}
2026-03-10 14:58:06 [DEBUG] RequestMappingHandlerMapping:522 - Mapped to org.springframework.boot.autoconfigure.web.servlet.error.BasicErrorController#error(HttpServletRequest)
2026-03-10 14:58:06 [DEBUG] HttpEntityMethodProcessor:268 - Using 'application/json;q=0.1', given [text/css, */*;q=0.1] and supported [application/json, application/*+json, application/json, application/*+json]
2026-03-10 14:58:06 [DEBUG] HttpEntityMethodProcessor:120 - Writing [{timestamp=Tue Mar 10 14:58:06 IST 2026, status=404, error=Not Found, message=No message available,  (truncated)...]
2026-03-10 14:58:06 [DEBUG] DispatcherServlet:1127 - Exiting from "ERROR" dispatch, status 404
2026-03-10 14:58:08 [DEBUG] DispatcherServlet:120 - GET "/RailEase/user/train-details/1?journeyDate=", parameters={masked}
2026-03-10 14:58:08 [DEBUG] RequestMappingHandlerMapping:522 - Mapped to com.railease.controller.UserController#trainDetails(Integer, String, Model, HttpSession)
2026-03-10 14:58:08 [DEBUG] TrainServiceImpl:53 - Fetching train by number: 1
2026-03-10 14:58:08 [DEBUG] TrainServiceImpl:53 - Fetching train by number: 1
2026-03-10 14:58:08 [DEBUG] SQL:144 - 
    select
        train0_.train_no as train_no1_6_0_,
        train0_.ac_fare as ac_fare2_6_0_,
        train0_.ac_seats as ac_seats3_6_0_,
        train0_.arrival_time as arrival_4_6_0_,
        train0_.available_seats as availabl5_6_0_,
        train0_.created_at as created_6_6_0_,
        train0_.departure_time as departur7_6_0_,
        train0_.destination as destinat8_6_0_,
        train0_.destination_station as destinat9_6_0_,
        train0_.general_fare as general10_6_0_,
        train0_.general_seats as general11_6_0_,
        train0_.is_active as is_acti12_6_0_,
        train0_.journey_date as journey13_6_0_,
        train0_.sleeper_fare as sleeper14_6_0_,
        train0_.sleeper_seats as sleeper15_6_0_,
        train0_.source as source16_6_0_,
        train0_.source_station as source_17_6_0_,
        train0_.ticket_price as ticket_18_6_0_,
        train0_.train_name as train_n19_6_0_,
        train0_.travel_date as travel_20_6_0_,
        train0_.updated_at as updated21_6_0_ 
    from
        trains train0_ 
    where
        train0_.train_no=?
2026-03-10 14:58:08 [TRACE] BasicBinder:64 - binding parameter [1] as [INTEGER] - [1]
2026-03-10 14:58:08 [DEBUG] ExceptionHandlerExceptionResolver:416 - Using @ExceptionHandler com.railease.exception.GlobalExceptionHandler#handleAllUncaughtException(Exception, HttpServletRequest)
2026-03-10 14:58:08 [ERROR] GlobalExceptionHandler:76 - Unexpected error occurred: Text '' could not be parsed at index 0
java.time.format.DateTimeParseException: Text '' could not be parsed at index 0
	at java.time.format.DateTimeFormatter.parseResolved0(DateTimeFormatter.java:2108) ~[?:?]
	at java.time.format.DateTimeFormatter.parse(DateTimeFormatter.java:2010) ~[?:?]
	at java.time.LocalDate.parse(LocalDate.java:435) ~[?:?]
	at java.time.LocalDate.parse(LocalDate.java:420) ~[?:?]
	at com.railease.controller.UserController.trainDetails(UserController.java:448) ~[classes/:?]
	at jdk.internal.reflect.DirectMethodHandleAccessor.invoke(DirectMethodHandleAccessor.java:103) ~[?:?]
	at java.lang.reflect.Method.invoke(Method.java:580) ~[?:?]
	at org.springframework.web.method.support.InvocableHandlerMethod.doInvoke(InvocableHandlerMethod.java:205) ~[spring-web-5.3.28.jar:5.3.28]
	at org.springframework.web.method.support.InvocableHandlerMethod.invokeForRequest(InvocableHandlerMethod.java:150) ~[spring-web-5.3.28.jar:5.3.28]
	at org.springframework.web.servlet.mvc.method.annotation.ServletInvocableHandlerMethod.invokeAndHandle(ServletInvocableHandlerMethod.java:117) ~[spring-webmvc-5.3.28.jar:5.3.28]
	at org.springframework.web.servlet.mvc.method.annotation.RequestMappingHandlerAdapter.invokeHandlerMethod(RequestMappingHandlerAdapter.java:895) ~[spring-webmvc-5.3.28.jar:5.3.28]
	at org.springframework.web.servlet.mvc.method.annotation.RequestMappingHandlerAdapter.handleInternal(RequestMappingHandlerAdapter.java:808) ~[spring-webmvc-5.3.28.jar:5.3.28]
	at org.springframework.web.servlet.mvc.method.AbstractHandlerMethodAdapter.handle(AbstractHandlerMethodAdapter.java:87) ~[spring-webmvc-5.3.28.jar:5.3.28]
	at org.springframework.web.servlet.DispatcherServlet.doDispatch(DispatcherServlet.java:1072) ~[spring-webmvc-5.3.28.jar:5.3.28]
	at org.springframework.web.servlet.DispatcherServlet.doService(DispatcherServlet.java:965) ~[spring-webmvc-5.3.28.jar:5.3.28]
	at org.springframework.web.servlet.FrameworkServlet.processRequest(FrameworkServlet.java:1006) ~[spring-webmvc-5.3.28.jar:5.3.28]
	at org.springframework.web.servlet.FrameworkServlet.doGet(FrameworkServlet.java:898) ~[spring-webmvc-5.3.28.jar:5.3.28]
	at javax.servlet.http.HttpServlet.service(HttpServlet.java:529) ~[tomcat-embed-core-9.0.76.jar:4.0.FR]
	at org.springframework.web.servlet.FrameworkServlet.service(FrameworkServlet.java:883) ~[spring-webmvc-5.3.28.jar:5.3.28]
	at javax.servlet.http.HttpServlet.service(HttpServlet.java:623) ~[tomcat-embed-core-9.0.76.jar:4.0.FR]
	at org.apache.catalina.core.ApplicationFilterChain.internalDoFilter(ApplicationFilterChain.java:209) ~[tomcat-embed-core-9.0.76.jar:9.0.76]
	at org.apache.catalina.core.ApplicationFilterChain.doFilter(ApplicationFilterChain.java:153) ~[tomcat-embed-core-9.0.76.jar:9.0.76]
	at org.apache.tomcat.websocket.server.WsFilter.doFilter(WsFilter.java:51) ~[tomcat-embed-websocket-9.0.76.jar:9.0.76]
	at org.apache.catalina.core.ApplicationFilterChain.internalDoFilter(ApplicationFilterChain.java:178) ~[tomcat-embed-core-9.0.76.jar:9.0.76]
	at org.apache.catalina.core.ApplicationFilterChain.doFilter(ApplicationFilterChain.java:153) ~[tomcat-embed-core-9.0.76.jar:9.0.76]
	at org.springframework.web.servlet.resource.ResourceUrlEncodingFilter.doFilter(ResourceUrlEncodingFilter.java:67) ~[spring-webmvc-5.3.28.jar:5.3.28]
	at org.apache.catalina.core.ApplicationFilterChain.internalDoFilter(ApplicationFilterChain.java:178) ~[tomcat-embed-core-9.0.76.jar:9.0.76]
	at org.apache.catalina.core.ApplicationFilterChain.doFilter(ApplicationFilterChain.java:153) ~[tomcat-embed-core-9.0.76.jar:9.0.76]
	at org.springframework.web.filter.RequestContextFilter.doFilterInternal(RequestContextFilter.java:100) ~[spring-web-5.3.28.jar:5.3.28]
	at org.springframework.web.filter.OncePerRequestFilter.doFilter(OncePerRequestFilter.java:117) ~[spring-web-5.3.28.jar:5.3.28]
	at org.apache.catalina.core.ApplicationFilterChain.internalDoFilter(ApplicationFilterChain.java:178) ~[tomcat-embed-core-9.0.76.jar:9.0.76]
	at org.apache.catalina.core.ApplicationFilterChain.doFilter(ApplicationFilterChain.java:153) ~[tomcat-embed-core-9.0.76.jar:9.0.76]
	at org.springframework.web.filter.FormContentFilter.doFilterInternal(FormContentFilter.java:93) ~[spring-web-5.3.28.jar:5.3.28]
	at org.springframework.web.filter.OncePerRequestFilter.doFilter(OncePerRequestFilter.java:117) ~[spring-web-5.3.28.jar:5.3.28]
	at org.apache.catalina.core.ApplicationFilterChain.internalDoFilter(ApplicationFilterChain.java:178) ~[tomcat-embed-core-9.0.76.jar:9.0.76]
	at org.apache.catalina.core.ApplicationFilterChain.doFilter(ApplicationFilterChain.java:153) ~[tomcat-embed-core-9.0.76.jar:9.0.76]
	at org.springframework.web.filter.CharacterEncodingFilter.doFilterInternal(CharacterEncodingFilter.java:201) ~[spring-web-5.3.28.jar:5.3.28]
	at org.springframework.web.filter.OncePerRequestFilter.doFilter(OncePerRequestFilter.java:117) ~[spring-web-5.3.28.jar:5.3.28]
	at org.apache.catalina.core.ApplicationFilterChain.internalDoFilter(ApplicationFilterChain.java:178) ~[tomcat-embed-core-9.0.76.jar:9.0.76]
	at org.apache.catalina.core.ApplicationFilterChain.doFilter(ApplicationFilterChain.java:153) ~[tomcat-embed-core-9.0.76.jar:9.0.76]
	at org.apache.catalina.core.StandardWrapperValve.invoke(StandardWrapperValve.java:167) ~[tomcat-embed-core-9.0.76.jar:9.0.76]
	at org.apache.catalina.core.StandardContextValve.invoke(StandardContextValve.java:90) ~[tomcat-embed-core-9.0.76.jar:9.0.76]
	at org.apache.catalina.authenticator.AuthenticatorBase.invoke(AuthenticatorBase.java:481) ~[tomcat-embed-core-9.0.76.jar:9.0.76]
	at org.apache.catalina.core.StandardHostValve.invoke(StandardHostValve.java:130) ~[tomcat-embed-core-9.0.76.jar:9.0.76]
	at org.apache.catalina.valves.ErrorReportValve.invoke(ErrorReportValve.java:93) ~[tomcat-embed-core-9.0.76.jar:9.0.76]
	at org.apache.catalina.core.StandardEngineValve.invoke(StandardEngineValve.java:74) ~[tomcat-embed-core-9.0.76.jar:9.0.76]
	at org.apache.catalina.connector.CoyoteAdapter.service(CoyoteAdapter.java:343) ~[tomcat-embed-core-9.0.76.jar:9.0.76]
	at org.apache.coyote.http11.Http11Processor.service(Http11Processor.java:390) ~[tomcat-embed-core-9.0.76.jar:9.0.76]
	at org.apache.coyote.AbstractProcessorLight.process(AbstractProcessorLight.java:63) ~[tomcat-embed-core-9.0.76.jar:9.0.76]
	at org.apache.coyote.AbstractProtocol$ConnectionHandler.process(AbstractProtocol.java:926) ~[tomcat-embed-core-9.0.76.jar:9.0.76]
	at org.apache.tomcat.util.net.NioEndpoint$SocketProcessor.doRun(NioEndpoint.java:1791) ~[tomcat-embed-core-9.0.76.jar:9.0.76]
	at org.apache.tomcat.util.net.SocketProcessorBase.run(SocketProcessorBase.java:52) ~[tomcat-embed-core-9.0.76.jar:9.0.76]
	at org.apache.tomcat.util.threads.ThreadPoolExecutor.runWorker(ThreadPoolExecutor.java:1191) ~[tomcat-embed-core-9.0.76.jar:9.0.76]
	at org.apache.tomcat.util.threads.ThreadPoolExecutor$Worker.run(ThreadPoolExecutor.java:659) ~[tomcat-embed-core-9.0.76.jar:9.0.76]
	at org.apache.tomcat.util.threads.TaskThread$WrappingRunnable.run(TaskThread.java:61) ~[tomcat-embed-core-9.0.76.jar:9.0.76]
	at java.lang.Thread.run(Thread.java:1583) ~[?:?]
2026-03-10 14:58:08 [ERROR] GlobalExceptionHandler:76 - Unexpected error occurred: Text '' could not be parsed at index 0
java.time.format.DateTimeParseException: Text '' could not be parsed at index 0
	at java.time.format.DateTimeFormatter.parseResolved0(DateTimeFormatter.java:2108) ~[?:?]
	at java.time.format.DateTimeFormatter.parse(DateTimeFormatter.java:2010) ~[?:?]
	at java.time.LocalDate.parse(LocalDate.java:435) ~[?:?]
	at java.time.LocalDate.parse(LocalDate.java:420) ~[?:?]
	at com.railease.controller.UserController.trainDetails(UserController.java:448) ~[classes/:?]
	at jdk.internal.reflect.DirectMethodHandleAccessor.invoke(DirectMethodHandleAccessor.java:103) ~[?:?]
	at java.lang.reflect.Method.invoke(Method.java:580) ~[?:?]
	at org.springframework.web.method.support.InvocableHandlerMethod.doInvoke(InvocableHandlerMethod.java:205) ~[spring-web-5.3.28.jar:5.3.28]
	at org.springframework.web.method.support.InvocableHandlerMethod.invokeForRequest(InvocableHandlerMethod.java:150) ~[spring-web-5.3.28.jar:5.3.28]
	at org.springframework.web.servlet.mvc.method.annotation.ServletInvocableHandlerMethod.invokeAndHandle(ServletInvocableHandlerMethod.java:117) ~[spring-webmvc-5.3.28.jar:5.3.28]
	at org.springframework.web.servlet.mvc.method.annotation.RequestMappingHandlerAdapter.invokeHandlerMethod(RequestMappingHandlerAdapter.java:895) ~[spring-webmvc-5.3.28.jar:5.3.28]
	at org.springframework.web.servlet.mvc.method.annotation.RequestMappingHandlerAdapter.handleInternal(RequestMappingHandlerAdapter.java:808) ~[spring-webmvc-5.3.28.jar:5.3.28]
	at org.springframework.web.servlet.mvc.method.AbstractHandlerMethodAdapter.handle(AbstractHandlerMethodAdapter.java:87) ~[spring-webmvc-5.3.28.jar:5.3.28]
	at org.springframework.web.servlet.DispatcherServlet.doDispatch(DispatcherServlet.java:1072) ~[spring-webmvc-5.3.28.jar:5.3.28]
	at org.springframework.web.servlet.DispatcherServlet.doService(DispatcherServlet.java:965) ~[spring-webmvc-5.3.28.jar:5.3.28]
	at org.springframework.web.servlet.FrameworkServlet.processRequest(FrameworkServlet.java:1006) ~[spring-webmvc-5.3.28.jar:5.3.28]
	at org.springframework.web.servlet.FrameworkServlet.doGet(FrameworkServlet.java:898) ~[spring-webmvc-5.3.28.jar:5.3.28]
	at javax.servlet.http.HttpServlet.service(HttpServlet.java:529) ~[tomcat-embed-core-9.0.76.jar:4.0.FR]
	at org.springframework.web.servlet.FrameworkServlet.service(FrameworkServlet.java:883) ~[spring-webmvc-5.3.28.jar:5.3.28]
	at javax.servlet.http.HttpServlet.service(HttpServlet.java:623) ~[tomcat-embed-core-9.0.76.jar:4.0.FR]
	at org.apache.catalina.core.ApplicationFilterChain.internalDoFilter(ApplicationFilterChain.java:209) ~[tomcat-embed-core-9.0.76.jar:9.0.76]
	at org.apache.catalina.core.ApplicationFilterChain.doFilter(ApplicationFilterChain.java:153) ~[tomcat-embed-core-9.0.76.jar:9.0.76]
	at org.apache.tomcat.websocket.server.WsFilter.doFilter(WsFilter.java:51) ~[tomcat-embed-websocket-9.0.76.jar:9.0.76]
	at org.apache.catalina.core.ApplicationFilterChain.internalDoFilter(ApplicationFilterChain.java:178) ~[tomcat-embed-core-9.0.76.jar:9.0.76]
	at org.apache.catalina.core.ApplicationFilterChain.doFilter(ApplicationFilterChain.java:153) ~[tomcat-embed-core-9.0.76.jar:9.0.76]
	at org.springframework.web.servlet.resource.ResourceUrlEncodingFilter.doFilter(ResourceUrlEncodingFilter.java:67) ~[spring-webmvc-5.3.28.jar:5.3.28]
	at org.apache.catalina.core.ApplicationFilterChain.internalDoFilter(ApplicationFilterChain.java:178) ~[tomcat-embed-core-9.0.76.jar:9.0.76]
	at org.apache.catalina.core.ApplicationFilterChain.doFilter(ApplicationFilterChain.java:153) ~[tomcat-embed-core-9.0.76.jar:9.0.76]
	at org.springframework.web.filter.RequestContextFilter.doFilterInternal(RequestContextFilter.java:100) ~[spring-web-5.3.28.jar:5.3.28]
	at org.springframework.web.filter.OncePerRequestFilter.doFilter(OncePerRequestFilter.java:117) ~[spring-web-5.3.28.jar:5.3.28]
	at org.apache.catalina.core.ApplicationFilterChain.internalDoFilter(ApplicationFilterChain.java:178) ~[tomcat-embed-core-9.0.76.jar:9.0.76]
	at org.apache.catalina.core.ApplicationFilterChain.doFilter(ApplicationFilterChain.java:153) ~[tomcat-embed-core-9.0.76.jar:9.0.76]
	at org.springframework.web.filter.FormContentFilter.doFilterInternal(FormContentFilter.java:93) ~[spring-web-5.3.28.jar:5.3.28]
	at org.springframework.web.filter.OncePerRequestFilter.doFilter(OncePerRequestFilter.java:117) ~[spring-web-5.3.28.jar:5.3.28]
	at org.apache.catalina.core.ApplicationFilterChain.internalDoFilter(ApplicationFilterChain.java:178) ~[tomcat-embed-core-9.0.76.jar:9.0.76]
	at org.apache.catalina.core.ApplicationFilterChain.doFilter(ApplicationFilterChain.java:153) ~[tomcat-embed-core-9.0.76.jar:9.0.76]
	at org.springframework.web.filter.CharacterEncodingFilter.doFilterInternal(CharacterEncodingFilter.java:201) ~[spring-web-5.3.28.jar:5.3.28]
	at org.springframework.web.filter.OncePerRequestFilter.doFilter(OncePerRequestFilter.java:117) ~[spring-web-5.3.28.jar:5.3.28]
	at org.apache.catalina.core.ApplicationFilterChain.internalDoFilter(ApplicationFilterChain.java:178) ~[tomcat-embed-core-9.0.76.jar:9.0.76]
	at org.apache.catalina.core.ApplicationFilterChain.doFilter(ApplicationFilterChain.java:153) ~[tomcat-embed-core-9.0.76.jar:9.0.76]
	at org.apache.catalina.core.StandardWrapperValve.invoke(StandardWrapperValve.java:167) ~[tomcat-embed-core-9.0.76.jar:9.0.76]
	at org.apache.catalina.core.StandardContextValve.invoke(StandardContextValve.java:90) ~[tomcat-embed-core-9.0.76.jar:9.0.76]
	at org.apache.catalina.authenticator.AuthenticatorBase.invoke(AuthenticatorBase.java:481) ~[tomcat-embed-core-9.0.76.jar:9.0.76]
	at org.apache.catalina.core.StandardHostValve.invoke(StandardHostValve.java:130) ~[tomcat-embed-core-9.0.76.jar:9.0.76]
	at org.apache.catalina.valves.ErrorReportValve.invoke(ErrorReportValve.java:93) ~[tomcat-embed-core-9.0.76.jar:9.0.76]
	at org.apache.catalina.core.StandardEngineValve.invoke(StandardEngineValve.java:74) ~[tomcat-embed-core-9.0.76.jar:9.0.76]
	at org.apache.catalina.connector.CoyoteAdapter.service(CoyoteAdapter.java:343) ~[tomcat-embed-core-9.0.76.jar:9.0.76]
	at org.apache.coyote.http11.Http11Processor.service(Http11Processor.java:390) ~[tomcat-embed-core-9.0.76.jar:9.0.76]
	at org.apache.coyote.AbstractProcessorLight.process(AbstractProcessorLight.java:63) ~[tomcat-embed-core-9.0.76.jar:9.0.76]
	at org.apache.coyote.AbstractProtocol$ConnectionHandler.process(AbstractProtocol.java:926) ~[tomcat-embed-core-9.0.76.jar:9.0.76]
	at org.apache.tomcat.util.net.NioEndpoint$SocketProcessor.doRun(NioEndpoint.java:1791) ~[tomcat-embed-core-9.0.76.jar:9.0.76]
	at org.apache.tomcat.util.net.SocketProcessorBase.run(SocketProcessorBase.java:52) ~[tomcat-embed-core-9.0.76.jar:9.0.76]
	at org.apache.tomcat.util.threads.ThreadPoolExecutor.runWorker(ThreadPoolExecutor.java:1191) ~[tomcat-embed-core-9.0.76.jar:9.0.76]
	at org.apache.tomcat.util.threads.ThreadPoolExecutor$Worker.run(ThreadPoolExecutor.java:659) ~[tomcat-embed-core-9.0.76.jar:9.0.76]
	at org.apache.tomcat.util.threads.TaskThread$WrappingRunnable.run(TaskThread.java:61) ~[tomcat-embed-core-9.0.76.jar:9.0.76]
	at java.lang.Thread.run(Thread.java:1583) ~[?:?]
2026-03-10 14:58:08 [WARN ] ExceptionHandlerExceptionResolver:208 - Resolved [java.time.format.DateTimeParseException: Text '' could not be parsed at index 0]
2026-03-10 14:58:08 [DEBUG] DispatcherServlet:1354 - Using resolved error view: ModelAndView [view="error/500"; model={errorMessage=An unexpected error occurred. Please try again later., errorCode=500, url=http://localhost:8080/RailEase/user/train-details/1}]
2026-03-10 14:58:08 [DEBUG] DispatcherServlet:1131 - Completed 500 INTERNAL_SERVER_ERROR
2026-03-10 14:58:11 [DEBUG] DispatcherServlet:120 - GET "/RailEase/", parameters={}
2026-03-10 14:58:11 [DEBUG] RequestMappingHandlerMapping:522 - Mapped to com.railease.controller.HomeController#home(HttpSession)
2026-03-10 14:58:11 [DEBUG] RedirectView:309 - View name 'redirect:', model {}
2026-03-10 14:58:11 [DEBUG] DispatcherServlet:1131 - Completed 302 FOUND
2026-03-10 14:58:11 [DEBUG] DispatcherServlet:120 - GET "/RailEase/user/dashboard", parameters={}
2026-03-10 14:58:11 [DEBUG] RequestMappingHandlerMapping:522 - Mapped to com.railease.controller.UserController#dashboard(HttpSession, Model)
2026-03-10 14:58:11 [DEBUG] SQL:144 - 
    select
        count(ticket0_.ticket_id) as col_0_0_ 
    from
        tickets ticket0_ 
    where
        ticket0_.user_id=?
2026-03-10 14:58:11 [TRACE] BasicBinder:64 - binding parameter [1] as [BIGINT] - [37]
2026-03-10 14:58:11 [DEBUG] SQL:144 - 
    select
        count(ticket0_.ticket_id) as col_0_0_ 
    from
        tickets ticket0_ 
    where
        ticket0_.user_id=? 
        and ticket0_.journey_date>=CURRENT_DATE 
        and ticket0_.ticket_status='CONFIRMED'
2026-03-10 14:58:11 [TRACE] BasicBinder:64 - binding parameter [1] as [BIGINT] - [37]
2026-03-10 14:58:11 [INFO ] BookingServiceImpl:752 - Calculating total spent for user: 37
2026-03-10 14:58:11 [INFO ] BookingServiceImpl:752 - Calculating total spent for user: 37
2026-03-10 14:58:11 [DEBUG] SQL:144 - 
    select
        user0_.user_id as user_id1_8_0_,
        user0_.created_at as created_2_8_0_,
        user0_.email as email3_8_0_,
        user0_.full_name as full_nam4_8_0_,
        user0_.is_enabled as is_enabl5_8_0_,
        user0_.last_login as last_log6_8_0_,
        user0_.mobile_number as mobile_n7_8_0_,
        user0_.password as password8_8_0_,
        user0_.profile_photo as profile_9_8_0_,
        user0_.profile_photo_content_type as profile10_8_0_,
        user0_.role as role11_8_0_,
        user0_.session_id as session12_8_0_,
        user0_.updated_at as updated13_8_0_,
        user0_.username as usernam14_8_0_ 
    from
        users user0_ 
    where
        user0_.user_id=?
2026-03-10 14:58:11 [TRACE] BasicBinder:64 - binding parameter [1] as [BIGINT] - [37]
2026-03-10 14:58:11 [DEBUG] SQL:144 - 
    select
        userprofil0_.profile_id as profile_1_7_0_,
        userprofil0_.address as address2_7_0_,
        userprofil0_.city as city3_7_0_,
        userprofil0_.date_of_birth as date_of_4_7_0_,
        userprofil0_.gender as gender5_7_0_,
        userprofil0_.id as id6_7_0_,
        userprofil0_.occupation as occupati7_7_0_,
        userprofil0_.pincode as pincode8_7_0_,
        userprofil0_.state as state9_7_0_,
        userprofil0_.user_id as user_id10_7_0_ 
    from
        user_profiles userprofil0_ 
    where
        userprofil0_.user_id=?
2026-03-10 14:58:11 [TRACE] BasicBinder:64 - binding parameter [1] as [BIGINT] - [37]
2026-03-10 14:58:11 [DEBUG] SQL:144 - 
    select
        ticket0_.ticket_id as ticket_i1_4_0_,
        train1_.train_no as train_no1_6_1_,
        ticket0_.booking_date as booking_2_4_0_,
        ticket0_.booking_status as booking_3_4_0_,
        ticket0_.cancellation_charges as cancella4_4_0_,
        ticket0_.cancellation_date as cancella5_4_0_,
        ticket0_.cancellation_reason as cancella6_4_0_,
        ticket0_.cancellation_requested_date as cancella7_4_0_,
        ticket0_.class_type as class_ty8_4_0_,
        ticket0_.destination_station as destinat9_4_0_,
        ticket0_.journey_date as journey10_4_0_,
        ticket0_.meal_id as meal_id11_4_0_,
        ticket0_.meal_quantity as meal_qu12_4_0_,
        ticket0_.number_of_seats as number_13_4_0_,
        ticket0_.passenger_age as passeng14_4_0_,
        ticket0_.passenger_gender as passeng15_4_0_,
        ticket0_.passenger_name as passeng16_4_0_,
        ticket0_.payment_id as payment17_4_0_,
        ticket0_.payment_method as payment18_4_0_,
        ticket0_.payment_status as payment19_4_0_,
        ticket0_.refund_amount as refund_20_4_0_,
        ticket0_.refund_date as refund_21_4_0_,
        ticket0_.refund_percentage as refund_22_4_0_,
        ticket0_.refund_processed_date as refund_23_4_0_,
        ticket0_.refund_status as refund_24_4_0_,
        ticket0_.refund_transaction_id as refund_25_4_0_,
        ticket0_.source_station as source_26_4_0_,
        ticket0_.ticket_status as ticket_27_4_0_,
        ticket0_.total_fare as total_f28_4_0_,
        ticket0_.train_no as train_n29_4_0_,
        ticket0_.user_id as user_id30_4_0_,
        train1_.ac_fare as ac_fare2_6_1_,
        train1_.ac_seats as ac_seats3_6_1_,
        train1_.arrival_time as arrival_4_6_1_,
        train1_.available_seats as availabl5_6_1_,
        train1_.created_at as created_6_6_1_,
        train1_.departure_time as departur7_6_1_,
        train1_.destination as destinat8_6_1_,
        train1_.destination_station as destinat9_6_1_,
        train1_.general_fare as general10_6_1_,
        train1_.general_seats as general11_6_1_,
        train1_.is_active as is_acti12_6_1_,
        train1_.journey_date as journey13_6_1_,
        train1_.sleeper_fare as sleeper14_6_1_,
        train1_.sleeper_seats as sleeper15_6_1_,
        train1_.source as source16_6_1_,
        train1_.source_station as source_17_6_1_,
        train1_.ticket_price as ticket_18_6_1_,
        train1_.train_name as train_n19_6_1_,
        train1_.travel_date as travel_20_6_1_,
        train1_.updated_at as updated21_6_1_ 
    from
        tickets ticket0_ 
    left outer join
        trains train1_ 
            on ticket0_.train_no=train1_.train_no 
    where
        ticket0_.user_id=? 
    order by
        ticket0_.booking_date DESC
2026-03-10 14:58:11 [TRACE] BasicBinder:64 - binding parameter [1] as [BIGINT] - [37]
2026-03-10 14:58:11 [DEBUG] SQL:144 - 
    select
        user0_.user_id as user_id1_8_0_,
        user0_.created_at as created_2_8_0_,
        user0_.email as email3_8_0_,
        user0_.full_name as full_nam4_8_0_,
        user0_.is_enabled as is_enabl5_8_0_,
        user0_.last_login as last_log6_8_0_,
        user0_.mobile_number as mobile_n7_8_0_,
        user0_.password as password8_8_0_,
        user0_.profile_photo as profile_9_8_0_,
        user0_.profile_photo_content_type as profile10_8_0_,
        user0_.role as role11_8_0_,
        user0_.session_id as session12_8_0_,
        user0_.updated_at as updated13_8_0_,
        user0_.username as usernam14_8_0_ 
    from
        users user0_ 
    where
        user0_.user_id=?
2026-03-10 14:58:11 [TRACE] BasicBinder:64 - binding parameter [1] as [BIGINT] - [37]
2026-03-10 14:58:11 [DEBUG] SQL:144 - 
    select
        userprofil0_.profile_id as profile_1_7_0_,
        userprofil0_.address as address2_7_0_,
        userprofil0_.city as city3_7_0_,
        userprofil0_.date_of_birth as date_of_4_7_0_,
        userprofil0_.gender as gender5_7_0_,
        userprofil0_.id as id6_7_0_,
        userprofil0_.occupation as occupati7_7_0_,
        userprofil0_.pincode as pincode8_7_0_,
        userprofil0_.state as state9_7_0_,
        userprofil0_.user_id as user_id10_7_0_ 
    from
        user_profiles userprofil0_ 
    where
        userprofil0_.user_id=?
2026-03-10 14:58:11 [TRACE] BasicBinder:64 - binding parameter [1] as [BIGINT] - [37]
2026-03-10 14:58:11 [DEBUG] SQL:144 - 
    select
        ticket0_.ticket_id as ticket_i1_4_0_,
        train1_.train_no as train_no1_6_1_,
        ticket0_.booking_date as booking_2_4_0_,
        ticket0_.booking_status as booking_3_4_0_,
        ticket0_.cancellation_charges as cancella4_4_0_,
        ticket0_.cancellation_date as cancella5_4_0_,
        ticket0_.cancellation_reason as cancella6_4_0_,
        ticket0_.cancellation_requested_date as cancella7_4_0_,
        ticket0_.class_type as class_ty8_4_0_,
        ticket0_.destination_station as destinat9_4_0_,
        ticket0_.journey_date as journey10_4_0_,
        ticket0_.meal_id as meal_id11_4_0_,
        ticket0_.meal_quantity as meal_qu12_4_0_,
        ticket0_.number_of_seats as number_13_4_0_,
        ticket0_.passenger_age as passeng14_4_0_,
        ticket0_.passenger_gender as passeng15_4_0_,
        ticket0_.passenger_name as passeng16_4_0_,
        ticket0_.payment_id as payment17_4_0_,
        ticket0_.payment_method as payment18_4_0_,
        ticket0_.payment_status as payment19_4_0_,
        ticket0_.refund_amount as refund_20_4_0_,
        ticket0_.refund_date as refund_21_4_0_,
        ticket0_.refund_percentage as refund_22_4_0_,
        ticket0_.refund_processed_date as refund_23_4_0_,
        ticket0_.refund_status as refund_24_4_0_,
        ticket0_.refund_transaction_id as refund_25_4_0_,
        ticket0_.source_station as source_26_4_0_,
        ticket0_.ticket_status as ticket_27_4_0_,
        ticket0_.total_fare as total_f28_4_0_,
        ticket0_.train_no as train_n29_4_0_,
        ticket0_.user_id as user_id30_4_0_,
        train1_.ac_fare as ac_fare2_6_1_,
        train1_.ac_seats as ac_seats3_6_1_,
        train1_.arrival_time as arrival_4_6_1_,
        train1_.available_seats as availabl5_6_1_,
        train1_.created_at as created_6_6_1_,
        train1_.departure_time as departur7_6_1_,
        train1_.destination as destinat8_6_1_,
        train1_.destination_station as destinat9_6_1_,
        train1_.general_fare as general10_6_1_,
        train1_.general_seats as general11_6_1_,
        train1_.is_active as is_acti12_6_1_,
        train1_.journey_date as journey13_6_1_,
        train1_.sleeper_fare as sleeper14_6_1_,
        train1_.sleeper_seats as sleeper15_6_1_,
        train1_.source as source16_6_1_,
        train1_.source_station as source_17_6_1_,
        train1_.ticket_price as ticket_18_6_1_,
        train1_.train_name as train_n19_6_1_,
        train1_.travel_date as travel_20_6_1_,
        train1_.updated_at as updated21_6_1_ 
    from
        tickets ticket0_ 
    left outer join
        trains train1_ 
            on ticket0_.train_no=train1_.train_no 
    where
        ticket0_.user_id=? 
    order by
        ticket0_.booking_date DESC limit ?
2026-03-10 14:58:11 [TRACE] BasicBinder:64 - binding parameter [1] as [BIGINT] - [37]
2026-03-10 14:58:11 [INFO ] BookingServiceImpl:170 - Fetching active bookings for user: 37
2026-03-10 14:58:11 [INFO ] BookingServiceImpl:170 - Fetching active bookings for user: 37
2026-03-10 14:58:11 [DEBUG] SQL:144 - 
    select
        ticket0_.ticket_id as ticket_i1_4_0_,
        train1_.train_no as train_no1_6_1_,
        ticket0_.booking_date as booking_2_4_0_,
        ticket0_.booking_status as booking_3_4_0_,
        ticket0_.cancellation_charges as cancella4_4_0_,
        ticket0_.cancellation_date as cancella5_4_0_,
        ticket0_.cancellation_reason as cancella6_4_0_,
        ticket0_.cancellation_requested_date as cancella7_4_0_,
        ticket0_.class_type as class_ty8_4_0_,
        ticket0_.destination_station as destinat9_4_0_,
        ticket0_.journey_date as journey10_4_0_,
        ticket0_.meal_id as meal_id11_4_0_,
        ticket0_.meal_quantity as meal_qu12_4_0_,
        ticket0_.number_of_seats as number_13_4_0_,
        ticket0_.passenger_age as passeng14_4_0_,
        ticket0_.passenger_gender as passeng15_4_0_,
        ticket0_.passenger_name as passeng16_4_0_,
        ticket0_.payment_id as payment17_4_0_,
        ticket0_.payment_method as payment18_4_0_,
        ticket0_.payment_status as payment19_4_0_,
        ticket0_.refund_amount as refund_20_4_0_,
        ticket0_.refund_date as refund_21_4_0_,
        ticket0_.refund_percentage as refund_22_4_0_,
        ticket0_.refund_processed_date as refund_23_4_0_,
        ticket0_.refund_status as refund_24_4_0_,
        ticket0_.refund_transaction_id as refund_25_4_0_,
        ticket0_.source_station as source_26_4_0_,
        ticket0_.ticket_status as ticket_27_4_0_,
        ticket0_.total_fare as total_f28_4_0_,
        ticket0_.train_no as train_n29_4_0_,
        ticket0_.user_id as user_id30_4_0_,
        train1_.ac_fare as ac_fare2_6_1_,
        train1_.ac_seats as ac_seats3_6_1_,
        train1_.arrival_time as arrival_4_6_1_,
        train1_.available_seats as availabl5_6_1_,
        train1_.created_at as created_6_6_1_,
        train1_.departure_time as departur7_6_1_,
        train1_.destination as destinat8_6_1_,
        train1_.destination_station as destinat9_6_1_,
        train1_.general_fare as general10_6_1_,
        train1_.general_seats as general11_6_1_,
        train1_.is_active as is_acti12_6_1_,
        train1_.journey_date as journey13_6_1_,
        train1_.sleeper_fare as sleeper14_6_1_,
        train1_.sleeper_seats as sleeper15_6_1_,
        train1_.source as source16_6_1_,
        train1_.source_station as source_17_6_1_,
        train1_.ticket_price as ticket_18_6_1_,
        train1_.train_name as train_n19_6_1_,
        train1_.travel_date as travel_20_6_1_,
        train1_.updated_at as updated21_6_1_ 
    from
        tickets ticket0_ 
    left outer join
        trains train1_ 
            on ticket0_.train_no=train1_.train_no 
    where
        ticket0_.user_id=? 
        and ticket0_.journey_date>=CURRENT_DATE 
        and ticket0_.ticket_status='CONFIRMED'
2026-03-10 14:58:11 [TRACE] BasicBinder:64 - binding parameter [1] as [BIGINT] - [37]
2026-03-10 14:58:11 [INFO ] BookingServiceImpl:176 - Fetching past bookings for user: 37
2026-03-10 14:58:11 [INFO ] BookingServiceImpl:176 - Fetching past bookings for user: 37
2026-03-10 14:58:11 [DEBUG] SQL:144 - 
    select
        ticket0_.ticket_id as ticket_i1_4_0_,
        train1_.train_no as train_no1_6_1_,
        ticket0_.booking_date as booking_2_4_0_,
        ticket0_.booking_status as booking_3_4_0_,
        ticket0_.cancellation_charges as cancella4_4_0_,
        ticket0_.cancellation_date as cancella5_4_0_,
        ticket0_.cancellation_reason as cancella6_4_0_,
        ticket0_.cancellation_requested_date as cancella7_4_0_,
        ticket0_.class_type as class_ty8_4_0_,
        ticket0_.destination_station as destinat9_4_0_,
        ticket0_.journey_date as journey10_4_0_,
        ticket0_.meal_id as meal_id11_4_0_,
        ticket0_.meal_quantity as meal_qu12_4_0_,
        ticket0_.number_of_seats as number_13_4_0_,
        ticket0_.passenger_age as passeng14_4_0_,
        ticket0_.passenger_gender as passeng15_4_0_,
        ticket0_.passenger_name as passeng16_4_0_,
        ticket0_.payment_id as payment17_4_0_,
        ticket0_.payment_method as payment18_4_0_,
        ticket0_.payment_status as payment19_4_0_,
        ticket0_.refund_amount as refund_20_4_0_,
        ticket0_.refund_date as refund_21_4_0_,
        ticket0_.refund_percentage as refund_22_4_0_,
        ticket0_.refund_processed_date as refund_23_4_0_,
        ticket0_.refund_status as refund_24_4_0_,
        ticket0_.refund_transaction_id as refund_25_4_0_,
        ticket0_.source_station as source_26_4_0_,
        ticket0_.ticket_status as ticket_27_4_0_,
        ticket0_.total_fare as total_f28_4_0_,
        ticket0_.train_no as train_n29_4_0_,
        ticket0_.user_id as user_id30_4_0_,
        train1_.ac_fare as ac_fare2_6_1_,
        train1_.ac_seats as ac_seats3_6_1_,
        train1_.arrival_time as arrival_4_6_1_,
        train1_.available_seats as availabl5_6_1_,
        train1_.created_at as created_6_6_1_,
        train1_.departure_time as departur7_6_1_,
        train1_.destination as destinat8_6_1_,
        train1_.destination_station as destinat9_6_1_,
        train1_.general_fare as general10_6_1_,
        train1_.general_seats as general11_6_1_,
        train1_.is_active as is_acti12_6_1_,
        train1_.journey_date as journey13_6_1_,
        train1_.sleeper_fare as sleeper14_6_1_,
        train1_.sleeper_seats as sleeper15_6_1_,
        train1_.source as source16_6_1_,
        train1_.source_station as source_17_6_1_,
        train1_.ticket_price as ticket_18_6_1_,
        train1_.train_name as train_n19_6_1_,
        train1_.travel_date as travel_20_6_1_,
        train1_.updated_at as updated21_6_1_ 
    from
        tickets ticket0_ 
    left outer join
        trains train1_ 
            on ticket0_.train_no=train1_.train_no 
    where
        ticket0_.user_id=? 
        and ticket0_.journey_date<CURRENT_DATE
2026-03-10 14:58:11 [TRACE] BasicBinder:64 - binding parameter [1] as [BIGINT] - [37]
2026-03-10 14:58:11 [INFO ] MealServiceImpl:180 - Fetching meal orders for user: 37
2026-03-10 14:58:11 [INFO ] MealServiceImpl:180 - Fetching meal orders for user: 37
2026-03-10 14:58:11 [DEBUG] SQL:144 - 
    select
        user0_.user_id as user_id1_8_0_,
        user0_.created_at as created_2_8_0_,
        user0_.email as email3_8_0_,
        user0_.full_name as full_nam4_8_0_,
        user0_.is_enabled as is_enabl5_8_0_,
        user0_.last_login as last_log6_8_0_,
        user0_.mobile_number as mobile_n7_8_0_,
        user0_.password as password8_8_0_,
        user0_.profile_photo as profile_9_8_0_,
        user0_.profile_photo_content_type as profile10_8_0_,
        user0_.role as role11_8_0_,
        user0_.session_id as session12_8_0_,
        user0_.updated_at as updated13_8_0_,
        user0_.username as usernam14_8_0_ 
    from
        users user0_ 
    where
        user0_.user_id=?
2026-03-10 14:58:11 [TRACE] BasicBinder:64 - binding parameter [1] as [BIGINT] - [37]
2026-03-10 14:58:11 [DEBUG] SQL:144 - 
    select
        userprofil0_.profile_id as profile_1_7_0_,
        userprofil0_.address as address2_7_0_,
        userprofil0_.city as city3_7_0_,
        userprofil0_.date_of_birth as date_of_4_7_0_,
        userprofil0_.gender as gender5_7_0_,
        userprofil0_.id as id6_7_0_,
        userprofil0_.occupation as occupati7_7_0_,
        userprofil0_.pincode as pincode8_7_0_,
        userprofil0_.state as state9_7_0_,
        userprofil0_.user_id as user_id10_7_0_ 
    from
        user_profiles userprofil0_ 
    where
        userprofil0_.user_id=?
2026-03-10 14:58:11 [TRACE] BasicBinder:64 - binding parameter [1] as [BIGINT] - [37]
2026-03-10 14:58:11 [DEBUG] SQL:144 - 
    select
        mealorder0_.order_id as order_id1_0_,
        mealorder0_.cancellation_date as cancella2_0_,
        mealorder0_.cancellation_reason as cancella3_0_,
        mealorder0_.delivery_station as delivery4_0_,
        mealorder0_.delivery_status as delivery5_0_,
        mealorder0_.id as id6_0_,
        mealorder0_.meal_id as meal_id13_0_,
        mealorder0_.order_date as order_da7_0_,
        mealorder0_.quantity as quantity8_0_,
        mealorder0_.refund_amount as refund_a9_0_,
        mealorder0_.refund_status as refund_10_0_,
        mealorder0_.special_instructions as special11_0_,
        mealorder0_.ticket_id as ticket_14_0_,
        mealorder0_.total_price as total_p12_0_,
        mealorder0_.user_id as user_id15_0_ 
    from
        meal_orders mealorder0_ 
    where
        mealorder0_.user_id=? 
    order by
        mealorder0_.order_date desc
2026-03-10 14:58:11 [TRACE] BasicBinder:64 - binding parameter [1] as [BIGINT] - [37]
2026-03-10 14:58:11 [INFO ] MealServiceImpl:42 - Fetching available meals
2026-03-10 14:58:11 [INFO ] MealServiceImpl:42 - Fetching available meals
2026-03-10 14:58:11 [DEBUG] SQL:144 - 
    select
        meal0_.meal_id as meal_id1_1_,
        meal0_.availability_status as availabi2_1_,
        meal0_.created_at as created_3_1_,
        meal0_.description as descript4_1_,
        meal0_.image as image5_1_,
        meal0_.image_content_type as image_co6_1_,
        meal0_.image_url as image_ur7_1_,
        meal0_.is_available as is_avail8_1_,
        meal0_.meal_name as meal_nam9_1_,
        meal0_.meal_type as meal_ty10_1_,
        meal0_.preparation_time as prepara11_1_,
        meal0_.price as price12_1_,
        meal0_.updated_at as updated13_1_ 
    from
        meals meal0_ 
    where
        meal0_.availability_status=1
2026-03-10 14:58:11 [DEBUG] SQL:144 - 
    select
        count(ticket0_.ticket_id) as col_0_0_ 
    from
        tickets ticket0_ 
    where
        ticket0_.user_id=? 
        and ticket0_.refund_status='PENDING'
2026-03-10 14:58:11 [TRACE] BasicBinder:64 - binding parameter [1] as [BIGINT] - [37]
2026-03-10 14:58:11 [DEBUG] SQL:144 - 
    select
        count(ticket0_.ticket_id) as col_0_0_ 
    from
        tickets ticket0_ 
    where
        ticket0_.user_id=? 
        and ticket0_.refund_status='PROCESSING'
2026-03-10 14:58:11 [TRACE] BasicBinder:64 - binding parameter [1] as [BIGINT] - [37]
2026-03-10 14:58:11 [DEBUG] SQL:144 - 
    select
        count(ticket0_.ticket_id) as col_0_0_ 
    from
        tickets ticket0_ 
    where
        ticket0_.user_id=? 
        and ticket0_.refund_status='COMPLETED'
2026-03-10 14:58:11 [TRACE] BasicBinder:64 - binding parameter [1] as [BIGINT] - [37]
2026-03-10 14:58:11 [DEBUG] DispatcherServlet:1131 - Completed 200 OK
2026-03-10 14:58:14 [DEBUG] DispatcherServlet:120 - GET "/RailEase/user/view-trains", parameters={}
2026-03-10 14:58:14 [DEBUG] RequestMappingHandlerMapping:522 - Mapped to com.railease.controller.UserController#viewTrains(Model, HttpSession)
2026-03-10 14:58:14 [INFO ] UserController:110 - Loaded 4 active trains
2026-03-10 14:58:14 [INFO ] UserController:110 - Loaded 4 active trains
2026-03-10 14:58:14 [DEBUG] DispatcherServlet:1131 - Completed 200 OK
2026-03-10 14:58:14 [DEBUG] DispatcherServlet:120 - GET "/RailEase/webjars/datatables/1.13.6/css/dataTables.bootstrap5.min.css", parameters={}
2026-03-10 14:58:14 [DEBUG] SimpleUrlHandlerMapping:522 - Mapped to ResourceHttpRequestHandler [ServletContext [/webjars/]]
2026-03-10 14:58:14 [DEBUG] ResourceHttpRequestHandler:560 - Resource not found
2026-03-10 14:58:14 [DEBUG] DispatcherServlet:1131 - Completed 404 NOT_FOUND
2026-03-10 14:58:14 [DEBUG] DispatcherServlet:120 - "ERROR" dispatch for GET "/RailEase/error", parameters={}
2026-03-10 14:58:14 [DEBUG] RequestMappingHandlerMapping:522 - Mapped to org.springframework.boot.autoconfigure.web.servlet.error.BasicErrorController#error(HttpServletRequest)
2026-03-10 14:58:14 [DEBUG] HttpEntityMethodProcessor:268 - Using 'application/json;q=0.1', given [text/css, */*;q=0.1] and supported [application/json, application/*+json, application/json, application/*+json]
2026-03-10 14:58:14 [DEBUG] HttpEntityMethodProcessor:120 - Writing [{timestamp=Tue Mar 10 14:58:14 IST 2026, status=404, error=Not Found, message=No message available,  (truncated)...]
2026-03-10 14:58:14 [DEBUG] DispatcherServlet:1127 - Exiting from "ERROR" dispatch, status 404
2026-03-10 14:58:16 [DEBUG] DispatcherServlet:120 - GET "/RailEase/user/book/1?classType=AC&journeyDate=", parameters={masked}
2026-03-10 14:58:16 [DEBUG] RequestMappingHandlerMapping:522 - Mapped to com.railease.controller.UserController#bookTicket(Integer, String, String, HttpSession, RedirectAttributes)
2026-03-10 14:58:16 [ERROR] UserController:429 - Error redirecting to booking: Text '' could not be parsed at index 0
2026-03-10 14:58:16 [ERROR] UserController:429 - Error redirecting to booking: Text '' could not be parsed at index 0
2026-03-10 14:58:16 [DEBUG] RedirectView:309 - View name 'redirect:', model {}
2026-03-10 14:58:16 [DEBUG] DispatcherServlet:1131 - Completed 302 FOUND
2026-03-10 14:58:16 [DEBUG] DispatcherServlet:120 - GET "/RailEase/user/train-details/1", parameters={}
2026-03-10 14:58:16 [DEBUG] RequestMappingHandlerMapping:522 - Mapped to com.railease.controller.UserController#trainDetails(Integer, String, Model, HttpSession)
2026-03-10 14:58:16 [DEBUG] TrainServiceImpl:53 - Fetching train by number: 1
2026-03-10 14:58:16 [DEBUG] TrainServiceImpl:53 - Fetching train by number: 1
2026-03-10 14:58:16 [DEBUG] SQL:144 - 
    select
        train0_.train_no as train_no1_6_0_,
        train0_.ac_fare as ac_fare2_6_0_,
        train0_.ac_seats as ac_seats3_6_0_,
        train0_.arrival_time as arrival_4_6_0_,
        train0_.available_seats as availabl5_6_0_,
        train0_.created_at as created_6_6_0_,
        train0_.departure_time as departur7_6_0_,
        train0_.destination as destinat8_6_0_,
        train0_.destination_station as destinat9_6_0_,
        train0_.general_fare as general10_6_0_,
        train0_.general_seats as general11_6_0_,
        train0_.is_active as is_acti12_6_0_,
        train0_.journey_date as journey13_6_0_,
        train0_.sleeper_fare as sleeper14_6_0_,
        train0_.sleeper_seats as sleeper15_6_0_,
        train0_.source as source16_6_0_,
        train0_.source_station as source_17_6_0_,
        train0_.ticket_price as ticket_18_6_0_,
        train0_.train_name as train_n19_6_0_,
        train0_.travel_date as travel_20_6_0_,
        train0_.updated_at as updated21_6_0_ 
    from
        trains train0_ 
    where
        train0_.train_no=?
2026-03-10 14:58:16 [TRACE] BasicBinder:64 - binding parameter [1] as [INTEGER] - [1]
2026-03-10 14:58:16 [INFO ] BookingServiceImpl:763 - Getting available seats for train: 1, class: GENERAL, date: 2026-03-10
2026-03-10 14:58:16 [INFO ] BookingServiceImpl:763 - Getting available seats for train: 1, class: GENERAL, date: 2026-03-10
2026-03-10 14:58:16 [DEBUG] SQL:144 - 
    select
        train0_.train_no as train_no1_6_0_,
        train0_.ac_fare as ac_fare2_6_0_,
        train0_.ac_seats as ac_seats3_6_0_,
        train0_.arrival_time as arrival_4_6_0_,
        train0_.available_seats as availabl5_6_0_,
        train0_.created_at as created_6_6_0_,
        train0_.departure_time as departur7_6_0_,
        train0_.destination as destinat8_6_0_,
        train0_.destination_station as destinat9_6_0_,
        train0_.general_fare as general10_6_0_,
        train0_.general_seats as general11_6_0_,
        train0_.is_active as is_acti12_6_0_,
        train0_.journey_date as journey13_6_0_,
        train0_.sleeper_fare as sleeper14_6_0_,
        train0_.sleeper_seats as sleeper15_6_0_,
        train0_.source as source16_6_0_,
        train0_.source_station as source_17_6_0_,
        train0_.ticket_price as ticket_18_6_0_,
        train0_.train_name as train_n19_6_0_,
        train0_.travel_date as travel_20_6_0_,
        train0_.updated_at as updated21_6_0_ 
    from
        trains train0_ 
    where
        train0_.train_no=?
2026-03-10 14:58:16 [TRACE] BasicBinder:64 - binding parameter [1] as [INTEGER] - [1]
2026-03-10 14:58:16 [DEBUG] SQL:144 - 
    select
        coalesce(sum(ticket0_.number_of_seats),
        0) as col_0_0_ 
    from
        tickets ticket0_ 
    where
        ticket0_.train_no=? 
        and ticket0_.journey_date=? 
        and ticket0_.class_type=? 
        and ticket0_.ticket_status<>'CANCELLED'
2026-03-10 14:58:16 [TRACE] BasicBinder:64 - binding parameter [1] as [INTEGER] - [1]
2026-03-10 14:58:16 [TRACE] BasicBinder:64 - binding parameter [2] as [DATE] - [2026-03-10]
2026-03-10 14:58:16 [TRACE] BasicBinder:64 - binding parameter [3] as [VARCHAR] - [GENERAL]
2026-03-10 14:58:16 [DEBUG] DispatcherServlet:1131 - Completed 200 OK
2026-03-10 14:58:20 [DEBUG] DispatcherServlet:120 - GET "/RailEase/booking/process?trainNo=1&classType=SLEEPER&journeyDate=2026-03-10", parameters={masked}
2026-03-10 14:58:20 [DEBUG] RequestMappingHandlerMapping:522 - Mapped to com.railease.controller.BookingController#showBookingForm(Integer, String, String, HttpSession, Model)
2026-03-10 14:58:20 [DEBUG] TrainServiceImpl:53 - Fetching train by number: 1
2026-03-10 14:58:20 [DEBUG] TrainServiceImpl:53 - Fetching train by number: 1
2026-03-10 14:58:20 [DEBUG] SQL:144 - 
    select
        train0_.train_no as train_no1_6_0_,
        train0_.ac_fare as ac_fare2_6_0_,
        train0_.ac_seats as ac_seats3_6_0_,
        train0_.arrival_time as arrival_4_6_0_,
        train0_.available_seats as availabl5_6_0_,
        train0_.created_at as created_6_6_0_,
        train0_.departure_time as departur7_6_0_,
        train0_.destination as destinat8_6_0_,
        train0_.destination_station as destinat9_6_0_,
        train0_.general_fare as general10_6_0_,
        train0_.general_seats as general11_6_0_,
        train0_.is_active as is_acti12_6_0_,
        train0_.journey_date as journey13_6_0_,
        train0_.sleeper_fare as sleeper14_6_0_,
        train0_.sleeper_seats as sleeper15_6_0_,
        train0_.source as source16_6_0_,
        train0_.source_station as source_17_6_0_,
        train0_.ticket_price as ticket_18_6_0_,
        train0_.train_name as train_n19_6_0_,
        train0_.travel_date as travel_20_6_0_,
        train0_.updated_at as updated21_6_0_ 
    from
        trains train0_ 
    where
        train0_.train_no=?
2026-03-10 14:58:20 [TRACE] BasicBinder:64 - binding parameter [1] as [INTEGER] - [1]
2026-03-10 14:58:20 [INFO ] BookingServiceImpl:763 - Getting available seats for train: 1, class: SLEEPER, date: 2026-03-10
2026-03-10 14:58:20 [INFO ] BookingServiceImpl:763 - Getting available seats for train: 1, class: SLEEPER, date: 2026-03-10
2026-03-10 14:58:20 [DEBUG] SQL:144 - 
    select
        train0_.train_no as train_no1_6_0_,
        train0_.ac_fare as ac_fare2_6_0_,
        train0_.ac_seats as ac_seats3_6_0_,
        train0_.arrival_time as arrival_4_6_0_,
        train0_.available_seats as availabl5_6_0_,
        train0_.created_at as created_6_6_0_,
        train0_.departure_time as departur7_6_0_,
        train0_.destination as destinat8_6_0_,
        train0_.destination_station as destinat9_6_0_,
        train0_.general_fare as general10_6_0_,
        train0_.general_seats as general11_6_0_,
        train0_.is_active as is_acti12_6_0_,
        train0_.journey_date as journey13_6_0_,
        train0_.sleeper_fare as sleeper14_6_0_,
        train0_.sleeper_seats as sleeper15_6_0_,
        train0_.source as source16_6_0_,
        train0_.source_station as source_17_6_0_,
        train0_.ticket_price as ticket_18_6_0_,
        train0_.train_name as train_n19_6_0_,
        train0_.travel_date as travel_20_6_0_,
        train0_.updated_at as updated21_6_0_ 
    from
        trains train0_ 
    where
        train0_.train_no=?
2026-03-10 14:58:20 [TRACE] BasicBinder:64 - binding parameter [1] as [INTEGER] - [1]
2026-03-10 14:58:20 [DEBUG] SQL:144 - 
    select
        coalesce(sum(ticket0_.number_of_seats),
        0) as col_0_0_ 
    from
        tickets ticket0_ 
    where
        ticket0_.train_no=? 
        and ticket0_.journey_date=? 
        and ticket0_.class_type=? 
        and ticket0_.ticket_status<>'CANCELLED'
2026-03-10 14:58:20 [TRACE] BasicBinder:64 - binding parameter [1] as [INTEGER] - [1]
2026-03-10 14:58:20 [TRACE] BasicBinder:64 - binding parameter [2] as [DATE] - [2026-03-10]
2026-03-10 14:58:20 [TRACE] BasicBinder:64 - binding parameter [3] as [VARCHAR] - [SLEEPER]
2026-03-10 14:58:20 [DEBUG] DispatcherServlet:1131 - Completed 200 OK
2026-03-10 14:58:37 [DEBUG] DispatcherServlet:120 - POST "/RailEase/booking/confirm", parameters={masked}
2026-03-10 14:58:37 [DEBUG] RequestMappingHandlerMapping:522 - Mapped to com.railease.controller.BookingController#confirmBooking(Integer, String, Integer, String, String, Integer, String, HttpSession, RedirectAttributes)
2026-03-10 14:58:37 [INFO ] BookingServiceImpl:763 - Getting available seats for train: 1, class: SLEEPER,SLEEPER, date: 2026-03-10
2026-03-10 14:58:37 [INFO ] BookingServiceImpl:763 - Getting available seats for train: 1, class: SLEEPER,SLEEPER, date: 2026-03-10
2026-03-10 14:58:37 [DEBUG] SQL:144 - 
    select
        train0_.train_no as train_no1_6_0_,
        train0_.ac_fare as ac_fare2_6_0_,
        train0_.ac_seats as ac_seats3_6_0_,
        train0_.arrival_time as arrival_4_6_0_,
        train0_.available_seats as availabl5_6_0_,
        train0_.created_at as created_6_6_0_,
        train0_.departure_time as departur7_6_0_,
        train0_.destination as destinat8_6_0_,
        train0_.destination_station as destinat9_6_0_,
        train0_.general_fare as general10_6_0_,
        train0_.general_seats as general11_6_0_,
        train0_.is_active as is_acti12_6_0_,
        train0_.journey_date as journey13_6_0_,
        train0_.sleeper_fare as sleeper14_6_0_,
        train0_.sleeper_seats as sleeper15_6_0_,
        train0_.source as source16_6_0_,
        train0_.source_station as source_17_6_0_,
        train0_.ticket_price as ticket_18_6_0_,
        train0_.train_name as train_n19_6_0_,
        train0_.travel_date as travel_20_6_0_,
        train0_.updated_at as updated21_6_0_ 
    from
        trains train0_ 
    where
        train0_.train_no=?
2026-03-10 14:58:37 [TRACE] BasicBinder:64 - binding parameter [1] as [INTEGER] - [1]
2026-03-10 14:58:37 [DEBUG] SQL:144 - 
    select
        coalesce(sum(ticket0_.number_of_seats),
        0) as col_0_0_ 
    from
        tickets ticket0_ 
    where
        ticket0_.train_no=? 
        and ticket0_.journey_date=? 
        and ticket0_.class_type=? 
        and ticket0_.ticket_status<>'CANCELLED'
2026-03-10 14:58:37 [TRACE] BasicBinder:64 - binding parameter [1] as [INTEGER] - [1]
2026-03-10 14:58:37 [TRACE] BasicBinder:64 - binding parameter [2] as [DATE] - [2026-03-10]
2026-03-10 14:58:37 [TRACE] BasicBinder:64 - binding parameter [3] as [VARCHAR] - [SLEEPER,SLEEPER]
2026-03-10 14:58:37 [INFO ] BookingServiceImpl:48 - Creating ticket for user: 37, train: 1
2026-03-10 14:58:37 [INFO ] BookingServiceImpl:48 - Creating ticket for user: 37, train: 1
2026-03-10 14:58:37 [DEBUG] SQL:144 - 
    select
        user0_.user_id as user_id1_8_0_,
        user0_.created_at as created_2_8_0_,
        user0_.email as email3_8_0_,
        user0_.full_name as full_nam4_8_0_,
        user0_.is_enabled as is_enabl5_8_0_,
        user0_.last_login as last_log6_8_0_,
        user0_.mobile_number as mobile_n7_8_0_,
        user0_.password as password8_8_0_,
        user0_.profile_photo as profile_9_8_0_,
        user0_.profile_photo_content_type as profile10_8_0_,
        user0_.role as role11_8_0_,
        user0_.session_id as session12_8_0_,
        user0_.updated_at as updated13_8_0_,
        user0_.username as usernam14_8_0_ 
    from
        users user0_ 
    where
        user0_.user_id=?
2026-03-10 14:58:37 [TRACE] BasicBinder:64 - binding parameter [1] as [BIGINT] - [37]
2026-03-10 14:58:37 [DEBUG] SQL:144 - 
    select
        userprofil0_.profile_id as profile_1_7_0_,
        userprofil0_.address as address2_7_0_,
        userprofil0_.city as city3_7_0_,
        userprofil0_.date_of_birth as date_of_4_7_0_,
        userprofil0_.gender as gender5_7_0_,
        userprofil0_.id as id6_7_0_,
        userprofil0_.occupation as occupati7_7_0_,
        userprofil0_.pincode as pincode8_7_0_,
        userprofil0_.state as state9_7_0_,
        userprofil0_.user_id as user_id10_7_0_ 
    from
        user_profiles userprofil0_ 
    where
        userprofil0_.user_id=?
2026-03-10 14:58:37 [TRACE] BasicBinder:64 - binding parameter [1] as [BIGINT] - [37]
2026-03-10 14:58:37 [INFO ] BookingServiceImpl:763 - Getting available seats for train: 1, class: SLEEPER,SLEEPER, date: 2026-03-10
2026-03-10 14:58:37 [INFO ] BookingServiceImpl:763 - Getting available seats for train: 1, class: SLEEPER,SLEEPER, date: 2026-03-10
2026-03-10 14:58:37 [DEBUG] SQL:144 - 
    select
        coalesce(sum(ticket0_.number_of_seats),
        0) as col_0_0_ 
    from
        tickets ticket0_ 
    where
        ticket0_.train_no=? 
        and ticket0_.journey_date=? 
        and ticket0_.class_type=? 
        and ticket0_.ticket_status<>'CANCELLED'
2026-03-10 14:58:37 [TRACE] BasicBinder:64 - binding parameter [1] as [INTEGER] - [1]
2026-03-10 14:58:37 [TRACE] BasicBinder:64 - binding parameter [2] as [DATE] - [2026-03-10]
2026-03-10 14:58:37 [TRACE] BasicBinder:64 - binding parameter [3] as [VARCHAR] - [SLEEPER,SLEEPER]
2026-03-10 14:58:37 [DEBUG] SQL:144 - 
    select
        ticket0_.ticket_id as ticket_i1_4_0_,
        ticket0_.booking_date as booking_2_4_0_,
        ticket0_.booking_status as booking_3_4_0_,
        ticket0_.cancellation_charges as cancella4_4_0_,
        ticket0_.cancellation_date as cancella5_4_0_,
        ticket0_.cancellation_reason as cancella6_4_0_,
        ticket0_.cancellation_requested_date as cancella7_4_0_,
        ticket0_.class_type as class_ty8_4_0_,
        ticket0_.destination_station as destinat9_4_0_,
        ticket0_.journey_date as journey10_4_0_,
        ticket0_.meal_id as meal_id11_4_0_,
        ticket0_.meal_quantity as meal_qu12_4_0_,
        ticket0_.number_of_seats as number_13_4_0_,
        ticket0_.passenger_age as passeng14_4_0_,
        ticket0_.passenger_gender as passeng15_4_0_,
        ticket0_.passenger_name as passeng16_4_0_,
        ticket0_.payment_id as payment17_4_0_,
        ticket0_.payment_method as payment18_4_0_,
        ticket0_.payment_status as payment19_4_0_,
        ticket0_.refund_amount as refund_20_4_0_,
        ticket0_.refund_date as refund_21_4_0_,
        ticket0_.refund_percentage as refund_22_4_0_,
        ticket0_.refund_processed_date as refund_23_4_0_,
        ticket0_.refund_status as refund_24_4_0_,
        ticket0_.refund_transaction_id as refund_25_4_0_,
        ticket0_.source_station as source_26_4_0_,
        ticket0_.ticket_status as ticket_27_4_0_,
        ticket0_.total_fare as total_f28_4_0_,
        ticket0_.train_no as train_n29_4_0_,
        ticket0_.user_id as user_id30_4_0_ 
    from
        tickets ticket0_ 
    where
        ticket0_.ticket_id=?
2026-03-10 14:58:37 [TRACE] BasicBinder:64 - binding parameter [1] as [VARCHAR] - [TK2026031087891001]
2026-03-10 14:58:37 [INFO ] BookingServiceImpl:112 - Ticket created successfully with ID: TK2026031087891001
2026-03-10 14:58:37 [INFO ] BookingServiceImpl:112 - Ticket created successfully with ID: TK2026031087891001
2026-03-10 14:58:37 [DEBUG] SQL:144 - 
    insert 
    into
        tickets
        (booking_date, booking_status, cancellation_charges, cancellation_date, cancellation_reason, cancellation_requested_date, class_type, destination_station, journey_date, meal_id, meal_quantity, number_of_seats, passenger_age, passenger_gender, passenger_name, payment_id, payment_method, payment_status, refund_amount, refund_date, refund_percentage, refund_processed_date, refund_status, refund_transaction_id, source_station, ticket_status, total_fare, train_no, user_id, ticket_id) 
    values
        (?, ?, ?, ?, ?, ?, ?, ?, ?, ?, ?, ?, ?, ?, ?, ?, ?, ?, ?, ?, ?, ?, ?, ?, ?, ?, ?, ?, ?, ?)
2026-03-10 14:58:37 [TRACE] BasicBinder:64 - binding parameter [1] as [TIMESTAMP] - [2026-03-10T14:58:37.459685600]
2026-03-10 14:58:37 [TRACE] BasicBinder:64 - binding parameter [2] as [VARCHAR] - [PENDING]
2026-03-10 14:58:37 [TRACE] BasicBinder:52 - binding parameter [3] as [DOUBLE] - [null]
2026-03-10 14:58:37 [TRACE] BasicBinder:52 - binding parameter [4] as [TIMESTAMP] - [null]
2026-03-10 14:58:37 [TRACE] BasicBinder:52 - binding parameter [5] as [VARCHAR] - [null]
2026-03-10 14:58:37 [TRACE] BasicBinder:52 - binding parameter [6] as [TIMESTAMP] - [null]
2026-03-10 14:58:37 [TRACE] BasicBinder:64 - binding parameter [7] as [VARCHAR] - [SLEEPER,SLEEPER]
2026-03-10 14:58:37 [TRACE] BasicBinder:64 - binding parameter [8] as [VARCHAR] - [Ahmedabad]
2026-03-10 14:58:37 [TRACE] BasicBinder:64 - binding parameter [9] as [DATE] - [2026-03-10]
2026-03-10 14:58:37 [TRACE] BasicBinder:52 - binding parameter [10] as [BIGINT] - [null]
2026-03-10 14:58:37 [TRACE] BasicBinder:52 - binding parameter [11] as [INTEGER] - [null]
2026-03-10 14:58:37 [TRACE] BasicBinder:64 - binding parameter [12] as [INTEGER] - [1]
2026-03-10 14:58:37 [TRACE] BasicBinder:64 - binding parameter [13] as [INTEGER] - [22]
2026-03-10 14:58:37 [TRACE] BasicBinder:64 - binding parameter [14] as [VARCHAR] - [FEMALE]
2026-03-10 14:58:37 [TRACE] BasicBinder:64 - binding parameter [15] as [VARCHAR] - [Shivangi Kamadiya]
2026-03-10 14:58:37 [TRACE] BasicBinder:52 - binding parameter [16] as [VARCHAR] - [null]
2026-03-10 14:58:37 [TRACE] BasicBinder:52 - binding parameter [17] as [VARCHAR] - [null]
2026-03-10 14:58:37 [TRACE] BasicBinder:64 - binding parameter [18] as [VARCHAR] - [PENDING]
2026-03-10 14:58:37 [TRACE] BasicBinder:52 - binding parameter [19] as [DOUBLE] - [null]
2026-03-10 14:58:37 [TRACE] BasicBinder:52 - binding parameter [20] as [TIMESTAMP] - [null]
2026-03-10 14:58:37 [TRACE] BasicBinder:52 - binding parameter [21] as [DOUBLE] - [null]
2026-03-10 14:58:37 [TRACE] BasicBinder:52 - binding parameter [22] as [TIMESTAMP] - [null]
2026-03-10 14:58:37 [TRACE] BasicBinder:52 - binding parameter [23] as [VARCHAR] - [null]
2026-03-10 14:58:37 [TRACE] BasicBinder:52 - binding parameter [24] as [VARCHAR] - [null]
2026-03-10 14:58:37 [TRACE] BasicBinder:64 - binding parameter [25] as [VARCHAR] - [Rajkot]
2026-03-10 14:58:37 [TRACE] BasicBinder:64 - binding parameter [26] as [VARCHAR] - [PENDING]
2026-03-10 14:58:37 [TRACE] BasicBinder:64 - binding parameter [27] as [DOUBLE] - [367.5]
2026-03-10 14:58:37 [TRACE] BasicBinder:64 - binding parameter [28] as [INTEGER] - [1]
2026-03-10 14:58:37 [TRACE] BasicBinder:64 - binding parameter [29] as [BIGINT] - [37]
2026-03-10 14:58:37 [TRACE] BasicBinder:64 - binding parameter [30] as [VARCHAR] - [TK2026031087891001]
2026-03-10 14:58:37 [DEBUG] RedirectView:309 - View name 'redirect:', model {}
2026-03-10 14:58:37 [DEBUG] DispatcherServlet:1131 - Completed 302 FOUND
2026-03-10 14:58:37 [DEBUG] DispatcherServlet:120 - GET "/RailEase/booking/payment/TK2026031087891001", parameters={}
2026-03-10 14:58:37 [DEBUG] RequestMappingHandlerMapping:522 - Mapped to com.railease.controller.BookingController#showPaymentPage(String, HttpSession, Model)
2026-03-10 14:58:37 [DEBUG] SQL:144 - 
    select
        ticket0_.ticket_id as ticket_i1_4_0_,
        train1_.train_no as train_no1_6_1_,
        user2_.user_id as user_id1_8_2_,
        ticket0_.booking_date as booking_2_4_0_,
        ticket0_.booking_status as booking_3_4_0_,
        ticket0_.cancellation_charges as cancella4_4_0_,
        ticket0_.cancellation_date as cancella5_4_0_,
        ticket0_.cancellation_reason as cancella6_4_0_,
        ticket0_.cancellation_requested_date as cancella7_4_0_,
        ticket0_.class_type as class_ty8_4_0_,
        ticket0_.destination_station as destinat9_4_0_,
        ticket0_.journey_date as journey10_4_0_,
        ticket0_.meal_id as meal_id11_4_0_,
        ticket0_.meal_quantity as meal_qu12_4_0_,
        ticket0_.number_of_seats as number_13_4_0_,
        ticket0_.passenger_age as passeng14_4_0_,
        ticket0_.passenger_gender as passeng15_4_0_,
        ticket0_.passenger_name as passeng16_4_0_,
        ticket0_.payment_id as payment17_4_0_,
        ticket0_.payment_method as payment18_4_0_,
        ticket0_.payment_status as payment19_4_0_,
        ticket0_.refund_amount as refund_20_4_0_,
        ticket0_.refund_date as refund_21_4_0_,
        ticket0_.refund_percentage as refund_22_4_0_,
        ticket0_.refund_processed_date as refund_23_4_0_,
        ticket0_.refund_status as refund_24_4_0_,
        ticket0_.refund_transaction_id as refund_25_4_0_,
        ticket0_.source_station as source_26_4_0_,
        ticket0_.ticket_status as ticket_27_4_0_,
        ticket0_.total_fare as total_f28_4_0_,
        ticket0_.train_no as train_n29_4_0_,
        ticket0_.user_id as user_id30_4_0_,
        train1_.ac_fare as ac_fare2_6_1_,
        train1_.ac_seats as ac_seats3_6_1_,
        train1_.arrival_time as arrival_4_6_1_,
        train1_.available_seats as availabl5_6_1_,
        train1_.created_at as created_6_6_1_,
        train1_.departure_time as departur7_6_1_,
        train1_.destination as destinat8_6_1_,
        train1_.destination_station as destinat9_6_1_,
        train1_.general_fare as general10_6_1_,
        train1_.general_seats as general11_6_1_,
        train1_.is_active as is_acti12_6_1_,
        train1_.journey_date as journey13_6_1_,
        train1_.sleeper_fare as sleeper14_6_1_,
        train1_.sleeper_seats as sleeper15_6_1_,
        train1_.source as source16_6_1_,
        train1_.source_station as source_17_6_1_,
        train1_.ticket_price as ticket_18_6_1_,
        train1_.train_name as train_n19_6_1_,
        train1_.travel_date as travel_20_6_1_,
        train1_.updated_at as updated21_6_1_,
        user2_.created_at as created_2_8_2_,
        user2_.email as email3_8_2_,
        user2_.full_name as full_nam4_8_2_,
        user2_.is_enabled as is_enabl5_8_2_,
        user2_.last_login as last_log6_8_2_,
        user2_.mobile_number as mobile_n7_8_2_,
        user2_.password as password8_8_2_,
        user2_.profile_photo as profile_9_8_2_,
        user2_.profile_photo_content_type as profile10_8_2_,
        user2_.role as role11_8_2_,
        user2_.session_id as session12_8_2_,
        user2_.updated_at as updated13_8_2_,
        user2_.username as usernam14_8_2_ 
    from
        tickets ticket0_ 
    left outer join
        trains train1_ 
            on ticket0_.train_no=train1_.train_no 
    left outer join
        users user2_ 
            on ticket0_.user_id=user2_.user_id 
    where
        ticket0_.ticket_id=?
2026-03-10 14:58:37 [TRACE] BasicBinder:64 - binding parameter [1] as [VARCHAR] - [TK2026031087891001]
2026-03-10 14:58:37 [DEBUG] SQL:144 - 
    select
        userprofil0_.profile_id as profile_1_7_0_,
        userprofil0_.address as address2_7_0_,
        userprofil0_.city as city3_7_0_,
        userprofil0_.date_of_birth as date_of_4_7_0_,
        userprofil0_.gender as gender5_7_0_,
        userprofil0_.id as id6_7_0_,
        userprofil0_.occupation as occupati7_7_0_,
        userprofil0_.pincode as pincode8_7_0_,
        userprofil0_.state as state9_7_0_,
        userprofil0_.user_id as user_id10_7_0_ 
    from
        user_profiles userprofil0_ 
    where
        userprofil0_.user_id=?
2026-03-10 14:58:37 [TRACE] BasicBinder:64 - binding parameter [1] as [BIGINT] - [37]
2026-03-10 14:58:37 [DEBUG] DispatcherServlet:1131 - Completed 200 OK
2026-03-10 14:59:29 [DEBUG] DispatcherServlet:120 - POST "/RailEase/booking/confirm", parameters={masked}
2026-03-10 14:59:29 [DEBUG] RequestMappingHandlerMapping:522 - Mapped to com.railease.controller.BookingController#confirmBooking(Integer, String, Integer, String, String, Integer, String, HttpSession, RedirectAttributes)
2026-03-10 14:59:29 [INFO ] BookingServiceImpl:763 - Getting available seats for train: 1, class: SLEEPER,GENERAL, date: 2026-03-10
2026-03-10 14:59:29 [INFO ] BookingServiceImpl:763 - Getting available seats for train: 1, class: SLEEPER,GENERAL, date: 2026-03-10
2026-03-10 14:59:29 [DEBUG] SQL:144 - 
    select
        train0_.train_no as train_no1_6_0_,
        train0_.ac_fare as ac_fare2_6_0_,
        train0_.ac_seats as ac_seats3_6_0_,
        train0_.arrival_time as arrival_4_6_0_,
        train0_.available_seats as availabl5_6_0_,
        train0_.created_at as created_6_6_0_,
        train0_.departure_time as departur7_6_0_,
        train0_.destination as destinat8_6_0_,
        train0_.destination_station as destinat9_6_0_,
        train0_.general_fare as general10_6_0_,
        train0_.general_seats as general11_6_0_,
        train0_.is_active as is_acti12_6_0_,
        train0_.journey_date as journey13_6_0_,
        train0_.sleeper_fare as sleeper14_6_0_,
        train0_.sleeper_seats as sleeper15_6_0_,
        train0_.source as source16_6_0_,
        train0_.source_station as source_17_6_0_,
        train0_.ticket_price as ticket_18_6_0_,
        train0_.train_name as train_n19_6_0_,
        train0_.travel_date as travel_20_6_0_,
        train0_.updated_at as updated21_6_0_ 
    from
        trains train0_ 
    where
        train0_.train_no=?
2026-03-10 14:59:29 [TRACE] BasicBinder:64 - binding parameter [1] as [INTEGER] - [1]
2026-03-10 14:59:29 [DEBUG] SQL:144 - 
    select
        coalesce(sum(ticket0_.number_of_seats),
        0) as col_0_0_ 
    from
        tickets ticket0_ 
    where
        ticket0_.train_no=? 
        and ticket0_.journey_date=? 
        and ticket0_.class_type=? 
        and ticket0_.ticket_status<>'CANCELLED'
2026-03-10 14:59:29 [TRACE] BasicBinder:64 - binding parameter [1] as [INTEGER] - [1]
2026-03-10 14:59:29 [TRACE] BasicBinder:64 - binding parameter [2] as [DATE] - [2026-03-10]
2026-03-10 14:59:29 [TRACE] BasicBinder:64 - binding parameter [3] as [VARCHAR] - [SLEEPER,GENERAL]
2026-03-10 14:59:29 [INFO ] BookingServiceImpl:48 - Creating ticket for user: 37, train: 1
2026-03-10 14:59:29 [INFO ] BookingServiceImpl:48 - Creating ticket for user: 37, train: 1
2026-03-10 14:59:29 [DEBUG] SQL:144 - 
    select
        user0_.user_id as user_id1_8_0_,
        user0_.created_at as created_2_8_0_,
        user0_.email as email3_8_0_,
        user0_.full_name as full_nam4_8_0_,
        user0_.is_enabled as is_enabl5_8_0_,
        user0_.last_login as last_log6_8_0_,
        user0_.mobile_number as mobile_n7_8_0_,
        user0_.password as password8_8_0_,
        user0_.profile_photo as profile_9_8_0_,
        user0_.profile_photo_content_type as profile10_8_0_,
        user0_.role as role11_8_0_,
        user0_.session_id as session12_8_0_,
        user0_.updated_at as updated13_8_0_,
        user0_.username as usernam14_8_0_ 
    from
        users user0_ 
    where
        user0_.user_id=?
2026-03-10 14:59:29 [TRACE] BasicBinder:64 - binding parameter [1] as [BIGINT] - [37]
2026-03-10 14:59:29 [DEBUG] SQL:144 - 
    select
        userprofil0_.profile_id as profile_1_7_0_,
        userprofil0_.address as address2_7_0_,
        userprofil0_.city as city3_7_0_,
        userprofil0_.date_of_birth as date_of_4_7_0_,
        userprofil0_.gender as gender5_7_0_,
        userprofil0_.id as id6_7_0_,
        userprofil0_.occupation as occupati7_7_0_,
        userprofil0_.pincode as pincode8_7_0_,
        userprofil0_.state as state9_7_0_,
        userprofil0_.user_id as user_id10_7_0_ 
    from
        user_profiles userprofil0_ 
    where
        userprofil0_.user_id=?
2026-03-10 14:59:29 [TRACE] BasicBinder:64 - binding parameter [1] as [BIGINT] - [37]
2026-03-10 14:59:29 [INFO ] BookingServiceImpl:763 - Getting available seats for train: 1, class: SLEEPER,GENERAL, date: 2026-03-10
2026-03-10 14:59:29 [INFO ] BookingServiceImpl:763 - Getting available seats for train: 1, class: SLEEPER,GENERAL, date: 2026-03-10
2026-03-10 14:59:29 [DEBUG] SQL:144 - 
    select
        coalesce(sum(ticket0_.number_of_seats),
        0) as col_0_0_ 
    from
        tickets ticket0_ 
    where
        ticket0_.train_no=? 
        and ticket0_.journey_date=? 
        and ticket0_.class_type=? 
        and ticket0_.ticket_status<>'CANCELLED'
2026-03-10 14:59:29 [TRACE] BasicBinder:64 - binding parameter [1] as [INTEGER] - [1]
2026-03-10 14:59:29 [TRACE] BasicBinder:64 - binding parameter [2] as [DATE] - [2026-03-10]
2026-03-10 14:59:29 [TRACE] BasicBinder:64 - binding parameter [3] as [VARCHAR] - [SLEEPER,GENERAL]
2026-03-10 14:59:29 [DEBUG] SQL:144 - 
    select
        ticket0_.ticket_id as ticket_i1_4_0_,
        ticket0_.booking_date as booking_2_4_0_,
        ticket0_.booking_status as booking_3_4_0_,
        ticket0_.cancellation_charges as cancella4_4_0_,
        ticket0_.cancellation_date as cancella5_4_0_,
        ticket0_.cancellation_reason as cancella6_4_0_,
        ticket0_.cancellation_requested_date as cancella7_4_0_,
        ticket0_.class_type as class_ty8_4_0_,
        ticket0_.destination_station as destinat9_4_0_,
        ticket0_.journey_date as journey10_4_0_,
        ticket0_.meal_id as meal_id11_4_0_,
        ticket0_.meal_quantity as meal_qu12_4_0_,
        ticket0_.number_of_seats as number_13_4_0_,
        ticket0_.passenger_age as passeng14_4_0_,
        ticket0_.passenger_gender as passeng15_4_0_,
        ticket0_.passenger_name as passeng16_4_0_,
        ticket0_.payment_id as payment17_4_0_,
        ticket0_.payment_method as payment18_4_0_,
        ticket0_.payment_status as payment19_4_0_,
        ticket0_.refund_amount as refund_20_4_0_,
        ticket0_.refund_date as refund_21_4_0_,
        ticket0_.refund_percentage as refund_22_4_0_,
        ticket0_.refund_processed_date as refund_23_4_0_,
        ticket0_.refund_status as refund_24_4_0_,
        ticket0_.refund_transaction_id as refund_25_4_0_,
        ticket0_.source_station as source_26_4_0_,
        ticket0_.ticket_status as ticket_27_4_0_,
        ticket0_.total_fare as total_f28_4_0_,
        ticket0_.train_no as train_n29_4_0_,
        ticket0_.user_id as user_id30_4_0_ 
    from
        tickets ticket0_ 
    where
        ticket0_.ticket_id=?
2026-03-10 14:59:29 [TRACE] BasicBinder:64 - binding parameter [1] as [VARCHAR] - [TK2026031097911002]
2026-03-10 14:59:29 [INFO ] BookingServiceImpl:112 - Ticket created successfully with ID: TK2026031097911002
2026-03-10 14:59:29 [INFO ] BookingServiceImpl:112 - Ticket created successfully with ID: TK2026031097911002
2026-03-10 14:59:29 [DEBUG] SQL:144 - 
    insert 
    into
        tickets
        (booking_date, booking_status, cancellation_charges, cancellation_date, cancellation_reason, cancellation_requested_date, class_type, destination_station, journey_date, meal_id, meal_quantity, number_of_seats, passenger_age, passenger_gender, passenger_name, payment_id, payment_method, payment_status, refund_amount, refund_date, refund_percentage, refund_processed_date, refund_status, refund_transaction_id, source_station, ticket_status, total_fare, train_no, user_id, ticket_id) 
    values
        (?, ?, ?, ?, ?, ?, ?, ?, ?, ?, ?, ?, ?, ?, ?, ?, ?, ?, ?, ?, ?, ?, ?, ?, ?, ?, ?, ?, ?, ?)
2026-03-10 14:59:29 [TRACE] BasicBinder:64 - binding parameter [1] as [TIMESTAMP] - [2026-03-10T14:59:29.109826600]
2026-03-10 14:59:29 [TRACE] BasicBinder:64 - binding parameter [2] as [VARCHAR] - [PENDING]
2026-03-10 14:59:29 [TRACE] BasicBinder:52 - binding parameter [3] as [DOUBLE] - [null]
2026-03-10 14:59:29 [TRACE] BasicBinder:52 - binding parameter [4] as [TIMESTAMP] - [null]
2026-03-10 14:59:29 [TRACE] BasicBinder:52 - binding parameter [5] as [VARCHAR] - [null]
2026-03-10 14:59:29 [TRACE] BasicBinder:52 - binding parameter [6] as [TIMESTAMP] - [null]
2026-03-10 14:59:29 [TRACE] BasicBinder:64 - binding parameter [7] as [VARCHAR] - [SLEEPER,GENERAL]
2026-03-10 14:59:29 [TRACE] BasicBinder:64 - binding parameter [8] as [VARCHAR] - [Ahmedabad]
2026-03-10 14:59:29 [TRACE] BasicBinder:64 - binding parameter [9] as [DATE] - [2026-03-10]
2026-03-10 14:59:29 [TRACE] BasicBinder:52 - binding parameter [10] as [BIGINT] - [null]
2026-03-10 14:59:29 [TRACE] BasicBinder:52 - binding parameter [11] as [INTEGER] - [null]
2026-03-10 14:59:29 [TRACE] BasicBinder:64 - binding parameter [12] as [INTEGER] - [1]
2026-03-10 14:59:29 [TRACE] BasicBinder:64 - binding parameter [13] as [INTEGER] - [22]
2026-03-10 14:59:29 [TRACE] BasicBinder:64 - binding parameter [14] as [VARCHAR] - [FEMALE]
2026-03-10 14:59:29 [TRACE] BasicBinder:64 - binding parameter [15] as [VARCHAR] - [Shivangi Kamadiya]
2026-03-10 14:59:29 [TRACE] BasicBinder:52 - binding parameter [16] as [VARCHAR] - [null]
2026-03-10 14:59:29 [TRACE] BasicBinder:52 - binding parameter [17] as [VARCHAR] - [null]
2026-03-10 14:59:29 [TRACE] BasicBinder:64 - binding parameter [18] as [VARCHAR] - [PENDING]
2026-03-10 14:59:29 [TRACE] BasicBinder:52 - binding parameter [19] as [DOUBLE] - [null]
2026-03-10 14:59:29 [TRACE] BasicBinder:52 - binding parameter [20] as [TIMESTAMP] - [null]
2026-03-10 14:59:29 [TRACE] BasicBinder:52 - binding parameter [21] as [DOUBLE] - [null]
2026-03-10 14:59:29 [TRACE] BasicBinder:52 - binding parameter [22] as [TIMESTAMP] - [null]
2026-03-10 14:59:29 [TRACE] BasicBinder:52 - binding parameter [23] as [VARCHAR] - [null]
2026-03-10 14:59:29 [TRACE] BasicBinder:52 - binding parameter [24] as [VARCHAR] - [null]
2026-03-10 14:59:29 [TRACE] BasicBinder:64 - binding parameter [25] as [VARCHAR] - [Rajkot]
2026-03-10 14:59:29 [TRACE] BasicBinder:64 - binding parameter [26] as [VARCHAR] - [PENDING]
2026-03-10 14:59:29 [TRACE] BasicBinder:64 - binding parameter [27] as [DOUBLE] - [367.5]
2026-03-10 14:59:29 [TRACE] BasicBinder:64 - binding parameter [28] as [INTEGER] - [1]
2026-03-10 14:59:29 [TRACE] BasicBinder:64 - binding parameter [29] as [BIGINT] - [37]
2026-03-10 14:59:29 [TRACE] BasicBinder:64 - binding parameter [30] as [VARCHAR] - [TK2026031097911002]
2026-03-10 14:59:29 [DEBUG] RedirectView:309 - View name 'redirect:', model {}
2026-03-10 14:59:29 [DEBUG] DispatcherServlet:1131 - Completed 302 FOUND
2026-03-10 14:59:29 [DEBUG] DispatcherServlet:120 - GET "/RailEase/booking/payment/TK2026031097911002", parameters={}
2026-03-10 14:59:29 [DEBUG] RequestMappingHandlerMapping:522 - Mapped to com.railease.controller.BookingController#showPaymentPage(String, HttpSession, Model)
2026-03-10 14:59:29 [DEBUG] SQL:144 - 
    select
        ticket0_.ticket_id as ticket_i1_4_0_,
        train1_.train_no as train_no1_6_1_,
        user2_.user_id as user_id1_8_2_,
        ticket0_.booking_date as booking_2_4_0_,
        ticket0_.booking_status as booking_3_4_0_,
        ticket0_.cancellation_charges as cancella4_4_0_,
        ticket0_.cancellation_date as cancella5_4_0_,
        ticket0_.cancellation_reason as cancella6_4_0_,
        ticket0_.cancellation_requested_date as cancella7_4_0_,
        ticket0_.class_type as class_ty8_4_0_,
        ticket0_.destination_station as destinat9_4_0_,
        ticket0_.journey_date as journey10_4_0_,
        ticket0_.meal_id as meal_id11_4_0_,
        ticket0_.meal_quantity as meal_qu12_4_0_,
        ticket0_.number_of_seats as number_13_4_0_,
        ticket0_.passenger_age as passeng14_4_0_,
        ticket0_.passenger_gender as passeng15_4_0_,
        ticket0_.passenger_name as passeng16_4_0_,
        ticket0_.payment_id as payment17_4_0_,
        ticket0_.payment_method as payment18_4_0_,
        ticket0_.payment_status as payment19_4_0_,
        ticket0_.refund_amount as refund_20_4_0_,
        ticket0_.refund_date as refund_21_4_0_,
        ticket0_.refund_percentage as refund_22_4_0_,
        ticket0_.refund_processed_date as refund_23_4_0_,
        ticket0_.refund_status as refund_24_4_0_,
        ticket0_.refund_transaction_id as refund_25_4_0_,
        ticket0_.source_station as source_26_4_0_,
        ticket0_.ticket_status as ticket_27_4_0_,
        ticket0_.total_fare as total_f28_4_0_,
        ticket0_.train_no as train_n29_4_0_,
        ticket0_.user_id as user_id30_4_0_,
        train1_.ac_fare as ac_fare2_6_1_,
        train1_.ac_seats as ac_seats3_6_1_,
        train1_.arrival_time as arrival_4_6_1_,
        train1_.available_seats as availabl5_6_1_,
        train1_.created_at as created_6_6_1_,
        train1_.departure_time as departur7_6_1_,
        train1_.destination as destinat8_6_1_,
        train1_.destination_station as destinat9_6_1_,
        train1_.general_fare as general10_6_1_,
        train1_.general_seats as general11_6_1_,
        train1_.is_active as is_acti12_6_1_,
        train1_.journey_date as journey13_6_1_,
        train1_.sleeper_fare as sleeper14_6_1_,
        train1_.sleeper_seats as sleeper15_6_1_,
        train1_.source as source16_6_1_,
        train1_.source_station as source_17_6_1_,
        train1_.ticket_price as ticket_18_6_1_,
        train1_.train_name as train_n19_6_1_,
        train1_.travel_date as travel_20_6_1_,
        train1_.updated_at as updated21_6_1_,
        user2_.created_at as created_2_8_2_,
        user2_.email as email3_8_2_,
        user2_.full_name as full_nam4_8_2_,
        user2_.is_enabled as is_enabl5_8_2_,
        user2_.last_login as last_log6_8_2_,
        user2_.mobile_number as mobile_n7_8_2_,
        user2_.password as password8_8_2_,
        user2_.profile_photo as profile_9_8_2_,
        user2_.profile_photo_content_type as profile10_8_2_,
        user2_.role as role11_8_2_,
        user2_.session_id as session12_8_2_,
        user2_.updated_at as updated13_8_2_,
        user2_.username as usernam14_8_2_ 
    from
        tickets ticket0_ 
    left outer join
        trains train1_ 
            on ticket0_.train_no=train1_.train_no 
    left outer join
        users user2_ 
            on ticket0_.user_id=user2_.user_id 
    where
        ticket0_.ticket_id=?
2026-03-10 14:59:29 [TRACE] BasicBinder:64 - binding parameter [1] as [VARCHAR] - [TK2026031097911002]
2026-03-10 14:59:29 [DEBUG] SQL:144 - 
    select
        userprofil0_.profile_id as profile_1_7_0_,
        userprofil0_.address as address2_7_0_,
        userprofil0_.city as city3_7_0_,
        userprofil0_.date_of_birth as date_of_4_7_0_,
        userprofil0_.gender as gender5_7_0_,
        userprofil0_.id as id6_7_0_,
        userprofil0_.occupation as occupati7_7_0_,
        userprofil0_.pincode as pincode8_7_0_,
        userprofil0_.state as state9_7_0_,
        userprofil0_.user_id as user_id10_7_0_ 
    from
        user_profiles userprofil0_ 
    where
        userprofil0_.user_id=?
2026-03-10 14:59:29 [TRACE] BasicBinder:64 - binding parameter [1] as [BIGINT] - [37]
2026-03-10 14:59:29 [DEBUG] DispatcherServlet:1131 - Completed 200 OK
2026-03-10 14:59:54 [INFO ] HikariDataSource:350 - HikariPool-1 - Shutdown initiated...
2026-03-10 14:59:54 [INFO ] HikariDataSource:352 - HikariPool-1 - Shutdown completed.
2026-03-10 15:36:54 [INFO ] RailEaseApplication:55 - Starting RailEaseApplication using Java 21.0.5 on Shivangi with PID 16472 (C:\Users\Shivangi\IdeaProjects\RailEase\target\classes started by DELL in C:\Users\Shivangi\IdeaProjects\RailEase)
2026-03-10 15:36:54 [INFO ] RailEaseApplication:55 - Starting RailEaseApplication using Java 21.0.5 on Shivangi with PID 16472 (C:\Users\Shivangi\IdeaProjects\RailEase\target\classes started by DELL in C:\Users\Shivangi\IdeaProjects\RailEase)
2026-03-10 15:36:54 [DEBUG] RailEaseApplication:56 - Running with Spring Boot v2.7.13, Spring v5.3.28
2026-03-10 15:36:54 [DEBUG] RailEaseApplication:56 - Running with Spring Boot v2.7.13, Spring v5.3.28
2026-03-10 15:36:54 [INFO ] RailEaseApplication:631 - No active profile set, falling back to 1 default profile: "default"
2026-03-10 15:36:54 [INFO ] RailEaseApplication:631 - No active profile set, falling back to 1 default profile: "default"
2026-03-10 15:36:56 [INFO ] Http11NioProtocol:173 - Initializing ProtocolHandler ["http-nio-8080"]
2026-03-10 15:36:56 [INFO ] StandardService:173 - Starting service [Tomcat]
2026-03-10 15:36:56 [INFO ] StandardEngine:173 - Starting Servlet engine: [Apache Tomcat/9.0.76]
2026-03-10 15:36:56 [INFO ] [/RailEase]:173 - Initializing Spring embedded WebApplicationContext
2026-03-10 15:36:56 [DEBUG] ResourceUrlEncodingFilter:242 - Filter 'resourceUrlEncodingFilter' configured for use
2026-03-10 15:36:56 [INFO ] HikariDataSource:110 - HikariPool-1 - Starting...
2026-03-10 15:36:57 [INFO ] HikariDataSource:123 - HikariPool-1 - Start completed.
2026-03-10 15:37:00 [DEBUG] RequestMappingHandlerAdapter:625 - ControllerAdvice beans: 0 @ModelAttribute, 0 @InitBinder, 1 RequestBodyAdvice, 1 ResponseBodyAdvice
2026-03-10 15:37:00 [DEBUG] RequestMappingHandlerMapping:367 - 68 mappings in 'requestMappingHandlerMapping'
2026-03-10 15:37:00 [DEBUG] SimpleUrlHandlerMapping:188 - Patterns [/, /login, /register] in 'viewControllerHandlerMapping'
2026-03-10 15:37:01 [DEBUG] SimpleUrlHandlerMapping:188 - Patterns [/webjars/**, /**, /css/**, /js/**, /images/**] in 'resourceHandlerMapping'
2026-03-10 15:37:01 [DEBUG] ExceptionHandlerExceptionResolver:307 - ControllerAdvice beans: 1 @ExceptionHandler, 1 ResponseBodyAdvice
2026-03-10 15:37:01 [INFO ] Http11NioProtocol:173 - Starting ProtocolHandler ["http-nio-8080"]
2026-03-10 15:37:01 [INFO ] RailEaseApplication:61 - Started RailEaseApplication in 8.351 seconds (JVM running for 10.074)
2026-03-10 15:37:01 [INFO ] RailEaseApplication:61 - Started RailEaseApplication in 8.351 seconds (JVM running for 10.074)
2026-03-10 15:37:20 [INFO ] [/RailEase]:173 - Initializing Spring DispatcherServlet 'dispatcherServlet'
2026-03-10 15:37:20 [INFO ] DispatcherServlet:525 - Initializing Servlet 'dispatcherServlet'
2026-03-10 15:37:20 [DEBUG] DispatcherServlet:522 - Detected StandardServletMultipartResolver
2026-03-10 15:37:20 [DEBUG] DispatcherServlet:546 - Detected AcceptHeaderLocaleResolver
2026-03-10 15:37:20 [DEBUG] DispatcherServlet:571 - Detected FixedThemeResolver
2026-03-10 15:37:20 [DEBUG] DispatcherServlet:721 - Detected org.springframework.web.servlet.view.DefaultRequestToViewNameTranslator@4827aad4
2026-03-10 15:37:20 [DEBUG] DispatcherServlet:785 - Detected org.springframework.web.servlet.support.SessionFlashMapManager@3e4a4923
2026-03-10 15:37:20 [DEBUG] DispatcherServlet:542 - enableLoggingRequestDetails='false': request parameters and headers will be masked to prevent unsafe logging of potentially sensitive data
2026-03-10 15:37:20 [INFO ] DispatcherServlet:547 - Completed initialization in 7 ms
2026-03-10 15:37:20 [DEBUG] DispatcherServlet:120 - GET "/RailEase/booking/payment/TK2026031097911002", parameters={}
2026-03-10 15:37:20 [DEBUG] RequestMappingHandlerMapping:522 - Mapped to com.railease.controller.BookingController#showPaymentPage(String, HttpSession, Model)
2026-03-10 15:37:20 [DEBUG] DispatcherServlet:1131 - Completed 302 FOUND
2026-03-10 15:37:20 [DEBUG] DispatcherServlet:120 - GET "/RailEase/login", parameters={}
2026-03-10 15:37:20 [DEBUG] RequestMappingHandlerMapping:522 - Mapped to com.railease.controller.LoginController#showLoginForm(Model, String, String, String, String)
2026-03-10 15:37:21 [DEBUG] DispatcherServlet:120 - GET "/RailEase/booking/payment/TK2026031097911002", parameters={}
2026-03-10 15:37:21 [DEBUG] RequestMappingHandlerMapping:522 - Mapped to com.railease.controller.BookingController#showPaymentPage(String, HttpSession, Model)
2026-03-10 15:37:21 [DEBUG] DispatcherServlet:1131 - Completed 302 FOUND
2026-03-10 15:37:21 [DEBUG] DispatcherServlet:120 - GET "/RailEase/login", parameters={}
2026-03-10 15:37:21 [DEBUG] RequestMappingHandlerMapping:522 - Mapped to com.railease.controller.LoginController#showLoginForm(Model, String, String, String, String)
2026-03-10 15:37:21 [DEBUG] DispatcherServlet:1131 - Completed 200 OK
2026-03-10 15:37:21 [DEBUG] DispatcherServlet:1131 - Completed 200 OK
2026-03-10 15:37:28 [DEBUG] DispatcherServlet:120 - POST "/RailEase/login", parameters={masked}
2026-03-10 15:37:28 [DEBUG] RequestMappingHandlerMapping:522 - Mapped to com.railease.controller.LoginController#login(String, String, HttpSession, Model)
2026-03-10 15:37:29 [INFO ] LoginController:60 - Login attempt for user: shivangi
2026-03-10 15:37:29 [INFO ] LoginController:60 - Login attempt for user: shivangi
2026-03-10 15:37:29 [INFO ] LoginServiceImpl:24 - Authenticating user: shivangi
2026-03-10 15:37:29 [INFO ] LoginServiceImpl:24 - Authenticating user: shivangi
2026-03-10 15:37:29 [DEBUG] SQL:144 - 
    select
        user0_.user_id as user_id1_8_,
        user0_.created_at as created_2_8_,
        user0_.email as email3_8_,
        user0_.full_name as full_nam4_8_,
        user0_.is_enabled as is_enabl5_8_,
        user0_.last_login as last_log6_8_,
        user0_.mobile_number as mobile_n7_8_,
        user0_.password as password8_8_,
        user0_.profile_photo as profile_9_8_,
        user0_.profile_photo_content_type as profile10_8_,
        user0_.role as role11_8_,
        user0_.session_id as session12_8_,
        user0_.updated_at as updated13_8_,
        user0_.username as usernam14_8_ 
    from
        users user0_ 
    where
        user0_.username=?
2026-03-10 15:37:29 [TRACE] BasicBinder:64 - binding parameter [1] as [VARCHAR] - [shivangi]
2026-03-10 15:37:29 [DEBUG] SQL:144 - 
    select
        userprofil0_.profile_id as profile_1_7_0_,
        userprofil0_.address as address2_7_0_,
        userprofil0_.city as city3_7_0_,
        userprofil0_.date_of_birth as date_of_4_7_0_,
        userprofil0_.gender as gender5_7_0_,
        userprofil0_.id as id6_7_0_,
        userprofil0_.occupation as occupati7_7_0_,
        userprofil0_.pincode as pincode8_7_0_,
        userprofil0_.state as state9_7_0_,
        userprofil0_.user_id as user_id10_7_0_ 
    from
        user_profiles userprofil0_ 
    where
        userprofil0_.user_id=?
2026-03-10 15:37:29 [TRACE] BasicBinder:64 - binding parameter [1] as [BIGINT] - [37]
2026-03-10 15:37:30 [DEBUG] SQL:144 - 
    select
        user0_.user_id as user_id1_8_2_,
        user0_.created_at as created_2_8_2_,
        user0_.email as email3_8_2_,
        user0_.full_name as full_nam4_8_2_,
        user0_.is_enabled as is_enabl5_8_2_,
        user0_.last_login as last_log6_8_2_,
        user0_.mobile_number as mobile_n7_8_2_,
        user0_.password as password8_8_2_,
        user0_.profile_photo as profile_9_8_2_,
        user0_.profile_photo_content_type as profile10_8_2_,
        user0_.role as role11_8_2_,
        user0_.session_id as session12_8_2_,
        user0_.updated_at as updated13_8_2_,
        user0_.username as usernam14_8_2_,
        tickets1_.user_id as user_id30_4_4_,
        tickets1_.ticket_id as ticket_i1_4_4_,
        tickets1_.ticket_id as ticket_i1_4_0_,
        tickets1_.booking_date as booking_2_4_0_,
        tickets1_.booking_status as booking_3_4_0_,
        tickets1_.cancellation_charges as cancella4_4_0_,
        tickets1_.cancellation_date as cancella5_4_0_,
        tickets1_.cancellation_reason as cancella6_4_0_,
        tickets1_.cancellation_requested_date as cancella7_4_0_,
        tickets1_.class_type as class_ty8_4_0_,
        tickets1_.destination_station as destinat9_4_0_,
        tickets1_.journey_date as journey10_4_0_,
        tickets1_.meal_id as meal_id11_4_0_,
        tickets1_.meal_quantity as meal_qu12_4_0_,
        tickets1_.number_of_seats as number_13_4_0_,
        tickets1_.passenger_age as passeng14_4_0_,
        tickets1_.passenger_gender as passeng15_4_0_,
        tickets1_.passenger_name as passeng16_4_0_,
        tickets1_.payment_id as payment17_4_0_,
        tickets1_.payment_method as payment18_4_0_,
        tickets1_.payment_status as payment19_4_0_,
        tickets1_.refund_amount as refund_20_4_0_,
        tickets1_.refund_date as refund_21_4_0_,
        tickets1_.refund_percentage as refund_22_4_0_,
        tickets1_.refund_processed_date as refund_23_4_0_,
        tickets1_.refund_status as refund_24_4_0_,
        tickets1_.refund_transaction_id as refund_25_4_0_,
        tickets1_.source_station as source_26_4_0_,
        tickets1_.ticket_status as ticket_27_4_0_,
        tickets1_.total_fare as total_f28_4_0_,
        tickets1_.train_no as train_n29_4_0_,
        tickets1_.user_id as user_id30_4_0_,
        userprofil2_.profile_id as profile_1_7_1_,
        userprofil2_.address as address2_7_1_,
        userprofil2_.city as city3_7_1_,
        userprofil2_.date_of_birth as date_of_4_7_1_,
        userprofil2_.gender as gender5_7_1_,
        userprofil2_.id as id6_7_1_,
        userprofil2_.occupation as occupati7_7_1_,
        userprofil2_.pincode as pincode8_7_1_,
        userprofil2_.state as state9_7_1_,
        userprofil2_.user_id as user_id10_7_1_ 
    from
        users user0_ 
    left outer join
        tickets tickets1_ 
            on user0_.user_id=tickets1_.user_id 
    left outer join
        user_profiles userprofil2_ 
            on user0_.user_id=userprofil2_.user_id 
    where
        user0_.user_id=?
2026-03-10 15:37:30 [TRACE] BasicBinder:64 - binding parameter [1] as [BIGINT] - [37]
2026-03-10 15:37:30 [DEBUG] SQL:144 - 
    update
        users 
    set
        email=?,
        full_name=?,
        is_enabled=?,
        last_login=?,
        mobile_number=?,
        password=?,
        profile_photo=?,
        profile_photo_content_type=?,
        role=?,
        session_id=?,
        updated_at=?,
        username=? 
    where
        user_id=?
2026-03-10 15:37:30 [TRACE] BasicBinder:64 - binding parameter [1] as [VARCHAR] - [kamadiyasiya@gmail.com]
2026-03-10 15:37:30 [TRACE] BasicBinder:64 - binding parameter [2] as [VARCHAR] - [Shivangi Kamadiya]
2026-03-10 15:37:30 [TRACE] BasicBinder:64 - binding parameter [3] as [BOOLEAN] - [true]
2026-03-10 15:37:30 [TRACE] BasicBinder:64 - binding parameter [4] as [TIMESTAMP] - [2026-03-10T15:37:30.123003700]
2026-03-10 15:37:30 [TRACE] BasicBinder:64 - binding parameter [5] as [VARCHAR] - [7854894548]
2026-03-10 15:37:30 [TRACE] BasicBinder:64 - binding parameter [6] as [VARCHAR] - [$2a$10$4YzX9D39AMqAnBc4OsDDfeO4528j30dte9PhpLRr3wvvzGTUd1RWm]
2026-03-10 15:37:30 [TRACE] BasicBinder:64 - binding parameter [7] as [BLOB] - [[-1, -40, -1, -32, 0, 16, 74, 70, 73, 70, 0, 1, 1, 0, 0, 1, 0, 1, 0, 0, -1, -37, 0, -124, 0, 9, 6, 7, 17, 19, 16, 16, 16, 16, 19, 18, 18, 18, 21, 16, 15, 15, 16, 16, 15, 15, 15, 15, 16, 15, 16, 21, 18, 22, 22, 21, 17, 21, 21, 24, 29, 40, 32, 24, 26, 37, 27, 21, 21, 33, 49, 33, 37, 41, 43, 46, 46, 46, 23, 31, 51, 56, 51, 44, 55, 42, 45, 46, 43, 1, 10, 10, 10, 14, 13, 14, 24, 16, 16, 27, 45, 31, 32, 31, 45, 45, 45, 45, 45, 45, 45, 45, 45, 45, 45, 45, 45, 45, 45, 45, 45, 45, 45, 45, 45, 45, 45, 45, 45, 45, 45, 45, 45, 43, 45, 55, 45, 45, 45, 45, 45, 45, 45, 45, 45, 43, 45, 45, 46, 45, 45, 43, 45, 45, -1, -64, 0, 17, 8, 1, 19, 0, -73, 3, 1, 34, 0, 2, 17, 1, 3, 17, 1, -1, -60, 0, 28, 0, 0, 1, 5, 1, 1, 1, 0, 0, 0, 0, 0, 0, 0, 0, 0, 0, 3, 0, 1, 2, 4, 5, 6, 7, 8, -1, -60, 0, 63, 16, 0, 1, 4, 1, 2, 4, 3, 5, 6, 4, 4, 5, 5, 0, 0, 0, 1, 0, 2, 3, 17, 4, 18, 33, 5, 49, 65, 81, 6, 19, 97, 34, 50, 113, -127, -111, 7, 20, 66, 82, -95, -79, 35, 83, -110, -31, 21, 114, -94, -63, 51, 67, 98, -126, -15, 22, 36, 84, 99, -47, -1, -60, 0, 26, 1, 0, 3, 1, 1, 1, 1, 0, 0, 0, 0, 0, 0, 0, 0, 0, 0, 0, 1, 2, 3, 4, 5, 6, -1, -60, 0, 38, 17, 0, 2, 2, 2, 2, 2, 3, 0, 2, 3, 1, 0, 0, 0, 0, 0, 0, 1, 2, 17, 3, 18, 33, 49, 4, 65, 19, 34, 81, 5, 97, 66, -127, -79, 50, -1, -38, 0, 12, 3, 1, 0, 2, 17, 3, 17, 0, 63, 0, -12, -28, -12, -99, 36, 25, -115, 73, 39, 73, 0, 36, -109, -92, -128, 18, 73, 39, 64, -56, -92, -92, -110, 0, -118, 74, 73, -112, 3, 39, 79, 73, 82, 0, 100, -109, -46, 84, -128, 25, 36, -12, -107, 32, 8, -92, -99, 36, 0, -55, 39, 73, 2, 25, 36, -23, 32, 99, 39, 73, 58, 0, 100, -109, -89, 64, 13, 73, 39, 74, -112, 2, 73, 61, 36, -128, 25, 42, 78, -98, -112, 4, 105, 42, 82, 1, 56, 8, 2, 52, -107, 41, -106, -90, -46, -128, 35, 73, 82, 122, 73, 0, 53, 38, -91, 42, 74, -112, 4, 83, 82, -99, 36, 90, -128, 32, -107, 41, 20, -87, 0, 65, 58, -112, 106, 72, 2, 41, -64, 92, -12, 92, 89, -25, -1, 0, 11, 67, 27, 61, -37, 94, -23, 114, 58, 52, -125, 82, 67, 102, 88, -20, 81, 89, 43, 74, 98, 16, 106, 125, 41, -35, 35, 71, 50, 20, 91, 59, 79, 34, -107, -114, -119, 82, 84, -96, -7, 119, 81, -13, 18, -79, -48, 106, 72, -108, 31, 49, 45, 104, -80, 12, 10, 69, 4, 56, -88, -105, 34, -64, -77, 105, -83, 2, -119, -28, -100, 70, -28, -20, 3, 90, 107, 66, 44, 41, -117, 10, 86, 1, -83, 43, 85, -56, 33, 61, -94, -64, 56, 114, 123, 64, -75, 32, -128, 36, -10, -38, 102, 3, -43, 69, 58, 44, 2, 106, 76, -122, 92, -110, 44, 14, 74, 17, 69, 104, 67, 53, 116, 65, -30, 24, 38, 51, 119, 96, -99, -69, -124, 124, 86, 109, -70, -82, -60, -53, 49, 73, 106, -61, 74, -81, -92, 34, 71, -78, 9, 1, -60, 90, -22, -79, 106, -68, 44, -112, 110, 15, -43, 104, -65, 113, 72, 34, 15, 84, -88, 105, -127, -121, 53, -31, -44, -19, -3, 86, -100, 50, 2, 54, 42, -103, -57, 111, -49, -70, 28, 48, 16, 110, -54, 84, 86, -58, -65, -108, 83, -120, -108, 98, -56, -24, 126, -86, -62, 116, 0, 29, 26, 112, -60, 100, -56, -96, 18, 74, 15, 109, -89, -94, -127, 18, 73, 70, -113, 116, -31, 48, 30, -110, 73, 36, 0, -110, 76, 74, 27, -27, 3, -103, -92, -122, 52, -68, -44, 69, -87, -74, 102, -98, 91, -89, 50, -128, -89, -128, 32, 69, 39, 76, -25, -125, -70, 73, 88, -24, -27, -14, -78, -36, -13, -71, -37, -96, 82, -60, -108, -113, 85, 74, 57, 84, -101, 47, 101, -94, -32, 79, -109, 94, 60, -128, -17, 69, 49, 51, 123, -84, 96, -12, 41, 28, 109, 81, 52, 116, 3, 37, -67, -47, 68, -125, -70, -25, -29, 119, 117, 55, -53, 92, -118, 65, 70, -16, 112, 83, -44, 22, 4, 82, -98, -106, -92, -4, -105, 29, -110, 10, 58, 16, -31, -24, -83, 99, -111, 91, 46, 93, -78, -109, -35, 91, -122, 77, 36, 17, -86, -5, 111, -70, 69, 81, -48, 60, -88, -99, 72, 88, -39, 45, 112, -11, -20, 121, -85, 15, 27, 32, 6, 14, 78, 10, -57, -30, 57, 37, -92, 6, 29, -6, -86, 110, -50, -112, -19, -85, -23, -78, 73, -123, 29, 42, 107, 92, -18, 54, 76, -105, -69, -115, 122, -85, 70, 79, 95, -43, 49, 27, 26, -121, 117, 7, -52, -47, -52, -123, -118, -4, -112, 54, -75, 90, 71, -105, 29, -112, 6, -92, -39, -4, -24, 124, -43, 118, 100, 18, -17, 111, 113, -48, 116, 85, 95, 40, 3, 117, -101, 55, 23, 104, 52, 55, 82, -47, 72, -37, -105, 53, -60, -45, 69, 5, 9, -27, -46, -35, 114, 59, 97, -46, -10, 92, -26, 79, 26, 36, 83, 7, -51, 103, 75, 59, -35, -17, 56, -97, 75, -40, 41, -43, -78, -45, 72, -40, -52, -15, 9, 59, 51, 96, -103, 98, 105, 73, 61, 16, -74, 102, -84, 110, -76, 66, 123, 46, 43, -121, -15, -87, 25, -20, -65, -38, 109, -13, -22, -70, -68, 76, -106, -66, -120, 43, -91, -58, -116, 35, 59, 45, 7, 41, -121, 33, -11, 78, -50, 106, 11, -78, 69, -54, 14, 36, -89, 124, 123, -90, -70, -39, 48, 101, -122, -55, 65, 45, 70, -18, -107, 114, -27, 97, -77, 56, -128, -48, 17, 66, 45, 50, 98, 43, 100, -33, 124, 32, -34, -56, 101, -62, -87, -37, 20, 7, 52, 14, 74, 104, 105, -102, 88, -4, 64, -76, -33, 84, 121, -72, -85, -35, -54, -121, -63, 99, 53, -56, -116, 114, -99, 74, -80, -18, -25, 100, -38, 118, -20, -128, 36, 83, -13, 7, 84, 1, 55, 73, -47, 68, 23, 21, 31, 52, 116, 75, -17, 52, 19, 21, 7, 108, 125, -43, 124, -34, 32, -40, -59, 13, -54, -95, -103, -60, -55, 4, 53, 100, -72, -34, -28, -38, 67, 44, 100, 103, 61, -25, -99, 14, -56, 77, -120, -108, -47, -68, 4, 87, 79, -74, -63, 0, 74, 60, 100, 71, 98, -118, 82, -117, 40, 6, -18, 20, -26, -53, 6, -87, 34, -118, -19, -121, -70, 116, -92, -105, 109, -110, 72, 71, 8, -3, 36, 91, 77, -9, 79, -113, -105, 35, 8, 45, 39, 110, -117, 46, 41, 29, 29, -125, -43, 92, -60, -98, -41, 84, 100, 114, 52, 118, -100, 43, -113, 53, -32, 53, -5, 59, -41, -86, -36, -118, 78, -85, -50, 28, -45, -52, 115, 90, -68, 59, -113, 61, -76, 29, -72, 67, -123, -12, 82, -99, 118, 118, -78, -70, -37, 104, 109, 105, 117, 82, -95, -121, -59, -29, 120, -85, -93, -40, -83, 72, 32, 115, 125, -82, -123, 69, 81, -91, -40, -51, -60, 125, -33, 68, 72, 97, 125, -19, -11, 86, 88, -13, 72, -80, -50, 7, 48, -107, -123, 21, -122, 28, -114, 59, -3, 80, -78, -96, -47, -42, -43, -23, -14, -17, -35, -40, 42, -78, -70, -7, -92, 0, 26, -21, 74, -118, 51, 35, 1, 66, 119, 80, 65, 64, -117, -87, 8, -50, -85, -28, 100, 32, 52, -109, -51, 86, -92, -20, 93, -101, 48, 1, 107, 15, 47, -115, 106, -40, 108, 20, 56, -109, 100, 121, 12, 101, -41, 85, 60, 94, 8, 0, 26, -50, -24, -6, -82, -61, -20, -63, 69, -110, 85, -88, -51, -20, -117, 54, 19, 0, -39, 11, 31, 28, -121, 106, -24, -89, -122, 87, 40, 59, -95, -95, 105, -117, 17, -37, 59, 78, -54, 82, -49, 27, 0, 22, 44, -107, 5, 21, -51, -88, -46, 36, -71, 3, 88, -82, -87, -61, -63, 113, -12, 64, 16, 34, -110, 79, 35, -37, -51, 50, 67, 56, 71, 16, -19, -100, -85, 121, 69, -122, -57, 37, 24, -89, -70, 86, -30, -102, -51, 30, 74, -45, -93, 30, 25, 40, 50, -127, -40, -93, 72, 64, 85, -91, -60, -93, -87, -68, -107, -120, -37, 97, 107, 9, 38, 103, 40, -80, -112, -55, -40, -18, -70, 60, 47, 19, 72, 3, 89, 38, -19, 27, 88, -26, -71, 96, 64, 42, -45, 30, 10, -43, -92, -5, 33, 54, -70, 61, 19, -121, -25, -78, 81, 109, 42, -31, 11, -49, -8, 110, 73, -119, -31, -51, 59, 117, 29, -41, 77, 15, -120, 99, 38, -71, 124, 86, 50, -115, 62, 13, -29, 43, -20, -40, 33, 52, 113, -117, -73, 42, -93, 42, -9, 27, -88, -69, 39, -70, -126, -24, -69, 59, -121, 69, 79, 36, 18, 16, -78, 115, 52, -74, -6, -14, 3, -71, 92, -26, 83, -97, 35, -83, -18, 39, -99, 0, 104, 15, -110, -30, -14, 60, -56, -31, 122, -10, -50, -17, 27, -62, -106, 101, -75, -46, 53, -61, 59, -95, 77, -102, -58, -5, 61, 86, 54, 52, 14, 52, -26, -110, 54, 4, 27, 61, -107, -89, 64, 13, -69, -15, 109, 103, -72, -27, 127, 30, 74, 112, 127, 33, 28, -109, -46, 74, -84, -65, 39, -8, -23, 98, -122, -15, 119, 93, -106, -96, -55, -33, 100, -49, -101, -38, 15, -67, -69, 32, -116, 125, 66, -101, 106, -28, 124, 46, -40, 46, -41, 123, -92, 121, -36, -128, 118, 123, 94, 104, 42, 121, 25, -123, -82, 45, 109, -112, -81, -61, -61, 67, 73, -39, 105, -63, -61, -104, 5, -48, 39, -86, 54, -118, 13, 100, -50, 83, -17, 103, -79, 85, -25, -107, -27, -41, -65, -94, -22, -26, -31, -30, -10, 1, 14, 88, 88, -47, 100, 11, 77, 77, 3, -58, -1, 0, 78, 108, 75, 46, -57, 117, -96, -36, -30, 24, 108, 123, 73, 103, 102, 93, 80, 0, 5, -101, -105, -109, -19, 88, 79, -78, 111, 95, 102, -117, -25, 113, 96, -67, -110, 88, -77, -26, -110, -99, 26, -117, 115, -103, 44, 45, 40, -48, 60, -126, 10, -21, 114, -72, 67, 36, 55, -53, -47, 84, -109, -61, 127, -108, -4, -106, 91, -81, 101, 60, 111, -48, -80, -79, -75, -127, -92, -123, -95, -125, -62, -84, -112, 118, 71, -31, -36, 44, 70, -51, -50, -22, -28, 51, 81, -81, -43, 74, 127, -123, -21, -6, 96, -15, 30, 14, 90, 118, 89, -108, 90, 119, 93, -68, -114, 4, 83, -73, 11, 35, 59, -122, 7, 89, 103, 53, -47, 12, -97, -90, 83, -59, -19, 24, -115, -108, -124, 120, -26, 37, 14, 88, -120, 4, 56, 81, 8, 13, 43, 115, -103, -16, 110, -16, -34, 38, 99, 117, 110, 65, 91, -46, 103, 13, 58, -87, 113, -83, -56, 35, -94, 47, -8, -117, -23, 75, -123, -102, 70, 116, -115, -119, 120, -127, 115, -125, 75, 79, 39, 56, 30, -100, -64, -81, -113, 37, 32, -19, -67, -33, -86, 104, 92, 25, 27, 67, -67, -30, 3, -99, -34, -50, -32, 124, -121, -5, -88, -100, -97, 67, -6, 5, -14, -98, 83, -116, -13, -55, -57, -85, 62, -73, -61, 82, -114, 8, 41, 46, 104, -83, -105, -25, 56, 123, 6, -66, 29, 21, 95, 15, 75, -110, 114, 76, 83, 52, -106, 105, 115, -117, -22, -102, 5, 109, -65, -59, 106, -77, 43, -45, -10, 42, -21, 100, 14, -115, -51, 109, 7, 105, 37, -99, 14, -82, -125, -25, -55, 30, 59, 81, -56, -108, -70, -1, 0, -123, 121, 91, 124, 82, -41, -70, 46, 71, 44, 108, 29, 21, 71, 113, -74, -121, 105, -23, 107, -107, -109, 33, -25, -103, 42, 49, -58, -25, 89, 95, 75, -15, 47, 103, -54, -68, -49, -47, -24, 122, -102, -24, -11, 14, -42, -85, -3, -26, -122, -27, 97, 112, 110, 40, 88, 60, -71, 57, 116, 40, 92, 95, -119, 93, -75, -100, -108, 104, -18, -115, 62, 69, 86, 104, -27, -15, -74, -76, 26, -36, -84, 44, -98, 38, -25, 44, -9, -68, -18, -94, 57, 45, 20, 82, 49, -108, -37, 9, 36, -92, -19, 104, 37, 51, -33, -78, 25, -111, 50, 73, 18, -110, 25, 59, -89, 64, 29, 97, 115, 107, -1, 0, 41, 58, 81, 99, 117, -123, -109, -104, 47, -102, 16, -53, -11, 88, 107, 102, -65, 45, 29, 107, 94, 8, -36, -94, -64, -56, -113, 53, -111, -125, 37, -76, 110, -82, -29, -73, 126, 104, 81, 43, 123, 54, 4, 112, 86, -18, 31, 85, 22, -61, -115, -4, -63, -3, 97, 99, -28, 15, 85, 65, -13, -46, -42, 56, -20, -54, 89, -102, 58, 103, -31, 98, 59, -101, -38, 127, -18, 10, 13, -32, 120, 103, -81, -6, -126, -63, -121, -119, 1, -8, 86, -124, 60, 100, 126, 83, -12, 85, -15, -75, -47, 11, 50, 125, -102, -93, -61, -72, 103, -81, -6, -109, 77, -31, -116, 64, -57, -68, 19, 109, 107, -100, 61, -96, 119, 0, -111, -73, 84, 24, 120, -85, 73, -83, 39, -24, -83, 74, 102, 115, -76, 55, -53, 0, -113, -7, -124, -117, -18, 13, 94, -36, -9, 88, 101, -108, -94, -86, -5, 58, -80, -59, 77, -33, 28, 28, -125, -92, -85, 39, 97, -36, -107, 74, 78, 39, 22, -32, 59, 87, -7, 1, 119, -20, -70, 30, 35, -32, 115, 44, -94, 103, -68, 8, -125, 35, -68, 119, 74, 12, 97, -1, 0, -115, -6, -65, 40, -66, 85, -45, 111, 77, -17, -16, -100, 102, -57, -90, 2, -35, 91, 104, 111, -101, 17, -43, -65, 32, -68, -88, -8, 18, 75, -109, -38, -105, -14, 112, -65, -86, 60, -7, -68, 74, 33, -17, 56, -76, 119, 123, 92, -48, -74, 56, 116, -19, 119, -72, -10, -69, -48, 17, 107, 123, 59, -123, -52, 34, 115, -37, 12, 110, 112, 4, -24, -107, -11, 96, 115, 62, -56, 35, -107, -19, 125, 23, 11, -57, -8, 104, 111, -35, -14, -79, -49, -110, 94, -9, 71, 47, -107, 101, -102, -76, 23, 52, -47, 3, -14, -111, -13, 83, 47, 15, -3, 21, 31, 57, 63, 86, 122, 44, 30, 17, -118, 86, -119, 73, 117, -68, 107, 35, 106, 14, 118, -28, 125, 109, 90, -117, -63, -15, -73, -35, 113, -3, 19, 112, -98, 46, -40, -32, -118, 57, 29, -87, -19, 99, 67, -36, -48, 67, 92, -18, -92, 122, 45, 6, 113, -24, -69, -81, 82, 14, 122, -85, 60, 89, -21, -69, -81, -45, 47, 39, -63, 77, 127, -29, 112, -8, 0, -86, 63, -20, -3, -67, 37, 119, -52, 5, -46, -73, -116, -58, 127, 18, -97, -8, -93, 63, 48, -6, -86, -34, 72, -115, 83, 57, 7, 125, -97, 127, -10, -97, -23, 8, 111, -5, 63, 119, -13, 127, -45, -3, -41, 98, 120, -125, 122, 61, -65, 85, 94, 92, -45, -47, -19, 71, -55, 32, -47, 28, -125, -66, -49, -97, -4, -63, -3, 63, -35, 13, -33, 103, -17, -2, 96, -2, -97, -18, -70, 105, -27, -104, -14, -104, 15, -125, 65, 89, -13, 65, -106, 78, -39, 95, -24, -113, -1, 0, -60, -44, -33, -24, -100, 23, -31, -118, 126, -49, -28, -2, 96, -6, 38, 90, 18, -31, -25, 127, -14, -113, -12, -76, 127, -78, 74, -73, -2, -55, -41, -6, 60, -56, 2, 74, 62, 60, 102, -44, -29, -118, -118, -80, -58, -122, -18, 85, -39, -53, 69, -8, 37, -96, -82, 99, 102, -43, -110, -80, -52, -60, -102, 10, -61, 77, 34, 48, -80, -7, 40, -79, -109, -100, 73, -39, 5, -91, -59, 38, 54, -43, -106, 0, 22, -23, 81, -109, -109, 125, -112, -115, -91, 91, -121, 82, -71, -62, 112, 76, -114, -36, 123, 63, -70, -24, 99, -31, -116, 27, -46, -103, 78, -115, 97, -115, -66, 74, 124, 14, 29, -100, -25, 13, -64, 26, 64, 27, -4, 119, -39, 84, -49, 113, 15, 39, 75, -29, 52, 72, -108, 61, -78, 72, 8, -22, -24, -63, -35, -67, -57, -20, -76, 56, -68, 110, 100, 122, -104, 107, 73, 5, -44, 46, -37, -56, -126, 62, 97, 114, 57, 109, -127, -114, 57, 114, 55, 34, 66, 72, 21, 14, 67, -94, 12, 62, -115, 34, -120, 54, 54, -23, 94, -85, -51, -49, -10, -99, 51, -40, -15, 106, 24, -19, 114, 108, -69, -117, -27, 104, 104, -10, -115, -63, -109, 69, -110, 7, -63, 43, -101, -89, 75, 0, 13, -44, -41, 111, -45, 106, 119, 83, -53, 15, -61, -68, 78, 102, -27, 70, -1, 0, 52, -54, -41, -73, -52, 120, 34, 49, -9, 122, 20, 0, 13, 52, -37, -9, 106, -71, -47, -26, -88, -49, -30, -84, 38, 19, -90, 44, -113, 51, -53, 116, 109, 123, -116, 46, -46, 28, -10, -66, -3, -115, 7, 80, 115, 65, 4, -101, -7, 108, -85, -16, -33, 19, -79, -113, 107, -27, 15, 123, 1, 4, 53, -112, 66, -64, -22, -36, 23, 84, -125, 87, 94, 107, 104, -16, -107, -104, 79, -103, 58, 70, -97, 12, -15, 119, 20, -102, 97, 4, 114, -105, -72, -105, -115, 6, 44, 80, -19, 45, -78, -31, -69, 70, -12, 14, -36, -5, 43, 94, 52, -30, -65, -61, -118, 62, 71, -51, 47, 112, 59, 56, 6, -79, -35, 58, 110, -26, -3, 80, -16, -79, 112, -92, 100, 78, -58, -113, -51, 37, -17, -107, -50, 116, -83, -117, 62, 23, -105, 17, -92, -106, -45, 92, -34, 100, 1, -33, -43, 109, -49, -62, 96, -55, 104, -118, 81, 33, 112, 30, -61, -27, 1, -77, -73, -87, 13, 125, 123, 64, 109, -74, -31, 97, -110, 73, -55, 127, 71, 78, 44, 109, 65, -65, 108, -75, -61, 52, -53, 11, 29, -1, 0, 72, 31, 69, 47, -70, 31, -43, 11, -121, 112, -7, 49, -93, 17, -72, -121, 52, 86, -105, -47, 109, -19, -56, -114, -121, 111, -18, 105, 91, -5, -40, 3, -26, -76, -61, 39, 84, 97, -28, 66, 42, 77, -121, 49, -128, -49, 84, 19, 17, 33, 5, -71, 54, -81, 71, 51, 116, -83, -71, 70, 9, -90, 100, -49, -114, -22, 52, -78, -25, 115, -57, 83, -11, 93, 12, -77, -117, -91, 87, 34, 22, -72, 43, -116, -65, 76, -25, 31, -61, -99, -109, 46, 77, -67, -89, 125, 74, 25, -50, -105, -13, -69, -6, -118, -67, -105, -120, 69, 5, 70, 124, 122, 52, -76, -32, -26, 123, 33, 59, -120, -51, -7, -35, -3, 69, 36, 9, 34, 33, 58, 41, 11, 118, 83, 123, -38, 62, 40, 108, 58, -109, 50, 34, 69, -107, 98, 22, -48, 82, -94, 39, 32, -112, -58, 2, 33, 74, 40, -53, -115, 0, -73, 48, -72, 56, -26, -27, -89, 66, 73, -53, -93, 55, 27, 29, -50, 32, 1, -49, 101, -46, -61, -31, -10, -74, -117, -115, -94, -57, -116, -42, 55, 96, -82, 99, 56, -69, -102, -119, 73, -6, 55, -122, 52, -69, 15, -113, 8, 104, -96, 17, 75, -110, -45, 72, 57, -39, 81, -61, 12, -77, -55, -18, -58, -57, 60, -127, -52, -48, -28, 61, 73, -95, -13, 89, -101, -115, 44, -83, -79, 25, 35, 83, -127, 33, -92, -117, 45, 28, -51, 118, -28, -72, -33, 29, 22, 49, -84, 105, 30, -10, -70, 109, -43, -99, 36, 88, -8, 93, -87, 120, 6, 73, 103, 126, 70, 108, -2, -13, -56, -119, -68, -12, -122, -73, 114, 26, 58, 54, -56, 31, -10, -107, -101, -10, -101, 47, -15, -79, 5, -48, 45, -102, -17, -105, 54, 82, -27, -97, -38, 105, 29, -104, -2, -112, 103, -97, 79, 25, 7, -66, -12, 15, 116, -79, 115, 11, 9, 4, 106, 109, -14, -20, 125, 21, -55, -104, 116, 11, 20, 67, -122, -89, 10, 55, -40, -126, 54, 60, -65, 85, -97, 40, -85, -83, -63, -22, 22, -85, -98, 12, -99, -82, 77, -68, 31, 20, -104, -58, -127, 24, 116, 122, -61, -53, 9, 35, -38, -86, -44, -46, 55, 6, -70, -81, 67, -16, -81, 25, -113, 33, -65, -62, 121, -25, -19, -61, 56, -44, 122, 17, -91, -36, -5, 111, -70, -15, -70, 93, 39, -126, 51, 11, 38, 123, 122, 22, 23, 13, -127, -36, 22, -40, -6, 126, -53, 60, -104, -46, 86, -115, -79, 101, -109, 122, -66, -113, 81, -15, 7, 17, 49, -61, 108, 62, -20, -116, 14, 15, -78, 47, 125, -84, -97, -43, 98, 127, -22, 49, 122, 29, 24, 4, -73, 80, -73, 81, 55, 93, -127, -37, -91, -117, -33, -66, -59, 27, -60, -48, 121, -68, 62, 66, 54, 107, 116, 72, 77, 95, -78, -57, 2, 118, -12, 22, 126, 75, -50, -35, 49, 14, 104, -44, -45, 77, -41, 27, -37, 98, -99, -54, -120, -69, -36, 10, 60, -7, 15, -126, -116, 74, -7, 30, 106, 92, 30, -109, -61, 51, -95, -106, -4, -73, 123, 67, -34, 97, -9, -101, 125, 125, 71, -88, -37, 116, 89, 53, -126, 104, -20, -68, -45, 15, -120, 57, -109, 49, -15, -99, -37, 64, 30, -114, -36, -19, 95, -105, 122, -82, -63, 122, 119, 15, -51, 108, -47, -79, -20, 27, 61, -95, -62, -7, -117, -26, 15, -88, 54, 62, 75, -78, 44, -13, -14, 65, 46, -118, -59, -49, -18, -126, -4, -121, -125, 86, -75, -124, 35, -86, 30, 78, 35, 77, 56, 43, -39, 25, 56, -77, 53, -7, 78, 53, 106, 79, -116, -111, -86, -73, 71, 124, 67, 88, -39, 17, -67, 65, 69, -126, 79, -39, 70, 70, -19, 100, 38, 86, -91, 109, -118, 76, -107, -119, -60, -25, -100, -37, -40, 5, 111, 11, -123, -67, -60, 94, -63, 95, -62, -31, -75, 69, -37, -83, 120, 2, -69, -93, 56, -62, -5, 35, -117, -124, -58, -115, -122, -22, -12, 77, 10, -80, 114, 36, 110, -91, 12, -24, 72, 60, -19, -28, 2, 24, 121, 6, -126, 25, -104, -38, -112, 66, 6, 26, 57, -99, -44, -81, 62, -5, 64, -29, 111, 124, -125, 10, 50, 116, -75, -52, 50, 55, -84, -110, -99, -39, 31, -88, 22, -45, -15, 35, -78, -17, 90, 119, -91, -53, 101, -30, -63, 55, 23, 105, 96, -73, 99, -58, 12, -18, -24, -23, 79, -4, 54, 124, 90, 44, -33, -96, 29, 20, 78, 74, 42, -51, 49, 71, 105, 81, -45, 112, 28, 33, 4, 17, -62, 63, 3, 0, 113, 31, -119, -25, 119, 59, -26, 73, 63, 53, -25, -1, 0, 106, -25, -8, -40, -1, 0, -28, -109, -9, 106, -12, -74, 29, -105, -103, -3, -87, -1, 0, -59, -57, 63, -12, -54, 63, 86, -82, 60, 110, -26, -114, -4, -117, -24, -50, 53, -109, -72, 94, -26, -120, -27, 123, 33, 17, -43, 38, -87, -46, -21, -93, -110, -63, -46, -108, 19, 57, -114, 15, 105, -94, 13, -114, 127, 68, -12, -104, -124, 1, -19, -36, 15, 33, -78, 66, -63, 64, -57, 35, 1, 0, -17, 109, 115, 125, -45, -14, 43, -54, 60, 75, -62, -114, 46, 76, -80, -13, 109, -121, 68, 79, 51, 19, -115, -113, -115, 81, 111, -60, 21, -36, 125, -97, 102, -21, -59, 107, 73, -34, 50, -26, 125, 13, -113, -48, -124, 95, -76, 46, 14, 114, 49, -60, -15, -117, -106, 27, 36, 14, 110, -124, -5, -61, -27, -17, 125, 123, -82, 92, 82, -42, 78, 44, -21, -51, 29, -94, -92, -113, 49, -116, -18, 62, 33, 118, -98, 4, -30, -101, -55, 1, 63, -119, -46, -59, -2, 82, 125, -90, -4, -114, -1, 0, 51, -39, 113, -112, 72, 7, -81, -83, 90, -79, -61, -14, -124, 115, 71, 35, 73, -42, -57, -121, 6, -111, 90, -57, 86, 95, 75, 22, 62, 107, -84, -29, -110, -76, 122, -36, -77, -110, 16, -52, -27, 68, -17, -55, 13, -32, -124, -50, 114, 110, -108, -35, -88, 25, 84, -4, -105, 17, 104, 114, -64, -26, -13, 69, -123, 49, 61, -23, -112, -34, 8, 73, 0, 107, -77, 100, -122, -25, 100, 77, 34, -111, 26, -51, -84, 39, 101, 106, 5, -83, 68, 14, 1, 16, 99, 58, -112, -39, -120, -5, 64, 10, -83, 14, -56, 114, -71, 28, 5, 73, -40, 102, -19, 43, 27, -120, 57, 54, 5, -35, -127, 63, 64, -68, -57, -64, -100, 83, -1, 0, 121, 33, -112, -128, 103, 14, 112, 39, -111, -105, 86, -86, -7, -22, 122, -11, 102, 64, 121, 21, -32, -4, 87, 20, -61, 60, -16, -18, 60, -71, -98, -63, -66, -12, -41, 29, 39, -24, 1, 81, 53, -78, 104, -37, 27, -43, -39, -19, -83, 122, -13, 63, -76, 124, -26, 62, 88, -30, 105, 4, -77, 91, -97, 93, 11, -86, -101, -15, -95, -6, -123, -103, 39, -117, 51, 12, 126, 95, -102, 106, -88, -68, 53, -94, 82, 59, 107, -1, 0, 113, -65, -86, -62, 115, -71, -109, -71, -34, -55, -26, 74, -61, 30, 23, 23, 108, -24, -55, -103, 73, 82, 29, -120, -127, 8, 21, 48, -70, 14, 114, 84, -94, 82, -76, -83, 0, 117, -33, 103, 25, 122, 101, -106, 50, 118, 33, -81, 3, -31, -79, -3, -38, -70, -114, 63, -30, -56, -15, 109, -83, -87, 37, 35, 104, -57, 38, -98, -123, -3, -121, -89, 51, -6, -81, 40, -118, 103, 52, -22, 99, -100, -45, -72, -74, -72, -76, -47, -26, 44, 40, -22, -21, -41, -103, -67, -55, 61, -42, 47, 10, 115, -40, -35, 103, 106, 26, -94, -36, -18, 109, -121, 1, -79, -26, 26, 104, -125, -36, 82, 127, -69, 23, 2, -8, -51, -111, -67, 117, 39, -3, -113, -89, 95, -47, 86, 14, -70, 30, -95, 31, 25, -1, 0, -60, -12, 118, -57, -29, -55, 108, 96, 122, -36, -116, 115, 118, 61, 16, -52, -99, -47, 124, 27, 115, -16, -8, -99, 39, -76, -32, 100, -116, 59, -87, 107, 28, 67, 108, -9, -86, 31, 36, 121, -72, 107, -127, -40, 26, 69, -104, -72, 52, 9, -103, 91, 4, -78, 114, 65, -91, 87, 35, 29, -19, -26, -46, -85, 23, -92, 38, -39, 104, -72, 20, -22, -97, -104, -110, -94, 78, -98, 120, -128, -112, -76, 114, -75, -95, -113, 0, -82, 75, 49, -78, -105, 60, -72, -11, 43, 94, 9, 71, 36, -105, 70, -52, 40, -120, 34, 8, 2, -127, 119, 101, 105, -120, 16, 33, 0, 82, -14, -62, -116, -13, 86, -62, -112, -39, -111, -35, 3, -96, -31, -128, 46, 67, -58, 62, 6, -121, 45, -81, -106, 16, -40, -78, -119, 14, -13, 9, 118, -119, 40, 86, -105, -127, 117, -73, 80, 47, 110, -85, -90, -56, -54, 0, 109, -65, -63, 62, 11, -117, -51, 0, -107, -108, -111, -30, -7, -97, 102, -4, 69, -115, 14, 107, 35, -106, -51, 22, -59, 40, 46, 30, -92, 56, 13, -66, 22, -71, 25, 24, 90, -30, -45, -79, 4, -76, -117, -70, 32, -47, -28, -66, -79, -58, -63, 12, -10, -99, -45, 115, -23, 75, -28, -7, -97, -87, -50, 119, 119, 57, -37, -6, -101, 66, 118, 49, -108, -62, -119, 82, 5, 48, 17, 73, 57, 76, 80, 0, -44, -64, 28, -45, 57, 49, 106, 0, -106, -82, -54, -58, 12, 15, 124, -116, 100, 109, 47, 121, -74, -79, -115, 5, -50, 115, -6, 0, 62, 36, 43, -2, 17, -16, -4, -103, -39, 45, -58, -119, -15, -79, -59, -91, -27, -46, 19, 90, 91, 90, -76, -127, -17, 58, -84, -41, -95, -36, 47, 119, -16, 95, -39, -2, 63, 15, 123, -91, 99, -28, -106, 87, 51, -53, 47, -108, 48, 6, 54, -19, -38, 26, 6, -42, 64, -69, 39, -105, -59, 38, -64, -93, -31, 94, 3, 38, 46, 12, 48, 73, 90, -38, -41, 58, 74, 54, 3, -34, -30, -30, -37, -21, 87, 95, 37, -91, 4, 26, -20, 46, -125, 42, 3, 98, -121, -59, 87, 102, 56, 7, -107, 124, 22, 78, 76, -92, -111, -49, 100, -30, 111, 78, 31, 69, 79, -120, -16, -122, 61, -125, 64, 13, 35, -80, -35, 117, -25, 24, 16, 108, 27, -11, 67, 118, 3, 6, -12, 65, 80, -37, -12, 90, 75, -39, -27, 89, 120, -49, 97, -89, 2, 55, -40, -111, 64, -92, -67, 47, 51, -123, -57, 32, -89, -117, 73, 82, -53, -6, -116, -34, 5, -23, -100, -74, 17, 6, -106, -60, 81, 14, 105, 67, -64, -53, 121, 31, -102, -43, -60, -31, 66, -67, -89, 45, 119, 68, -22, -24, -85, 24, 71, -46, 107, 96, -81, 28, 22, 55, -99, -3, 85, -120, -40, -64, 63, -70, 54, 22, -89, 31, -106, 30, 29, -80, 70, -118, 41, -100, -35, -101, 67, -71, 43, -88, -105, 22, 55, 114, 2, -5, -90, 110, 37, 3, 74, 92, -103, 105, 35, -99, -58, -63, 35, -34, 63, 37, -89, 11, 67, 78, -61, 116, 71, 99, -98, -24, 110, -119, -53, 38, -39, -94, 72, -85, -30, 62, 44, -10, 97, -27, -68, 10, 45, -58, -56, 112, -8, -120, -35, 75, -26, 48, 23, -47, -34, 45, -58, 123, -80, 51, 24, -48, 75, -114, 52, -44, 6, -28, -5, 7, 97, -22, -66, 120, -62, -58, 50, 61, -84, 111, -68, -25, 6, -117, -28, -75, -59, 108, -119, -46, 6, -100, 45, 89, -4, 57, -110, -48, 28, -42, 9, 90, 69, -75, -48, 56, 63, 87, -63, -69, 59, -12, 89, -77, 64, -10, 26, 123, 30, -61, -39, -20, 115, 79, -22, 22, -83, 52, 66, 105, -112, 41, 14, 105, -38, -46, 121, 2, 126, 0, -97, -39, 91, -121, -124, -28, 56, 23, 54, 39, -122, -127, -88, -67, -29, -54, 96, 29, -11, 62, -126, 67, 41, -68, 38, 7, -110, -22, -15, 124, 32, 67, -76, -27, 74, -42, 17, -96, -106, 71, -50, -98, 29, -89, -37, 112, -95, -69, 79, 32, 87, 65, -101, -61, 49, -29, -58, -106, 24, 35, 12, -44, -57, 3, 43, -18, -49, 109, 101, -37, -109, -54, -101, -34, -115, 5, -94, -58, -39, 15, 34, 71, 19, -31, -82, 44, 113, -78, -32, -55, 27, 24, -34, 28, -32, 58, -127, -52, 124, -59, -125, -15, 43, -22, -127, 40, 32, 30, -124, 2, 62, 7, -110, -7, 28, -60, 77, 0, 61, -89, 83, 67, 122, -22, -9, 107, -22, -66, -102, 97, 115, 67, 91, 103, -39, 107, 91, -12, 20, -80, -101, -93, 68, -84, -24, 1, 10, 50, 51, -86, -59, 108, -50, -18, -84, -3, -7, -35, -108, 110, -103, 90, 49, -90, -100, -22, -37, 100, -20, -54, 119, 93, -48, 11, -84, -38, 86, -77, -74, 93, 32, -81, 120, 38, -46, 65, 4, -92, -127, -116, 30, -99, -78, -112, -85, -22, 79, -87, 117, -22, -114, 61, -103, 97, -46, -109, -52, -90, 15, 64, -44, -97, 82, 116, 5, -127, 41, 71, -113, 44, -11, -28, -88, -22, 78, 92, -109, -118, 26, -109, 46, -7, -128, -107, 54, 61, -96, -18, -77, -75, 38, -44, -93, -30, 69, -4, -122, -109, -12, -102, -24, -68, 103, -60, 30, 22, -117, 11, -120, 74, -16, 90, 49, -34, -49, 50, 32, -26, 56, -74, 18, -9, 110, -57, 80, -90, -74, -38, -6, 39, -48, 116, 94, -84, 36, 94, 105, -29, 14, 49, -112, 114, -92, 45, -48, -31, 30, -72, -104, 60, -56, -102, 61, -18, 103, 83, -127, -43, -49, -65, 53, 120, 96, -44, -84, -116, -109, -72, -47, 95, 29, -79, -74, 86, 58, -55, 45, 99, -98, 28, -41, -21, -116, 26, 35, 99, -21, -88, -11, -6, 18, 108, 48, 79, 32, -57, -123, -50, -101, -101, 35, -108, -22, 28, -98, 27, 116, -19, -71, 108, 47, -31, 71, -98, -7, 79, -30, 78, 15, 115, -101, 91, -76, 25, 4, 96, 54, 39, 26, 107, 116, -33, -30, -86, 38, -49, 82, 121, -13, 71, -58, -56, 111, -108, 26, 9, 32, 48, 10, 36, -47, -40, 110, 55, -17, 127, 85, -41, 20, -33, 39, 60, -102, 92, 29, 55, 9, -45, 32, -106, 57, 38, -43, -96, 31, 51, -55, 58, 12, 97, -52, 96, 1, -50, -26, 125, -39, 8, -11, -91, -107, -111, 27, 72, -108, 121, -82, 32, -80, 53, -58, -3, -109, 110, 27, -37, -74, 62, -55, 54, 7, 96, 44, 44, 110, 28, -9, -78, 76, -115, 47, 13, -43, 19, 117, 106, -21, -4, 86, -17, 118, 42, -127, 61, 111, 117, 90, 29, 4, -22, -78, 75, -82, -119, -10, -65, -26, 115, -65, -122, -37, -95, 71, -20, 55, 37, -87, -72, -4, -81, 50, 38, -66, 55, 53, -110, 70, -56, -38, -25, 23, -128, -7, 9, 15, 21, 31, -25, -85, 113, 61, -74, -39, 75, -121, 97, -102, -10, -114, -90, 31, 111, 72, 113, 113, 36, -18, 109, -33, -65, 117, -119, 12, -82, -9, 71, -78, 27, -83, -64, -48, 37, -81, 27, -126, 58, -13, -65, -86, -38, -61, -30, 65, -83, 13, 112, 112, -38, -3, -122, 7, -76, 111, 100, -126, 72, 33, -69, -14, 60, -107, -57, -21, -39, 13, -19, -48, 126, 31, -31, -109, 55, 21, -58, 123, 35, -2, 11, 72, -56, -99, -32, -128, -42, 22, -105, 57, -96, -113, 87, 49, -93, 101, -21, -122, 21, -63, -8, 71, 39, 78, 72, -73, 56, -121, -125, 24, 26, 88, -42, -17, -53, 107, 38, -20, 13, -10, -27, -55, 119, 102, 96, -68, -1, 0, 34, 47, 126, 14, -52, 50, -6, -14, 33, 7, -86, 127, 35, -71, 72, 78, 18, -5, -56, 88, 106, -51, -74, 68, 37, 45, 111, 50, -91, 5, 17, 97, 87, -112, 2, -19, 71, 116, 72, -91, -35, 86, -100, 89, 59, -14, 21, -51, 60, -64, 73, 75, -50, 21, -78, 75, 51, 67, 53, 48, 41, 36, -69, 78, 50, 73, -46, 73, 32, 29, 36, -110, 64, 13, 105, -62, 73, 32, 9, 53, 121, 100, 18, 23, -52, -16, -14, 92, 12, -113, -80, 78, -37, -65, 116, -55, 46, -116, 30, -52, 51, -6, 13, -109, -61, 97, 119, -67, 27, 15, -54, -69, -10, 89, -20, -64, -119, -82, 112, 107, 0, 20, 13, 111, -50, -54, 73, 46, -102, 49, 108, -83, 3, 71, -100, -31, -45, 77, 115, 60, -75, -58, -109, 113, -104, -47, 11, 90, 40, 22, 58, -7, -98, -113, 60, -49, -86, 73, 40, 95, -6, 52, -1, 0, 0, -4, 55, 21, -105, -18, -115, -11, 95, 62, -59, 25, -121, 77, 22, -19, -19, -42, -35, -69, 39, 73, 106, 98, -115, 30, 31, 33, 18, 48, -34, -31, -47, -111, -24, 117, 13, -41, -92, -67, 58, 75, -109, -56, -12, 116, -31, -10, 12, -88, -38, 73, 46, 115, 113, 18, -112, 41, 36, -128, 11, 19, -118, 116, -110, 89, 73, 43, 53, -113, 71, -1, -39]]
2026-03-10 15:37:30 [TRACE] BasicBinder:64 - binding parameter [8] as [VARCHAR] - [image/jpeg]
2026-03-10 15:37:30 [TRACE] BasicBinder:64 - binding parameter [9] as [VARCHAR] - [CUSTOMER]
2026-03-10 15:37:30 [TRACE] BasicBinder:52 - binding parameter [10] as [VARCHAR] - [null]
2026-03-10 15:37:30 [TRACE] BasicBinder:64 - binding parameter [11] as [TIMESTAMP] - [2026-03-10T15:37:30.372286300]
2026-03-10 15:37:30 [TRACE] BasicBinder:64 - binding parameter [12] as [VARCHAR] - [shivangi]
2026-03-10 15:37:30 [TRACE] BasicBinder:64 - binding parameter [13] as [BIGINT] - [37]
2026-03-10 15:37:30 [INFO ] LoginServiceImpl:40 - User authenticated successfully: shivangi
2026-03-10 15:37:30 [INFO ] LoginServiceImpl:40 - User authenticated successfully: shivangi
2026-03-10 15:37:30 [INFO ] LoginController:69 - User logged in successfully: shivangi
2026-03-10 15:37:30 [INFO ] LoginController:69 - User logged in successfully: shivangi
2026-03-10 15:37:30 [INFO ] LoginController:70 - User role: CUSTOMER
2026-03-10 15:37:30 [INFO ] LoginController:70 - User role: CUSTOMER
2026-03-10 15:37:30 [INFO ] LoginController:91 - Redirecting to USER dashboard
2026-03-10 15:37:30 [INFO ] LoginController:91 - Redirecting to USER dashboard
2026-03-10 15:37:30 [DEBUG] RedirectView:309 - View name 'redirect:', model {}
2026-03-10 15:37:30 [DEBUG] DispatcherServlet:1131 - Completed 302 FOUND
2026-03-10 15:37:30 [DEBUG] DispatcherServlet:120 - GET "/RailEase/user/dashboard", parameters={}
2026-03-10 15:37:30 [DEBUG] RequestMappingHandlerMapping:522 - Mapped to com.railease.controller.UserController#dashboard(HttpSession, Model)
2026-03-10 15:37:30 [DEBUG] SQL:144 - 
    select
        count(ticket0_.ticket_id) as col_0_0_ 
    from
        tickets ticket0_ 
    where
        ticket0_.user_id=?
2026-03-10 15:37:30 [TRACE] BasicBinder:64 - binding parameter [1] as [BIGINT] - [37]
2026-03-10 15:37:30 [DEBUG] SQL:144 - 
    select
        count(ticket0_.ticket_id) as col_0_0_ 
    from
        tickets ticket0_ 
    where
        ticket0_.user_id=? 
        and ticket0_.journey_date>=CURRENT_DATE 
        and ticket0_.ticket_status='CONFIRMED'
2026-03-10 15:37:30 [TRACE] BasicBinder:64 - binding parameter [1] as [BIGINT] - [37]
2026-03-10 15:37:30 [INFO ] BookingServiceImpl:752 - Calculating total spent for user: 37
2026-03-10 15:37:30 [INFO ] BookingServiceImpl:752 - Calculating total spent for user: 37
2026-03-10 15:37:30 [DEBUG] SQL:144 - 
    select
        user0_.user_id as user_id1_8_0_,
        user0_.created_at as created_2_8_0_,
        user0_.email as email3_8_0_,
        user0_.full_name as full_nam4_8_0_,
        user0_.is_enabled as is_enabl5_8_0_,
        user0_.last_login as last_log6_8_0_,
        user0_.mobile_number as mobile_n7_8_0_,
        user0_.password as password8_8_0_,
        user0_.profile_photo as profile_9_8_0_,
        user0_.profile_photo_content_type as profile10_8_0_,
        user0_.role as role11_8_0_,
        user0_.session_id as session12_8_0_,
        user0_.updated_at as updated13_8_0_,
        user0_.username as usernam14_8_0_ 
    from
        users user0_ 
    where
        user0_.user_id=?
2026-03-10 15:37:30 [TRACE] BasicBinder:64 - binding parameter [1] as [BIGINT] - [37]
2026-03-10 15:37:30 [DEBUG] SQL:144 - 
    select
        userprofil0_.profile_id as profile_1_7_0_,
        userprofil0_.address as address2_7_0_,
        userprofil0_.city as city3_7_0_,
        userprofil0_.date_of_birth as date_of_4_7_0_,
        userprofil0_.gender as gender5_7_0_,
        userprofil0_.id as id6_7_0_,
        userprofil0_.occupation as occupati7_7_0_,
        userprofil0_.pincode as pincode8_7_0_,
        userprofil0_.state as state9_7_0_,
        userprofil0_.user_id as user_id10_7_0_ 
    from
        user_profiles userprofil0_ 
    where
        userprofil0_.user_id=?
2026-03-10 15:37:30 [TRACE] BasicBinder:64 - binding parameter [1] as [BIGINT] - [37]
2026-03-10 15:37:30 [DEBUG] SQL:144 - 
    select
        ticket0_.ticket_id as ticket_i1_4_0_,
        train1_.train_no as train_no1_6_1_,
        ticket0_.booking_date as booking_2_4_0_,
        ticket0_.booking_status as booking_3_4_0_,
        ticket0_.cancellation_charges as cancella4_4_0_,
        ticket0_.cancellation_date as cancella5_4_0_,
        ticket0_.cancellation_reason as cancella6_4_0_,
        ticket0_.cancellation_requested_date as cancella7_4_0_,
        ticket0_.class_type as class_ty8_4_0_,
        ticket0_.destination_station as destinat9_4_0_,
        ticket0_.journey_date as journey10_4_0_,
        ticket0_.meal_id as meal_id11_4_0_,
        ticket0_.meal_quantity as meal_qu12_4_0_,
        ticket0_.number_of_seats as number_13_4_0_,
        ticket0_.passenger_age as passeng14_4_0_,
        ticket0_.passenger_gender as passeng15_4_0_,
        ticket0_.passenger_name as passeng16_4_0_,
        ticket0_.payment_id as payment17_4_0_,
        ticket0_.payment_method as payment18_4_0_,
        ticket0_.payment_status as payment19_4_0_,
        ticket0_.refund_amount as refund_20_4_0_,
        ticket0_.refund_date as refund_21_4_0_,
        ticket0_.refund_percentage as refund_22_4_0_,
        ticket0_.refund_processed_date as refund_23_4_0_,
        ticket0_.refund_status as refund_24_4_0_,
        ticket0_.refund_transaction_id as refund_25_4_0_,
        ticket0_.source_station as source_26_4_0_,
        ticket0_.ticket_status as ticket_27_4_0_,
        ticket0_.total_fare as total_f28_4_0_,
        ticket0_.train_no as train_n29_4_0_,
        ticket0_.user_id as user_id30_4_0_,
        train1_.ac_fare as ac_fare2_6_1_,
        train1_.ac_seats as ac_seats3_6_1_,
        train1_.arrival_time as arrival_4_6_1_,
        train1_.available_seats as availabl5_6_1_,
        train1_.created_at as created_6_6_1_,
        train1_.departure_time as departur7_6_1_,
        train1_.destination as destinat8_6_1_,
        train1_.destination_station as destinat9_6_1_,
        train1_.general_fare as general10_6_1_,
        train1_.general_seats as general11_6_1_,
        train1_.is_active as is_acti12_6_1_,
        train1_.journey_date as journey13_6_1_,
        train1_.sleeper_fare as sleeper14_6_1_,
        train1_.sleeper_seats as sleeper15_6_1_,
        train1_.source as source16_6_1_,
        train1_.source_station as source_17_6_1_,
        train1_.ticket_price as ticket_18_6_1_,
        train1_.train_name as train_n19_6_1_,
        train1_.travel_date as travel_20_6_1_,
        train1_.updated_at as updated21_6_1_ 
    from
        tickets ticket0_ 
    left outer join
        trains train1_ 
            on ticket0_.train_no=train1_.train_no 
    where
        ticket0_.user_id=? 
    order by
        ticket0_.booking_date DESC
2026-03-10 15:37:30 [TRACE] BasicBinder:64 - binding parameter [1] as [BIGINT] - [37]
2026-03-10 15:37:30 [DEBUG] SQL:144 - 
    select
        user0_.user_id as user_id1_8_0_,
        user0_.created_at as created_2_8_0_,
        user0_.email as email3_8_0_,
        user0_.full_name as full_nam4_8_0_,
        user0_.is_enabled as is_enabl5_8_0_,
        user0_.last_login as last_log6_8_0_,
        user0_.mobile_number as mobile_n7_8_0_,
        user0_.password as password8_8_0_,
        user0_.profile_photo as profile_9_8_0_,
        user0_.profile_photo_content_type as profile10_8_0_,
        user0_.role as role11_8_0_,
        user0_.session_id as session12_8_0_,
        user0_.updated_at as updated13_8_0_,
        user0_.username as usernam14_8_0_ 
    from
        users user0_ 
    where
        user0_.user_id=?
2026-03-10 15:37:30 [TRACE] BasicBinder:64 - binding parameter [1] as [BIGINT] - [37]
2026-03-10 15:37:30 [DEBUG] SQL:144 - 
    select
        userprofil0_.profile_id as profile_1_7_0_,
        userprofil0_.address as address2_7_0_,
        userprofil0_.city as city3_7_0_,
        userprofil0_.date_of_birth as date_of_4_7_0_,
        userprofil0_.gender as gender5_7_0_,
        userprofil0_.id as id6_7_0_,
        userprofil0_.occupation as occupati7_7_0_,
        userprofil0_.pincode as pincode8_7_0_,
        userprofil0_.state as state9_7_0_,
        userprofil0_.user_id as user_id10_7_0_ 
    from
        user_profiles userprofil0_ 
    where
        userprofil0_.user_id=?
2026-03-10 15:37:30 [TRACE] BasicBinder:64 - binding parameter [1] as [BIGINT] - [37]
2026-03-10 15:37:30 [DEBUG] SQL:144 - 
    select
        ticket0_.ticket_id as ticket_i1_4_0_,
        train1_.train_no as train_no1_6_1_,
        ticket0_.booking_date as booking_2_4_0_,
        ticket0_.booking_status as booking_3_4_0_,
        ticket0_.cancellation_charges as cancella4_4_0_,
        ticket0_.cancellation_date as cancella5_4_0_,
        ticket0_.cancellation_reason as cancella6_4_0_,
        ticket0_.cancellation_requested_date as cancella7_4_0_,
        ticket0_.class_type as class_ty8_4_0_,
        ticket0_.destination_station as destinat9_4_0_,
        ticket0_.journey_date as journey10_4_0_,
        ticket0_.meal_id as meal_id11_4_0_,
        ticket0_.meal_quantity as meal_qu12_4_0_,
        ticket0_.number_of_seats as number_13_4_0_,
        ticket0_.passenger_age as passeng14_4_0_,
        ticket0_.passenger_gender as passeng15_4_0_,
        ticket0_.passenger_name as passeng16_4_0_,
        ticket0_.payment_id as payment17_4_0_,
        ticket0_.payment_method as payment18_4_0_,
        ticket0_.payment_status as payment19_4_0_,
        ticket0_.refund_amount as refund_20_4_0_,
        ticket0_.refund_date as refund_21_4_0_,
        ticket0_.refund_percentage as refund_22_4_0_,
        ticket0_.refund_processed_date as refund_23_4_0_,
        ticket0_.refund_status as refund_24_4_0_,
        ticket0_.refund_transaction_id as refund_25_4_0_,
        ticket0_.source_station as source_26_4_0_,
        ticket0_.ticket_status as ticket_27_4_0_,
        ticket0_.total_fare as total_f28_4_0_,
        ticket0_.train_no as train_n29_4_0_,
        ticket0_.user_id as user_id30_4_0_,
        train1_.ac_fare as ac_fare2_6_1_,
        train1_.ac_seats as ac_seats3_6_1_,
        train1_.arrival_time as arrival_4_6_1_,
        train1_.available_seats as availabl5_6_1_,
        train1_.created_at as created_6_6_1_,
        train1_.departure_time as departur7_6_1_,
        train1_.destination as destinat8_6_1_,
        train1_.destination_station as destinat9_6_1_,
        train1_.general_fare as general10_6_1_,
        train1_.general_seats as general11_6_1_,
        train1_.is_active as is_acti12_6_1_,
        train1_.journey_date as journey13_6_1_,
        train1_.sleeper_fare as sleeper14_6_1_,
        train1_.sleeper_seats as sleeper15_6_1_,
        train1_.source as source16_6_1_,
        train1_.source_station as source_17_6_1_,
        train1_.ticket_price as ticket_18_6_1_,
        train1_.train_name as train_n19_6_1_,
        train1_.travel_date as travel_20_6_1_,
        train1_.updated_at as updated21_6_1_ 
    from
        tickets ticket0_ 
    left outer join
        trains train1_ 
            on ticket0_.train_no=train1_.train_no 
    where
        ticket0_.user_id=? 
    order by
        ticket0_.booking_date DESC limit ?
2026-03-10 15:37:30 [TRACE] BasicBinder:64 - binding parameter [1] as [BIGINT] - [37]
2026-03-10 15:37:30 [INFO ] BookingServiceImpl:170 - Fetching active bookings for user: 37
2026-03-10 15:37:30 [INFO ] BookingServiceImpl:170 - Fetching active bookings for user: 37
2026-03-10 15:37:30 [DEBUG] SQL:144 - 
    select
        ticket0_.ticket_id as ticket_i1_4_0_,
        train1_.train_no as train_no1_6_1_,
        ticket0_.booking_date as booking_2_4_0_,
        ticket0_.booking_status as booking_3_4_0_,
        ticket0_.cancellation_charges as cancella4_4_0_,
        ticket0_.cancellation_date as cancella5_4_0_,
        ticket0_.cancellation_reason as cancella6_4_0_,
        ticket0_.cancellation_requested_date as cancella7_4_0_,
        ticket0_.class_type as class_ty8_4_0_,
        ticket0_.destination_station as destinat9_4_0_,
        ticket0_.journey_date as journey10_4_0_,
        ticket0_.meal_id as meal_id11_4_0_,
        ticket0_.meal_quantity as meal_qu12_4_0_,
        ticket0_.number_of_seats as number_13_4_0_,
        ticket0_.passenger_age as passeng14_4_0_,
        ticket0_.passenger_gender as passeng15_4_0_,
        ticket0_.passenger_name as passeng16_4_0_,
        ticket0_.payment_id as payment17_4_0_,
        ticket0_.payment_method as payment18_4_0_,
        ticket0_.payment_status as payment19_4_0_,
        ticket0_.refund_amount as refund_20_4_0_,
        ticket0_.refund_date as refund_21_4_0_,
        ticket0_.refund_percentage as refund_22_4_0_,
        ticket0_.refund_processed_date as refund_23_4_0_,
        ticket0_.refund_status as refund_24_4_0_,
        ticket0_.refund_transaction_id as refund_25_4_0_,
        ticket0_.source_station as source_26_4_0_,
        ticket0_.ticket_status as ticket_27_4_0_,
        ticket0_.total_fare as total_f28_4_0_,
        ticket0_.train_no as train_n29_4_0_,
        ticket0_.user_id as user_id30_4_0_,
        train1_.ac_fare as ac_fare2_6_1_,
        train1_.ac_seats as ac_seats3_6_1_,
        train1_.arrival_time as arrival_4_6_1_,
        train1_.available_seats as availabl5_6_1_,
        train1_.created_at as created_6_6_1_,
        train1_.departure_time as departur7_6_1_,
        train1_.destination as destinat8_6_1_,
        train1_.destination_station as destinat9_6_1_,
        train1_.general_fare as general10_6_1_,
        train1_.general_seats as general11_6_1_,
        train1_.is_active as is_acti12_6_1_,
        train1_.journey_date as journey13_6_1_,
        train1_.sleeper_fare as sleeper14_6_1_,
        train1_.sleeper_seats as sleeper15_6_1_,
        train1_.source as source16_6_1_,
        train1_.source_station as source_17_6_1_,
        train1_.ticket_price as ticket_18_6_1_,
        train1_.train_name as train_n19_6_1_,
        train1_.travel_date as travel_20_6_1_,
        train1_.updated_at as updated21_6_1_ 
    from
        tickets ticket0_ 
    left outer join
        trains train1_ 
            on ticket0_.train_no=train1_.train_no 
    where
        ticket0_.user_id=? 
        and ticket0_.journey_date>=CURRENT_DATE 
        and ticket0_.ticket_status='CONFIRMED'
2026-03-10 15:37:30 [TRACE] BasicBinder:64 - binding parameter [1] as [BIGINT] - [37]
2026-03-10 15:37:30 [INFO ] BookingServiceImpl:176 - Fetching past bookings for user: 37
2026-03-10 15:37:30 [INFO ] BookingServiceImpl:176 - Fetching past bookings for user: 37
2026-03-10 15:37:30 [DEBUG] SQL:144 - 
    select
        ticket0_.ticket_id as ticket_i1_4_0_,
        train1_.train_no as train_no1_6_1_,
        ticket0_.booking_date as booking_2_4_0_,
        ticket0_.booking_status as booking_3_4_0_,
        ticket0_.cancellation_charges as cancella4_4_0_,
        ticket0_.cancellation_date as cancella5_4_0_,
        ticket0_.cancellation_reason as cancella6_4_0_,
        ticket0_.cancellation_requested_date as cancella7_4_0_,
        ticket0_.class_type as class_ty8_4_0_,
        ticket0_.destination_station as destinat9_4_0_,
        ticket0_.journey_date as journey10_4_0_,
        ticket0_.meal_id as meal_id11_4_0_,
        ticket0_.meal_quantity as meal_qu12_4_0_,
        ticket0_.number_of_seats as number_13_4_0_,
        ticket0_.passenger_age as passeng14_4_0_,
        ticket0_.passenger_gender as passeng15_4_0_,
        ticket0_.passenger_name as passeng16_4_0_,
        ticket0_.payment_id as payment17_4_0_,
        ticket0_.payment_method as payment18_4_0_,
        ticket0_.payment_status as payment19_4_0_,
        ticket0_.refund_amount as refund_20_4_0_,
        ticket0_.refund_date as refund_21_4_0_,
        ticket0_.refund_percentage as refund_22_4_0_,
        ticket0_.refund_processed_date as refund_23_4_0_,
        ticket0_.refund_status as refund_24_4_0_,
        ticket0_.refund_transaction_id as refund_25_4_0_,
        ticket0_.source_station as source_26_4_0_,
        ticket0_.ticket_status as ticket_27_4_0_,
        ticket0_.total_fare as total_f28_4_0_,
        ticket0_.train_no as train_n29_4_0_,
        ticket0_.user_id as user_id30_4_0_,
        train1_.ac_fare as ac_fare2_6_1_,
        train1_.ac_seats as ac_seats3_6_1_,
        train1_.arrival_time as arrival_4_6_1_,
        train1_.available_seats as availabl5_6_1_,
        train1_.created_at as created_6_6_1_,
        train1_.departure_time as departur7_6_1_,
        train1_.destination as destinat8_6_1_,
        train1_.destination_station as destinat9_6_1_,
        train1_.general_fare as general10_6_1_,
        train1_.general_seats as general11_6_1_,
        train1_.is_active as is_acti12_6_1_,
        train1_.journey_date as journey13_6_1_,
        train1_.sleeper_fare as sleeper14_6_1_,
        train1_.sleeper_seats as sleeper15_6_1_,
        train1_.source as source16_6_1_,
        train1_.source_station as source_17_6_1_,
        train1_.ticket_price as ticket_18_6_1_,
        train1_.train_name as train_n19_6_1_,
        train1_.travel_date as travel_20_6_1_,
        train1_.updated_at as updated21_6_1_ 
    from
        tickets ticket0_ 
    left outer join
        trains train1_ 
            on ticket0_.train_no=train1_.train_no 
    where
        ticket0_.user_id=? 
        and ticket0_.journey_date<CURRENT_DATE
2026-03-10 15:37:30 [TRACE] BasicBinder:64 - binding parameter [1] as [BIGINT] - [37]
2026-03-10 15:37:30 [INFO ] MealServiceImpl:180 - Fetching meal orders for user: 37
2026-03-10 15:37:30 [INFO ] MealServiceImpl:180 - Fetching meal orders for user: 37
2026-03-10 15:37:30 [DEBUG] SQL:144 - 
    select
        user0_.user_id as user_id1_8_0_,
        user0_.created_at as created_2_8_0_,
        user0_.email as email3_8_0_,
        user0_.full_name as full_nam4_8_0_,
        user0_.is_enabled as is_enabl5_8_0_,
        user0_.last_login as last_log6_8_0_,
        user0_.mobile_number as mobile_n7_8_0_,
        user0_.password as password8_8_0_,
        user0_.profile_photo as profile_9_8_0_,
        user0_.profile_photo_content_type as profile10_8_0_,
        user0_.role as role11_8_0_,
        user0_.session_id as session12_8_0_,
        user0_.updated_at as updated13_8_0_,
        user0_.username as usernam14_8_0_ 
    from
        users user0_ 
    where
        user0_.user_id=?
2026-03-10 15:37:30 [TRACE] BasicBinder:64 - binding parameter [1] as [BIGINT] - [37]
2026-03-10 15:37:30 [DEBUG] SQL:144 - 
    select
        userprofil0_.profile_id as profile_1_7_0_,
        userprofil0_.address as address2_7_0_,
        userprofil0_.city as city3_7_0_,
        userprofil0_.date_of_birth as date_of_4_7_0_,
        userprofil0_.gender as gender5_7_0_,
        userprofil0_.id as id6_7_0_,
        userprofil0_.occupation as occupati7_7_0_,
        userprofil0_.pincode as pincode8_7_0_,
        userprofil0_.state as state9_7_0_,
        userprofil0_.user_id as user_id10_7_0_ 
    from
        user_profiles userprofil0_ 
    where
        userprofil0_.user_id=?
2026-03-10 15:37:30 [TRACE] BasicBinder:64 - binding parameter [1] as [BIGINT] - [37]
2026-03-10 15:37:31 [DEBUG] SQL:144 - 
    select
        mealorder0_.order_id as order_id1_0_,
        mealorder0_.cancellation_date as cancella2_0_,
        mealorder0_.cancellation_reason as cancella3_0_,
        mealorder0_.delivery_station as delivery4_0_,
        mealorder0_.delivery_status as delivery5_0_,
        mealorder0_.id as id6_0_,
        mealorder0_.meal_id as meal_id13_0_,
        mealorder0_.order_date as order_da7_0_,
        mealorder0_.quantity as quantity8_0_,
        mealorder0_.refund_amount as refund_a9_0_,
        mealorder0_.refund_status as refund_10_0_,
        mealorder0_.special_instructions as special11_0_,
        mealorder0_.ticket_id as ticket_14_0_,
        mealorder0_.total_price as total_p12_0_,
        mealorder0_.user_id as user_id15_0_ 
    from
        meal_orders mealorder0_ 
    where
        mealorder0_.user_id=? 
    order by
        mealorder0_.order_date desc
2026-03-10 15:37:31 [TRACE] BasicBinder:64 - binding parameter [1] as [BIGINT] - [37]
2026-03-10 15:37:31 [INFO ] MealServiceImpl:42 - Fetching available meals
2026-03-10 15:37:31 [INFO ] MealServiceImpl:42 - Fetching available meals
2026-03-10 15:37:31 [DEBUG] SQL:144 - 
    select
        meal0_.meal_id as meal_id1_1_,
        meal0_.availability_status as availabi2_1_,
        meal0_.created_at as created_3_1_,
        meal0_.description as descript4_1_,
        meal0_.image as image5_1_,
        meal0_.image_content_type as image_co6_1_,
        meal0_.image_url as image_ur7_1_,
        meal0_.is_available as is_avail8_1_,
        meal0_.meal_name as meal_nam9_1_,
        meal0_.meal_type as meal_ty10_1_,
        meal0_.preparation_time as prepara11_1_,
        meal0_.price as price12_1_,
        meal0_.updated_at as updated13_1_ 
    from
        meals meal0_ 
    where
        meal0_.availability_status=1
2026-03-10 15:37:31 [DEBUG] SQL:144 - 
    select
        count(ticket0_.ticket_id) as col_0_0_ 
    from
        tickets ticket0_ 
    where
        ticket0_.user_id=? 
        and ticket0_.refund_status='PENDING'
2026-03-10 15:37:31 [TRACE] BasicBinder:64 - binding parameter [1] as [BIGINT] - [37]
2026-03-10 15:37:31 [DEBUG] SQL:144 - 
    select
        count(ticket0_.ticket_id) as col_0_0_ 
    from
        tickets ticket0_ 
    where
        ticket0_.user_id=? 
        and ticket0_.refund_status='PROCESSING'
2026-03-10 15:37:31 [TRACE] BasicBinder:64 - binding parameter [1] as [BIGINT] - [37]
2026-03-10 15:37:31 [DEBUG] SQL:144 - 
    select
        count(ticket0_.ticket_id) as col_0_0_ 
    from
        tickets ticket0_ 
    where
        ticket0_.user_id=? 
        and ticket0_.refund_status='COMPLETED'
2026-03-10 15:37:31 [TRACE] BasicBinder:64 - binding parameter [1] as [BIGINT] - [37]
2026-03-10 15:37:31 [DEBUG] DispatcherServlet:1131 - Completed 200 OK
2026-03-10 15:37:56 [DEBUG] DispatcherServlet:120 - GET "/RailEase/user/view-trains", parameters={}
2026-03-10 15:37:56 [DEBUG] RequestMappingHandlerMapping:522 - Mapped to com.railease.controller.UserController#viewTrains(Model, HttpSession)
2026-03-10 15:37:57 [DEBUG] TrainServiceImpl:40 - Fetching all active trains
2026-03-10 15:37:57 [DEBUG] TrainServiceImpl:40 - Fetching all active trains
2026-03-10 15:37:57 [DEBUG] SQL:144 - 
    select
        train0_.train_no as train_no1_6_,
        train0_.ac_fare as ac_fare2_6_,
        train0_.ac_seats as ac_seats3_6_,
        train0_.arrival_time as arrival_4_6_,
        train0_.available_seats as availabl5_6_,
        train0_.created_at as created_6_6_,
        train0_.departure_time as departur7_6_,
        train0_.destination as destinat8_6_,
        train0_.destination_station as destinat9_6_,
        train0_.general_fare as general10_6_,
        train0_.general_seats as general11_6_,
        train0_.is_active as is_acti12_6_,
        train0_.journey_date as journey13_6_,
        train0_.sleeper_fare as sleeper14_6_,
        train0_.sleeper_seats as sleeper15_6_,
        train0_.source as source16_6_,
        train0_.source_station as source_17_6_,
        train0_.ticket_price as ticket_18_6_,
        train0_.train_name as train_n19_6_,
        train0_.travel_date as travel_20_6_,
        train0_.updated_at as updated21_6_ 
    from
        trains train0_ 
    where
        train0_.is_active=1
2026-03-10 15:37:57 [INFO ] UserController:110 - Loaded 4 active trains
2026-03-10 15:37:57 [INFO ] UserController:110 - Loaded 4 active trains
2026-03-10 15:37:57 [DEBUG] DispatcherServlet:1131 - Completed 200 OK
2026-03-10 15:37:57 [DEBUG] DispatcherServlet:120 - GET "/RailEase/webjars/datatables/1.13.6/css/dataTables.bootstrap5.min.css", parameters={}
2026-03-10 15:37:57 [DEBUG] SimpleUrlHandlerMapping:522 - Mapped to ResourceHttpRequestHandler [ServletContext [/webjars/]]
2026-03-10 15:37:57 [DEBUG] ResourceHttpRequestHandler:560 - Resource not found
2026-03-10 15:37:57 [DEBUG] DispatcherServlet:1131 - Completed 404 NOT_FOUND
2026-03-10 15:37:57 [DEBUG] DispatcherServlet:120 - "ERROR" dispatch for GET "/RailEase/error", parameters={}
2026-03-10 15:37:57 [DEBUG] RequestMappingHandlerMapping:522 - Mapped to org.springframework.boot.autoconfigure.web.servlet.error.BasicErrorController#error(HttpServletRequest)
2026-03-10 15:37:57 [DEBUG] HttpEntityMethodProcessor:268 - Using 'application/json;q=0.1', given [text/css, */*;q=0.1] and supported [application/json, application/*+json, application/json, application/*+json]
2026-03-10 15:37:57 [DEBUG] HttpEntityMethodProcessor:120 - Writing [{timestamp=Tue Mar 10 15:37:57 IST 2026, status=404, error=Not Found, message=No message available,  (truncated)...]
2026-03-10 15:37:57 [DEBUG] DispatcherServlet:1127 - Exiting from "ERROR" dispatch, status 404
2026-03-10 15:38:06 [DEBUG] DispatcherServlet:120 - GET "/RailEase/user/train-details/5?journeyDate=", parameters={masked}
2026-03-10 15:38:06 [DEBUG] RequestMappingHandlerMapping:522 - Mapped to com.railease.controller.UserController#trainDetails(Integer, String, Model, HttpSession)
2026-03-10 15:38:06 [DEBUG] TrainServiceImpl:53 - Fetching train by number: 5
2026-03-10 15:38:06 [DEBUG] TrainServiceImpl:53 - Fetching train by number: 5
2026-03-10 15:38:06 [DEBUG] SQL:144 - 
    select
        train0_.train_no as train_no1_6_0_,
        train0_.ac_fare as ac_fare2_6_0_,
        train0_.ac_seats as ac_seats3_6_0_,
        train0_.arrival_time as arrival_4_6_0_,
        train0_.available_seats as availabl5_6_0_,
        train0_.created_at as created_6_6_0_,
        train0_.departure_time as departur7_6_0_,
        train0_.destination as destinat8_6_0_,
        train0_.destination_station as destinat9_6_0_,
        train0_.general_fare as general10_6_0_,
        train0_.general_seats as general11_6_0_,
        train0_.is_active as is_acti12_6_0_,
        train0_.journey_date as journey13_6_0_,
        train0_.sleeper_fare as sleeper14_6_0_,
        train0_.sleeper_seats as sleeper15_6_0_,
        train0_.source as source16_6_0_,
        train0_.source_station as source_17_6_0_,
        train0_.ticket_price as ticket_18_6_0_,
        train0_.train_name as train_n19_6_0_,
        train0_.travel_date as travel_20_6_0_,
        train0_.updated_at as updated21_6_0_ 
    from
        trains train0_ 
    where
        train0_.train_no=?
2026-03-10 15:38:06 [TRACE] BasicBinder:64 - binding parameter [1] as [INTEGER] - [5]
2026-03-10 15:38:06 [DEBUG] ExceptionHandlerExceptionResolver:416 - Using @ExceptionHandler com.railease.exception.GlobalExceptionHandler#handleAllUncaughtException(Exception, HttpServletRequest)
2026-03-10 15:38:06 [ERROR] GlobalExceptionHandler:76 - Unexpected error occurred: Text '' could not be parsed at index 0
java.time.format.DateTimeParseException: Text '' could not be parsed at index 0
	at java.time.format.DateTimeFormatter.parseResolved0(DateTimeFormatter.java:2108) ~[?:?]
	at java.time.format.DateTimeFormatter.parse(DateTimeFormatter.java:2010) ~[?:?]
	at java.time.LocalDate.parse(LocalDate.java:435) ~[?:?]
	at java.time.LocalDate.parse(LocalDate.java:420) ~[?:?]
	at com.railease.controller.UserController.trainDetails(UserController.java:448) ~[classes/:?]
	at jdk.internal.reflect.DirectMethodHandleAccessor.invoke(DirectMethodHandleAccessor.java:103) ~[?:?]
	at java.lang.reflect.Method.invoke(Method.java:580) ~[?:?]
	at org.springframework.web.method.support.InvocableHandlerMethod.doInvoke(InvocableHandlerMethod.java:205) ~[spring-web-5.3.28.jar:5.3.28]
	at org.springframework.web.method.support.InvocableHandlerMethod.invokeForRequest(InvocableHandlerMethod.java:150) ~[spring-web-5.3.28.jar:5.3.28]
	at org.springframework.web.servlet.mvc.method.annotation.ServletInvocableHandlerMethod.invokeAndHandle(ServletInvocableHandlerMethod.java:117) ~[spring-webmvc-5.3.28.jar:5.3.28]
	at org.springframework.web.servlet.mvc.method.annotation.RequestMappingHandlerAdapter.invokeHandlerMethod(RequestMappingHandlerAdapter.java:895) ~[spring-webmvc-5.3.28.jar:5.3.28]
	at org.springframework.web.servlet.mvc.method.annotation.RequestMappingHandlerAdapter.handleInternal(RequestMappingHandlerAdapter.java:808) ~[spring-webmvc-5.3.28.jar:5.3.28]
	at org.springframework.web.servlet.mvc.method.AbstractHandlerMethodAdapter.handle(AbstractHandlerMethodAdapter.java:87) ~[spring-webmvc-5.3.28.jar:5.3.28]
	at org.springframework.web.servlet.DispatcherServlet.doDispatch(DispatcherServlet.java:1072) ~[spring-webmvc-5.3.28.jar:5.3.28]
	at org.springframework.web.servlet.DispatcherServlet.doService(DispatcherServlet.java:965) ~[spring-webmvc-5.3.28.jar:5.3.28]
	at org.springframework.web.servlet.FrameworkServlet.processRequest(FrameworkServlet.java:1006) ~[spring-webmvc-5.3.28.jar:5.3.28]
	at org.springframework.web.servlet.FrameworkServlet.doGet(FrameworkServlet.java:898) ~[spring-webmvc-5.3.28.jar:5.3.28]
	at javax.servlet.http.HttpServlet.service(HttpServlet.java:529) ~[tomcat-embed-core-9.0.76.jar:4.0.FR]
	at org.springframework.web.servlet.FrameworkServlet.service(FrameworkServlet.java:883) ~[spring-webmvc-5.3.28.jar:5.3.28]
	at javax.servlet.http.HttpServlet.service(HttpServlet.java:623) ~[tomcat-embed-core-9.0.76.jar:4.0.FR]
	at org.apache.catalina.core.ApplicationFilterChain.internalDoFilter(ApplicationFilterChain.java:209) ~[tomcat-embed-core-9.0.76.jar:9.0.76]
	at org.apache.catalina.core.ApplicationFilterChain.doFilter(ApplicationFilterChain.java:153) ~[tomcat-embed-core-9.0.76.jar:9.0.76]
	at org.apache.tomcat.websocket.server.WsFilter.doFilter(WsFilter.java:51) ~[tomcat-embed-websocket-9.0.76.jar:9.0.76]
	at org.apache.catalina.core.ApplicationFilterChain.internalDoFilter(ApplicationFilterChain.java:178) ~[tomcat-embed-core-9.0.76.jar:9.0.76]
	at org.apache.catalina.core.ApplicationFilterChain.doFilter(ApplicationFilterChain.java:153) ~[tomcat-embed-core-9.0.76.jar:9.0.76]
	at org.springframework.web.servlet.resource.ResourceUrlEncodingFilter.doFilter(ResourceUrlEncodingFilter.java:67) ~[spring-webmvc-5.3.28.jar:5.3.28]
	at org.apache.catalina.core.ApplicationFilterChain.internalDoFilter(ApplicationFilterChain.java:178) ~[tomcat-embed-core-9.0.76.jar:9.0.76]
	at org.apache.catalina.core.ApplicationFilterChain.doFilter(ApplicationFilterChain.java:153) ~[tomcat-embed-core-9.0.76.jar:9.0.76]
	at org.springframework.web.filter.RequestContextFilter.doFilterInternal(RequestContextFilter.java:100) ~[spring-web-5.3.28.jar:5.3.28]
	at org.springframework.web.filter.OncePerRequestFilter.doFilter(OncePerRequestFilter.java:117) ~[spring-web-5.3.28.jar:5.3.28]
	at org.apache.catalina.core.ApplicationFilterChain.internalDoFilter(ApplicationFilterChain.java:178) ~[tomcat-embed-core-9.0.76.jar:9.0.76]
	at org.apache.catalina.core.ApplicationFilterChain.doFilter(ApplicationFilterChain.java:153) ~[tomcat-embed-core-9.0.76.jar:9.0.76]
	at org.springframework.web.filter.FormContentFilter.doFilterInternal(FormContentFilter.java:93) ~[spring-web-5.3.28.jar:5.3.28]
	at org.springframework.web.filter.OncePerRequestFilter.doFilter(OncePerRequestFilter.java:117) ~[spring-web-5.3.28.jar:5.3.28]
	at org.apache.catalina.core.ApplicationFilterChain.internalDoFilter(ApplicationFilterChain.java:178) ~[tomcat-embed-core-9.0.76.jar:9.0.76]
	at org.apache.catalina.core.ApplicationFilterChain.doFilter(ApplicationFilterChain.java:153) ~[tomcat-embed-core-9.0.76.jar:9.0.76]
	at org.springframework.web.filter.CharacterEncodingFilter.doFilterInternal(CharacterEncodingFilter.java:201) ~[spring-web-5.3.28.jar:5.3.28]
	at org.springframework.web.filter.OncePerRequestFilter.doFilter(OncePerRequestFilter.java:117) ~[spring-web-5.3.28.jar:5.3.28]
	at org.apache.catalina.core.ApplicationFilterChain.internalDoFilter(ApplicationFilterChain.java:178) ~[tomcat-embed-core-9.0.76.jar:9.0.76]
	at org.apache.catalina.core.ApplicationFilterChain.doFilter(ApplicationFilterChain.java:153) ~[tomcat-embed-core-9.0.76.jar:9.0.76]
	at org.apache.catalina.core.StandardWrapperValve.invoke(StandardWrapperValve.java:167) ~[tomcat-embed-core-9.0.76.jar:9.0.76]
	at org.apache.catalina.core.StandardContextValve.invoke(StandardContextValve.java:90) ~[tomcat-embed-core-9.0.76.jar:9.0.76]
	at org.apache.catalina.authenticator.AuthenticatorBase.invoke(AuthenticatorBase.java:481) ~[tomcat-embed-core-9.0.76.jar:9.0.76]
	at org.apache.catalina.core.StandardHostValve.invoke(StandardHostValve.java:130) ~[tomcat-embed-core-9.0.76.jar:9.0.76]
	at org.apache.catalina.valves.ErrorReportValve.invoke(ErrorReportValve.java:93) ~[tomcat-embed-core-9.0.76.jar:9.0.76]
	at org.apache.catalina.core.StandardEngineValve.invoke(StandardEngineValve.java:74) ~[tomcat-embed-core-9.0.76.jar:9.0.76]
	at org.apache.catalina.connector.CoyoteAdapter.service(CoyoteAdapter.java:343) ~[tomcat-embed-core-9.0.76.jar:9.0.76]
	at org.apache.coyote.http11.Http11Processor.service(Http11Processor.java:390) ~[tomcat-embed-core-9.0.76.jar:9.0.76]
	at org.apache.coyote.AbstractProcessorLight.process(AbstractProcessorLight.java:63) ~[tomcat-embed-core-9.0.76.jar:9.0.76]
	at org.apache.coyote.AbstractProtocol$ConnectionHandler.process(AbstractProtocol.java:926) ~[tomcat-embed-core-9.0.76.jar:9.0.76]
	at org.apache.tomcat.util.net.NioEndpoint$SocketProcessor.doRun(NioEndpoint.java:1791) ~[tomcat-embed-core-9.0.76.jar:9.0.76]
	at org.apache.tomcat.util.net.SocketProcessorBase.run(SocketProcessorBase.java:52) ~[tomcat-embed-core-9.0.76.jar:9.0.76]
	at org.apache.tomcat.util.threads.ThreadPoolExecutor.runWorker(ThreadPoolExecutor.java:1191) ~[tomcat-embed-core-9.0.76.jar:9.0.76]
	at org.apache.tomcat.util.threads.ThreadPoolExecutor$Worker.run(ThreadPoolExecutor.java:659) ~[tomcat-embed-core-9.0.76.jar:9.0.76]
	at org.apache.tomcat.util.threads.TaskThread$WrappingRunnable.run(TaskThread.java:61) ~[tomcat-embed-core-9.0.76.jar:9.0.76]
	at java.lang.Thread.run(Thread.java:1583) ~[?:?]
2026-03-10 15:38:06 [ERROR] GlobalExceptionHandler:76 - Unexpected error occurred: Text '' could not be parsed at index 0
java.time.format.DateTimeParseException: Text '' could not be parsed at index 0
	at java.time.format.DateTimeFormatter.parseResolved0(DateTimeFormatter.java:2108) ~[?:?]
	at java.time.format.DateTimeFormatter.parse(DateTimeFormatter.java:2010) ~[?:?]
	at java.time.LocalDate.parse(LocalDate.java:435) ~[?:?]
	at java.time.LocalDate.parse(LocalDate.java:420) ~[?:?]
	at com.railease.controller.UserController.trainDetails(UserController.java:448) ~[classes/:?]
	at jdk.internal.reflect.DirectMethodHandleAccessor.invoke(DirectMethodHandleAccessor.java:103) ~[?:?]
	at java.lang.reflect.Method.invoke(Method.java:580) ~[?:?]
	at org.springframework.web.method.support.InvocableHandlerMethod.doInvoke(InvocableHandlerMethod.java:205) ~[spring-web-5.3.28.jar:5.3.28]
	at org.springframework.web.method.support.InvocableHandlerMethod.invokeForRequest(InvocableHandlerMethod.java:150) ~[spring-web-5.3.28.jar:5.3.28]
	at org.springframework.web.servlet.mvc.method.annotation.ServletInvocableHandlerMethod.invokeAndHandle(ServletInvocableHandlerMethod.java:117) ~[spring-webmvc-5.3.28.jar:5.3.28]
	at org.springframework.web.servlet.mvc.method.annotation.RequestMappingHandlerAdapter.invokeHandlerMethod(RequestMappingHandlerAdapter.java:895) ~[spring-webmvc-5.3.28.jar:5.3.28]
	at org.springframework.web.servlet.mvc.method.annotation.RequestMappingHandlerAdapter.handleInternal(RequestMappingHandlerAdapter.java:808) ~[spring-webmvc-5.3.28.jar:5.3.28]
	at org.springframework.web.servlet.mvc.method.AbstractHandlerMethodAdapter.handle(AbstractHandlerMethodAdapter.java:87) ~[spring-webmvc-5.3.28.jar:5.3.28]
	at org.springframework.web.servlet.DispatcherServlet.doDispatch(DispatcherServlet.java:1072) ~[spring-webmvc-5.3.28.jar:5.3.28]
	at org.springframework.web.servlet.DispatcherServlet.doService(DispatcherServlet.java:965) ~[spring-webmvc-5.3.28.jar:5.3.28]
	at org.springframework.web.servlet.FrameworkServlet.processRequest(FrameworkServlet.java:1006) ~[spring-webmvc-5.3.28.jar:5.3.28]
	at org.springframework.web.servlet.FrameworkServlet.doGet(FrameworkServlet.java:898) ~[spring-webmvc-5.3.28.jar:5.3.28]
	at javax.servlet.http.HttpServlet.service(HttpServlet.java:529) ~[tomcat-embed-core-9.0.76.jar:4.0.FR]
	at org.springframework.web.servlet.FrameworkServlet.service(FrameworkServlet.java:883) ~[spring-webmvc-5.3.28.jar:5.3.28]
	at javax.servlet.http.HttpServlet.service(HttpServlet.java:623) ~[tomcat-embed-core-9.0.76.jar:4.0.FR]
	at org.apache.catalina.core.ApplicationFilterChain.internalDoFilter(ApplicationFilterChain.java:209) ~[tomcat-embed-core-9.0.76.jar:9.0.76]
	at org.apache.catalina.core.ApplicationFilterChain.doFilter(ApplicationFilterChain.java:153) ~[tomcat-embed-core-9.0.76.jar:9.0.76]
	at org.apache.tomcat.websocket.server.WsFilter.doFilter(WsFilter.java:51) ~[tomcat-embed-websocket-9.0.76.jar:9.0.76]
	at org.apache.catalina.core.ApplicationFilterChain.internalDoFilter(ApplicationFilterChain.java:178) ~[tomcat-embed-core-9.0.76.jar:9.0.76]
	at org.apache.catalina.core.ApplicationFilterChain.doFilter(ApplicationFilterChain.java:153) ~[tomcat-embed-core-9.0.76.jar:9.0.76]
	at org.springframework.web.servlet.resource.ResourceUrlEncodingFilter.doFilter(ResourceUrlEncodingFilter.java:67) ~[spring-webmvc-5.3.28.jar:5.3.28]
	at org.apache.catalina.core.ApplicationFilterChain.internalDoFilter(ApplicationFilterChain.java:178) ~[tomcat-embed-core-9.0.76.jar:9.0.76]
	at org.apache.catalina.core.ApplicationFilterChain.doFilter(ApplicationFilterChain.java:153) ~[tomcat-embed-core-9.0.76.jar:9.0.76]
	at org.springframework.web.filter.RequestContextFilter.doFilterInternal(RequestContextFilter.java:100) ~[spring-web-5.3.28.jar:5.3.28]
	at org.springframework.web.filter.OncePerRequestFilter.doFilter(OncePerRequestFilter.java:117) ~[spring-web-5.3.28.jar:5.3.28]
	at org.apache.catalina.core.ApplicationFilterChain.internalDoFilter(ApplicationFilterChain.java:178) ~[tomcat-embed-core-9.0.76.jar:9.0.76]
	at org.apache.catalina.core.ApplicationFilterChain.doFilter(ApplicationFilterChain.java:153) ~[tomcat-embed-core-9.0.76.jar:9.0.76]
	at org.springframework.web.filter.FormContentFilter.doFilterInternal(FormContentFilter.java:93) ~[spring-web-5.3.28.jar:5.3.28]
	at org.springframework.web.filter.OncePerRequestFilter.doFilter(OncePerRequestFilter.java:117) ~[spring-web-5.3.28.jar:5.3.28]
	at org.apache.catalina.core.ApplicationFilterChain.internalDoFilter(ApplicationFilterChain.java:178) ~[tomcat-embed-core-9.0.76.jar:9.0.76]
	at org.apache.catalina.core.ApplicationFilterChain.doFilter(ApplicationFilterChain.java:153) ~[tomcat-embed-core-9.0.76.jar:9.0.76]
	at org.springframework.web.filter.CharacterEncodingFilter.doFilterInternal(CharacterEncodingFilter.java:201) ~[spring-web-5.3.28.jar:5.3.28]
	at org.springframework.web.filter.OncePerRequestFilter.doFilter(OncePerRequestFilter.java:117) ~[spring-web-5.3.28.jar:5.3.28]
	at org.apache.catalina.core.ApplicationFilterChain.internalDoFilter(ApplicationFilterChain.java:178) ~[tomcat-embed-core-9.0.76.jar:9.0.76]
	at org.apache.catalina.core.ApplicationFilterChain.doFilter(ApplicationFilterChain.java:153) ~[tomcat-embed-core-9.0.76.jar:9.0.76]
	at org.apache.catalina.core.StandardWrapperValve.invoke(StandardWrapperValve.java:167) ~[tomcat-embed-core-9.0.76.jar:9.0.76]
	at org.apache.catalina.core.StandardContextValve.invoke(StandardContextValve.java:90) ~[tomcat-embed-core-9.0.76.jar:9.0.76]
	at org.apache.catalina.authenticator.AuthenticatorBase.invoke(AuthenticatorBase.java:481) ~[tomcat-embed-core-9.0.76.jar:9.0.76]
	at org.apache.catalina.core.StandardHostValve.invoke(StandardHostValve.java:130) ~[tomcat-embed-core-9.0.76.jar:9.0.76]
	at org.apache.catalina.valves.ErrorReportValve.invoke(ErrorReportValve.java:93) ~[tomcat-embed-core-9.0.76.jar:9.0.76]
	at org.apache.catalina.core.StandardEngineValve.invoke(StandardEngineValve.java:74) ~[tomcat-embed-core-9.0.76.jar:9.0.76]
	at org.apache.catalina.connector.CoyoteAdapter.service(CoyoteAdapter.java:343) ~[tomcat-embed-core-9.0.76.jar:9.0.76]
	at org.apache.coyote.http11.Http11Processor.service(Http11Processor.java:390) ~[tomcat-embed-core-9.0.76.jar:9.0.76]
	at org.apache.coyote.AbstractProcessorLight.process(AbstractProcessorLight.java:63) ~[tomcat-embed-core-9.0.76.jar:9.0.76]
	at org.apache.coyote.AbstractProtocol$ConnectionHandler.process(AbstractProtocol.java:926) ~[tomcat-embed-core-9.0.76.jar:9.0.76]
	at org.apache.tomcat.util.net.NioEndpoint$SocketProcessor.doRun(NioEndpoint.java:1791) ~[tomcat-embed-core-9.0.76.jar:9.0.76]
	at org.apache.tomcat.util.net.SocketProcessorBase.run(SocketProcessorBase.java:52) ~[tomcat-embed-core-9.0.76.jar:9.0.76]
	at org.apache.tomcat.util.threads.ThreadPoolExecutor.runWorker(ThreadPoolExecutor.java:1191) ~[tomcat-embed-core-9.0.76.jar:9.0.76]
	at org.apache.tomcat.util.threads.ThreadPoolExecutor$Worker.run(ThreadPoolExecutor.java:659) ~[tomcat-embed-core-9.0.76.jar:9.0.76]
	at org.apache.tomcat.util.threads.TaskThread$WrappingRunnable.run(TaskThread.java:61) ~[tomcat-embed-core-9.0.76.jar:9.0.76]
	at java.lang.Thread.run(Thread.java:1583) ~[?:?]
2026-03-10 15:38:06 [WARN ] ExceptionHandlerExceptionResolver:208 - Resolved [java.time.format.DateTimeParseException: Text '' could not be parsed at index 0]
2026-03-10 15:38:06 [DEBUG] DispatcherServlet:1354 - Using resolved error view: ModelAndView [view="error/500"; model={errorMessage=An unexpected error occurred. Please try again later., errorCode=500, url=http://localhost:8080/RailEase/user/train-details/5}]
2026-03-10 15:38:06 [DEBUG] DispatcherServlet:1131 - Completed 500 INTERNAL_SERVER_ERROR
2026-03-10 15:38:08 [DEBUG] DispatcherServlet:120 - GET "/RailEase/", parameters={}
2026-03-10 15:38:08 [DEBUG] RequestMappingHandlerMapping:522 - Mapped to com.railease.controller.HomeController#home(HttpSession)
2026-03-10 15:38:08 [DEBUG] RedirectView:309 - View name 'redirect:', model {}
2026-03-10 15:38:08 [DEBUG] DispatcherServlet:1131 - Completed 302 FOUND
2026-03-10 15:38:08 [DEBUG] DispatcherServlet:120 - GET "/RailEase/user/dashboard", parameters={}
2026-03-10 15:38:08 [DEBUG] RequestMappingHandlerMapping:522 - Mapped to com.railease.controller.UserController#dashboard(HttpSession, Model)
2026-03-10 15:38:08 [DEBUG] SQL:144 - 
    select
        count(ticket0_.ticket_id) as col_0_0_ 
    from
        tickets ticket0_ 
    where
        ticket0_.user_id=?
2026-03-10 15:38:08 [TRACE] BasicBinder:64 - binding parameter [1] as [BIGINT] - [37]
2026-03-10 15:38:08 [DEBUG] SQL:144 - 
    select
        count(ticket0_.ticket_id) as col_0_0_ 
    from
        tickets ticket0_ 
    where
        ticket0_.user_id=? 
        and ticket0_.journey_date>=CURRENT_DATE 
        and ticket0_.ticket_status='CONFIRMED'
2026-03-10 15:38:08 [TRACE] BasicBinder:64 - binding parameter [1] as [BIGINT] - [37]
2026-03-10 15:38:08 [INFO ] BookingServiceImpl:752 - Calculating total spent for user: 37
2026-03-10 15:38:08 [INFO ] BookingServiceImpl:752 - Calculating total spent for user: 37
2026-03-10 15:38:08 [DEBUG] SQL:144 - 
    select
        user0_.user_id as user_id1_8_0_,
        user0_.created_at as created_2_8_0_,
        user0_.email as email3_8_0_,
        user0_.full_name as full_nam4_8_0_,
        user0_.is_enabled as is_enabl5_8_0_,
        user0_.last_login as last_log6_8_0_,
        user0_.mobile_number as mobile_n7_8_0_,
        user0_.password as password8_8_0_,
        user0_.profile_photo as profile_9_8_0_,
        user0_.profile_photo_content_type as profile10_8_0_,
        user0_.role as role11_8_0_,
        user0_.session_id as session12_8_0_,
        user0_.updated_at as updated13_8_0_,
        user0_.username as usernam14_8_0_ 
    from
        users user0_ 
    where
        user0_.user_id=?
2026-03-10 15:38:08 [TRACE] BasicBinder:64 - binding parameter [1] as [BIGINT] - [37]
2026-03-10 15:38:08 [DEBUG] SQL:144 - 
    select
        userprofil0_.profile_id as profile_1_7_0_,
        userprofil0_.address as address2_7_0_,
        userprofil0_.city as city3_7_0_,
        userprofil0_.date_of_birth as date_of_4_7_0_,
        userprofil0_.gender as gender5_7_0_,
        userprofil0_.id as id6_7_0_,
        userprofil0_.occupation as occupati7_7_0_,
        userprofil0_.pincode as pincode8_7_0_,
        userprofil0_.state as state9_7_0_,
        userprofil0_.user_id as user_id10_7_0_ 
    from
        user_profiles userprofil0_ 
    where
        userprofil0_.user_id=?
2026-03-10 15:38:08 [TRACE] BasicBinder:64 - binding parameter [1] as [BIGINT] - [37]
2026-03-10 15:38:08 [DEBUG] SQL:144 - 
    select
        ticket0_.ticket_id as ticket_i1_4_0_,
        train1_.train_no as train_no1_6_1_,
        ticket0_.booking_date as booking_2_4_0_,
        ticket0_.booking_status as booking_3_4_0_,
        ticket0_.cancellation_charges as cancella4_4_0_,
        ticket0_.cancellation_date as cancella5_4_0_,
        ticket0_.cancellation_reason as cancella6_4_0_,
        ticket0_.cancellation_requested_date as cancella7_4_0_,
        ticket0_.class_type as class_ty8_4_0_,
        ticket0_.destination_station as destinat9_4_0_,
        ticket0_.journey_date as journey10_4_0_,
        ticket0_.meal_id as meal_id11_4_0_,
        ticket0_.meal_quantity as meal_qu12_4_0_,
        ticket0_.number_of_seats as number_13_4_0_,
        ticket0_.passenger_age as passeng14_4_0_,
        ticket0_.passenger_gender as passeng15_4_0_,
        ticket0_.passenger_name as passeng16_4_0_,
        ticket0_.payment_id as payment17_4_0_,
        ticket0_.payment_method as payment18_4_0_,
        ticket0_.payment_status as payment19_4_0_,
        ticket0_.refund_amount as refund_20_4_0_,
        ticket0_.refund_date as refund_21_4_0_,
        ticket0_.refund_percentage as refund_22_4_0_,
        ticket0_.refund_processed_date as refund_23_4_0_,
        ticket0_.refund_status as refund_24_4_0_,
        ticket0_.refund_transaction_id as refund_25_4_0_,
        ticket0_.source_station as source_26_4_0_,
        ticket0_.ticket_status as ticket_27_4_0_,
        ticket0_.total_fare as total_f28_4_0_,
        ticket0_.train_no as train_n29_4_0_,
        ticket0_.user_id as user_id30_4_0_,
        train1_.ac_fare as ac_fare2_6_1_,
        train1_.ac_seats as ac_seats3_6_1_,
        train1_.arrival_time as arrival_4_6_1_,
        train1_.available_seats as availabl5_6_1_,
        train1_.created_at as created_6_6_1_,
        train1_.departure_time as departur7_6_1_,
        train1_.destination as destinat8_6_1_,
        train1_.destination_station as destinat9_6_1_,
        train1_.general_fare as general10_6_1_,
        train1_.general_seats as general11_6_1_,
        train1_.is_active as is_acti12_6_1_,
        train1_.journey_date as journey13_6_1_,
        train1_.sleeper_fare as sleeper14_6_1_,
        train1_.sleeper_seats as sleeper15_6_1_,
        train1_.source as source16_6_1_,
        train1_.source_station as source_17_6_1_,
        train1_.ticket_price as ticket_18_6_1_,
        train1_.train_name as train_n19_6_1_,
        train1_.travel_date as travel_20_6_1_,
        train1_.updated_at as updated21_6_1_ 
    from
        tickets ticket0_ 
    left outer join
        trains train1_ 
            on ticket0_.train_no=train1_.train_no 
    where
        ticket0_.user_id=? 
    order by
        ticket0_.booking_date DESC
2026-03-10 15:38:08 [TRACE] BasicBinder:64 - binding parameter [1] as [BIGINT] - [37]
2026-03-10 15:38:08 [DEBUG] SQL:144 - 
    select
        user0_.user_id as user_id1_8_0_,
        user0_.created_at as created_2_8_0_,
        user0_.email as email3_8_0_,
        user0_.full_name as full_nam4_8_0_,
        user0_.is_enabled as is_enabl5_8_0_,
        user0_.last_login as last_log6_8_0_,
        user0_.mobile_number as mobile_n7_8_0_,
        user0_.password as password8_8_0_,
        user0_.profile_photo as profile_9_8_0_,
        user0_.profile_photo_content_type as profile10_8_0_,
        user0_.role as role11_8_0_,
        user0_.session_id as session12_8_0_,
        user0_.updated_at as updated13_8_0_,
        user0_.username as usernam14_8_0_ 
    from
        users user0_ 
    where
        user0_.user_id=?
2026-03-10 15:38:08 [TRACE] BasicBinder:64 - binding parameter [1] as [BIGINT] - [37]
2026-03-10 15:38:08 [DEBUG] SQL:144 - 
    select
        userprofil0_.profile_id as profile_1_7_0_,
        userprofil0_.address as address2_7_0_,
        userprofil0_.city as city3_7_0_,
        userprofil0_.date_of_birth as date_of_4_7_0_,
        userprofil0_.gender as gender5_7_0_,
        userprofil0_.id as id6_7_0_,
        userprofil0_.occupation as occupati7_7_0_,
        userprofil0_.pincode as pincode8_7_0_,
        userprofil0_.state as state9_7_0_,
        userprofil0_.user_id as user_id10_7_0_ 
    from
        user_profiles userprofil0_ 
    where
        userprofil0_.user_id=?
2026-03-10 15:38:08 [TRACE] BasicBinder:64 - binding parameter [1] as [BIGINT] - [37]
2026-03-10 15:38:08 [DEBUG] SQL:144 - 
    select
        ticket0_.ticket_id as ticket_i1_4_0_,
        train1_.train_no as train_no1_6_1_,
        ticket0_.booking_date as booking_2_4_0_,
        ticket0_.booking_status as booking_3_4_0_,
        ticket0_.cancellation_charges as cancella4_4_0_,
        ticket0_.cancellation_date as cancella5_4_0_,
        ticket0_.cancellation_reason as cancella6_4_0_,
        ticket0_.cancellation_requested_date as cancella7_4_0_,
        ticket0_.class_type as class_ty8_4_0_,
        ticket0_.destination_station as destinat9_4_0_,
        ticket0_.journey_date as journey10_4_0_,
        ticket0_.meal_id as meal_id11_4_0_,
        ticket0_.meal_quantity as meal_qu12_4_0_,
        ticket0_.number_of_seats as number_13_4_0_,
        ticket0_.passenger_age as passeng14_4_0_,
        ticket0_.passenger_gender as passeng15_4_0_,
        ticket0_.passenger_name as passeng16_4_0_,
        ticket0_.payment_id as payment17_4_0_,
        ticket0_.payment_method as payment18_4_0_,
        ticket0_.payment_status as payment19_4_0_,
        ticket0_.refund_amount as refund_20_4_0_,
        ticket0_.refund_date as refund_21_4_0_,
        ticket0_.refund_percentage as refund_22_4_0_,
        ticket0_.refund_processed_date as refund_23_4_0_,
        ticket0_.refund_status as refund_24_4_0_,
        ticket0_.refund_transaction_id as refund_25_4_0_,
        ticket0_.source_station as source_26_4_0_,
        ticket0_.ticket_status as ticket_27_4_0_,
        ticket0_.total_fare as total_f28_4_0_,
        ticket0_.train_no as train_n29_4_0_,
        ticket0_.user_id as user_id30_4_0_,
        train1_.ac_fare as ac_fare2_6_1_,
        train1_.ac_seats as ac_seats3_6_1_,
        train1_.arrival_time as arrival_4_6_1_,
        train1_.available_seats as availabl5_6_1_,
        train1_.created_at as created_6_6_1_,
        train1_.departure_time as departur7_6_1_,
        train1_.destination as destinat8_6_1_,
        train1_.destination_station as destinat9_6_1_,
        train1_.general_fare as general10_6_1_,
        train1_.general_seats as general11_6_1_,
        train1_.is_active as is_acti12_6_1_,
        train1_.journey_date as journey13_6_1_,
        train1_.sleeper_fare as sleeper14_6_1_,
        train1_.sleeper_seats as sleeper15_6_1_,
        train1_.source as source16_6_1_,
        train1_.source_station as source_17_6_1_,
        train1_.ticket_price as ticket_18_6_1_,
        train1_.train_name as train_n19_6_1_,
        train1_.travel_date as travel_20_6_1_,
        train1_.updated_at as updated21_6_1_ 
    from
        tickets ticket0_ 
    left outer join
        trains train1_ 
            on ticket0_.train_no=train1_.train_no 
    where
        ticket0_.user_id=? 
    order by
        ticket0_.booking_date DESC limit ?
2026-03-10 15:38:08 [TRACE] BasicBinder:64 - binding parameter [1] as [BIGINT] - [37]
2026-03-10 15:38:09 [INFO ] BookingServiceImpl:170 - Fetching active bookings for user: 37
2026-03-10 15:38:09 [INFO ] BookingServiceImpl:170 - Fetching active bookings for user: 37
2026-03-10 15:38:09 [DEBUG] SQL:144 - 
    select
        ticket0_.ticket_id as ticket_i1_4_0_,
        train1_.train_no as train_no1_6_1_,
        ticket0_.booking_date as booking_2_4_0_,
        ticket0_.booking_status as booking_3_4_0_,
        ticket0_.cancellation_charges as cancella4_4_0_,
        ticket0_.cancellation_date as cancella5_4_0_,
        ticket0_.cancellation_reason as cancella6_4_0_,
        ticket0_.cancellation_requested_date as cancella7_4_0_,
        ticket0_.class_type as class_ty8_4_0_,
        ticket0_.destination_station as destinat9_4_0_,
        ticket0_.journey_date as journey10_4_0_,
        ticket0_.meal_id as meal_id11_4_0_,
        ticket0_.meal_quantity as meal_qu12_4_0_,
        ticket0_.number_of_seats as number_13_4_0_,
        ticket0_.passenger_age as passeng14_4_0_,
        ticket0_.passenger_gender as passeng15_4_0_,
        ticket0_.passenger_name as passeng16_4_0_,
        ticket0_.payment_id as payment17_4_0_,
        ticket0_.payment_method as payment18_4_0_,
        ticket0_.payment_status as payment19_4_0_,
        ticket0_.refund_amount as refund_20_4_0_,
        ticket0_.refund_date as refund_21_4_0_,
        ticket0_.refund_percentage as refund_22_4_0_,
        ticket0_.refund_processed_date as refund_23_4_0_,
        ticket0_.refund_status as refund_24_4_0_,
        ticket0_.refund_transaction_id as refund_25_4_0_,
        ticket0_.source_station as source_26_4_0_,
        ticket0_.ticket_status as ticket_27_4_0_,
        ticket0_.total_fare as total_f28_4_0_,
        ticket0_.train_no as train_n29_4_0_,
        ticket0_.user_id as user_id30_4_0_,
        train1_.ac_fare as ac_fare2_6_1_,
        train1_.ac_seats as ac_seats3_6_1_,
        train1_.arrival_time as arrival_4_6_1_,
        train1_.available_seats as availabl5_6_1_,
        train1_.created_at as created_6_6_1_,
        train1_.departure_time as departur7_6_1_,
        train1_.destination as destinat8_6_1_,
        train1_.destination_station as destinat9_6_1_,
        train1_.general_fare as general10_6_1_,
        train1_.general_seats as general11_6_1_,
        train1_.is_active as is_acti12_6_1_,
        train1_.journey_date as journey13_6_1_,
        train1_.sleeper_fare as sleeper14_6_1_,
        train1_.sleeper_seats as sleeper15_6_1_,
        train1_.source as source16_6_1_,
        train1_.source_station as source_17_6_1_,
        train1_.ticket_price as ticket_18_6_1_,
        train1_.train_name as train_n19_6_1_,
        train1_.travel_date as travel_20_6_1_,
        train1_.updated_at as updated21_6_1_ 
    from
        tickets ticket0_ 
    left outer join
        trains train1_ 
            on ticket0_.train_no=train1_.train_no 
    where
        ticket0_.user_id=? 
        and ticket0_.journey_date>=CURRENT_DATE 
        and ticket0_.ticket_status='CONFIRMED'
2026-03-10 15:38:09 [TRACE] BasicBinder:64 - binding parameter [1] as [BIGINT] - [37]
2026-03-10 15:38:09 [INFO ] BookingServiceImpl:176 - Fetching past bookings for user: 37
2026-03-10 15:38:09 [INFO ] BookingServiceImpl:176 - Fetching past bookings for user: 37
2026-03-10 15:38:09 [DEBUG] SQL:144 - 
    select
        ticket0_.ticket_id as ticket_i1_4_0_,
        train1_.train_no as train_no1_6_1_,
        ticket0_.booking_date as booking_2_4_0_,
        ticket0_.booking_status as booking_3_4_0_,
        ticket0_.cancellation_charges as cancella4_4_0_,
        ticket0_.cancellation_date as cancella5_4_0_,
        ticket0_.cancellation_reason as cancella6_4_0_,
        ticket0_.cancellation_requested_date as cancella7_4_0_,
        ticket0_.class_type as class_ty8_4_0_,
        ticket0_.destination_station as destinat9_4_0_,
        ticket0_.journey_date as journey10_4_0_,
        ticket0_.meal_id as meal_id11_4_0_,
        ticket0_.meal_quantity as meal_qu12_4_0_,
        ticket0_.number_of_seats as number_13_4_0_,
        ticket0_.passenger_age as passeng14_4_0_,
        ticket0_.passenger_gender as passeng15_4_0_,
        ticket0_.passenger_name as passeng16_4_0_,
        ticket0_.payment_id as payment17_4_0_,
        ticket0_.payment_method as payment18_4_0_,
        ticket0_.payment_status as payment19_4_0_,
        ticket0_.refund_amount as refund_20_4_0_,
        ticket0_.refund_date as refund_21_4_0_,
        ticket0_.refund_percentage as refund_22_4_0_,
        ticket0_.refund_processed_date as refund_23_4_0_,
        ticket0_.refund_status as refund_24_4_0_,
        ticket0_.refund_transaction_id as refund_25_4_0_,
        ticket0_.source_station as source_26_4_0_,
        ticket0_.ticket_status as ticket_27_4_0_,
        ticket0_.total_fare as total_f28_4_0_,
        ticket0_.train_no as train_n29_4_0_,
        ticket0_.user_id as user_id30_4_0_,
        train1_.ac_fare as ac_fare2_6_1_,
        train1_.ac_seats as ac_seats3_6_1_,
        train1_.arrival_time as arrival_4_6_1_,
        train1_.available_seats as availabl5_6_1_,
        train1_.created_at as created_6_6_1_,
        train1_.departure_time as departur7_6_1_,
        train1_.destination as destinat8_6_1_,
        train1_.destination_station as destinat9_6_1_,
        train1_.general_fare as general10_6_1_,
        train1_.general_seats as general11_6_1_,
        train1_.is_active as is_acti12_6_1_,
        train1_.journey_date as journey13_6_1_,
        train1_.sleeper_fare as sleeper14_6_1_,
        train1_.sleeper_seats as sleeper15_6_1_,
        train1_.source as source16_6_1_,
        train1_.source_station as source_17_6_1_,
        train1_.ticket_price as ticket_18_6_1_,
        train1_.train_name as train_n19_6_1_,
        train1_.travel_date as travel_20_6_1_,
        train1_.updated_at as updated21_6_1_ 
    from
        tickets ticket0_ 
    left outer join
        trains train1_ 
            on ticket0_.train_no=train1_.train_no 
    where
        ticket0_.user_id=? 
        and ticket0_.journey_date<CURRENT_DATE
2026-03-10 15:38:09 [TRACE] BasicBinder:64 - binding parameter [1] as [BIGINT] - [37]
2026-03-10 15:38:09 [INFO ] MealServiceImpl:180 - Fetching meal orders for user: 37
2026-03-10 15:38:09 [INFO ] MealServiceImpl:180 - Fetching meal orders for user: 37
2026-03-10 15:38:09 [DEBUG] SQL:144 - 
    select
        user0_.user_id as user_id1_8_0_,
        user0_.created_at as created_2_8_0_,
        user0_.email as email3_8_0_,
        user0_.full_name as full_nam4_8_0_,
        user0_.is_enabled as is_enabl5_8_0_,
        user0_.last_login as last_log6_8_0_,
        user0_.mobile_number as mobile_n7_8_0_,
        user0_.password as password8_8_0_,
        user0_.profile_photo as profile_9_8_0_,
        user0_.profile_photo_content_type as profile10_8_0_,
        user0_.role as role11_8_0_,
        user0_.session_id as session12_8_0_,
        user0_.updated_at as updated13_8_0_,
        user0_.username as usernam14_8_0_ 
    from
        users user0_ 
    where
        user0_.user_id=?
2026-03-10 15:38:09 [TRACE] BasicBinder:64 - binding parameter [1] as [BIGINT] - [37]
2026-03-10 15:38:09 [DEBUG] SQL:144 - 
    select
        userprofil0_.profile_id as profile_1_7_0_,
        userprofil0_.address as address2_7_0_,
        userprofil0_.city as city3_7_0_,
        userprofil0_.date_of_birth as date_of_4_7_0_,
        userprofil0_.gender as gender5_7_0_,
        userprofil0_.id as id6_7_0_,
        userprofil0_.occupation as occupati7_7_0_,
        userprofil0_.pincode as pincode8_7_0_,
        userprofil0_.state as state9_7_0_,
        userprofil0_.user_id as user_id10_7_0_ 
    from
        user_profiles userprofil0_ 
    where
        userprofil0_.user_id=?
2026-03-10 15:38:09 [TRACE] BasicBinder:64 - binding parameter [1] as [BIGINT] - [37]
2026-03-10 15:38:09 [DEBUG] SQL:144 - 
    select
        mealorder0_.order_id as order_id1_0_,
        mealorder0_.cancellation_date as cancella2_0_,
        mealorder0_.cancellation_reason as cancella3_0_,
        mealorder0_.delivery_station as delivery4_0_,
        mealorder0_.delivery_status as delivery5_0_,
        mealorder0_.id as id6_0_,
        mealorder0_.meal_id as meal_id13_0_,
        mealorder0_.order_date as order_da7_0_,
        mealorder0_.quantity as quantity8_0_,
        mealorder0_.refund_amount as refund_a9_0_,
        mealorder0_.refund_status as refund_10_0_,
        mealorder0_.special_instructions as special11_0_,
        mealorder0_.ticket_id as ticket_14_0_,
        mealorder0_.total_price as total_p12_0_,
        mealorder0_.user_id as user_id15_0_ 
    from
        meal_orders mealorder0_ 
    where
        mealorder0_.user_id=? 
    order by
        mealorder0_.order_date desc
2026-03-10 15:38:09 [TRACE] BasicBinder:64 - binding parameter [1] as [BIGINT] - [37]
2026-03-10 15:38:09 [INFO ] MealServiceImpl:42 - Fetching available meals
2026-03-10 15:38:09 [INFO ] MealServiceImpl:42 - Fetching available meals
2026-03-10 15:38:09 [DEBUG] SQL:144 - 
    select
        meal0_.meal_id as meal_id1_1_,
        meal0_.availability_status as availabi2_1_,
        meal0_.created_at as created_3_1_,
        meal0_.description as descript4_1_,
        meal0_.image as image5_1_,
        meal0_.image_content_type as image_co6_1_,
        meal0_.image_url as image_ur7_1_,
        meal0_.is_available as is_avail8_1_,
        meal0_.meal_name as meal_nam9_1_,
        meal0_.meal_type as meal_ty10_1_,
        meal0_.preparation_time as prepara11_1_,
        meal0_.price as price12_1_,
        meal0_.updated_at as updated13_1_ 
    from
        meals meal0_ 
    where
        meal0_.availability_status=1
2026-03-10 15:38:09 [DEBUG] SQL:144 - 
    select
        count(ticket0_.ticket_id) as col_0_0_ 
    from
        tickets ticket0_ 
    where
        ticket0_.user_id=? 
        and ticket0_.refund_status='PENDING'
2026-03-10 15:38:09 [TRACE] BasicBinder:64 - binding parameter [1] as [BIGINT] - [37]
2026-03-10 15:38:09 [DEBUG] SQL:144 - 
    select
        count(ticket0_.ticket_id) as col_0_0_ 
    from
        tickets ticket0_ 
    where
        ticket0_.user_id=? 
        and ticket0_.refund_status='PROCESSING'
2026-03-10 15:38:09 [TRACE] BasicBinder:64 - binding parameter [1] as [BIGINT] - [37]
2026-03-10 15:38:09 [DEBUG] SQL:144 - 
    select
        count(ticket0_.ticket_id) as col_0_0_ 
    from
        tickets ticket0_ 
    where
        ticket0_.user_id=? 
        and ticket0_.refund_status='COMPLETED'
2026-03-10 15:38:09 [TRACE] BasicBinder:64 - binding parameter [1] as [BIGINT] - [37]
2026-03-10 15:38:09 [DEBUG] DispatcherServlet:1131 - Completed 200 OK
2026-03-10 15:38:11 [DEBUG] DispatcherServlet:120 - GET "/RailEase/user/view-trains", parameters={}
2026-03-10 15:38:11 [DEBUG] RequestMappingHandlerMapping:522 - Mapped to com.railease.controller.UserController#viewTrains(Model, HttpSession)
2026-03-10 15:38:11 [INFO ] UserController:110 - Loaded 4 active trains
2026-03-10 15:38:11 [INFO ] UserController:110 - Loaded 4 active trains
2026-03-10 15:38:12 [DEBUG] DispatcherServlet:1131 - Completed 200 OK
2026-03-10 15:38:12 [DEBUG] DispatcherServlet:120 - GET "/RailEase/webjars/datatables/1.13.6/css/dataTables.bootstrap5.min.css", parameters={}
2026-03-10 15:38:12 [DEBUG] SimpleUrlHandlerMapping:522 - Mapped to ResourceHttpRequestHandler [ServletContext [/webjars/]]
2026-03-10 15:38:12 [DEBUG] ResourceHttpRequestHandler:560 - Resource not found
2026-03-10 15:38:12 [DEBUG] DispatcherServlet:1131 - Completed 404 NOT_FOUND
2026-03-10 15:38:12 [DEBUG] DispatcherServlet:120 - "ERROR" dispatch for GET "/RailEase/error", parameters={}
2026-03-10 15:38:12 [DEBUG] RequestMappingHandlerMapping:522 - Mapped to org.springframework.boot.autoconfigure.web.servlet.error.BasicErrorController#error(HttpServletRequest)
2026-03-10 15:38:12 [DEBUG] HttpEntityMethodProcessor:268 - Using 'application/json;q=0.1', given [text/css, */*;q=0.1] and supported [application/json, application/*+json, application/json, application/*+json]
2026-03-10 15:38:12 [DEBUG] HttpEntityMethodProcessor:120 - Writing [{timestamp=Tue Mar 10 15:38:12 IST 2026, status=404, error=Not Found, message=No message available,  (truncated)...]
2026-03-10 15:38:12 [DEBUG] DispatcherServlet:1127 - Exiting from "ERROR" dispatch, status 404
2026-03-10 15:38:25 [DEBUG] DispatcherServlet:120 - GET "/RailEase/user/book/5?classType=AC&journeyDate=", parameters={masked}
2026-03-10 15:38:25 [DEBUG] RequestMappingHandlerMapping:522 - Mapped to com.railease.controller.UserController#bookTicket(Integer, String, String, HttpSession, RedirectAttributes)
2026-03-10 15:38:25 [ERROR] UserController:429 - Error redirecting to booking: Text '' could not be parsed at index 0
2026-03-10 15:38:25 [ERROR] UserController:429 - Error redirecting to booking: Text '' could not be parsed at index 0
2026-03-10 15:38:25 [DEBUG] RedirectView:309 - View name 'redirect:', model {}
2026-03-10 15:38:25 [DEBUG] DispatcherServlet:1131 - Completed 302 FOUND
2026-03-10 15:38:25 [DEBUG] DispatcherServlet:120 - GET "/RailEase/user/train-details/5", parameters={}
2026-03-10 15:38:25 [DEBUG] RequestMappingHandlerMapping:522 - Mapped to com.railease.controller.UserController#trainDetails(Integer, String, Model, HttpSession)
2026-03-10 15:38:25 [DEBUG] TrainServiceImpl:53 - Fetching train by number: 5
2026-03-10 15:38:25 [DEBUG] TrainServiceImpl:53 - Fetching train by number: 5
2026-03-10 15:38:25 [DEBUG] SQL:144 - 
    select
        train0_.train_no as train_no1_6_0_,
        train0_.ac_fare as ac_fare2_6_0_,
        train0_.ac_seats as ac_seats3_6_0_,
        train0_.arrival_time as arrival_4_6_0_,
        train0_.available_seats as availabl5_6_0_,
        train0_.created_at as created_6_6_0_,
        train0_.departure_time as departur7_6_0_,
        train0_.destination as destinat8_6_0_,
        train0_.destination_station as destinat9_6_0_,
        train0_.general_fare as general10_6_0_,
        train0_.general_seats as general11_6_0_,
        train0_.is_active as is_acti12_6_0_,
        train0_.journey_date as journey13_6_0_,
        train0_.sleeper_fare as sleeper14_6_0_,
        train0_.sleeper_seats as sleeper15_6_0_,
        train0_.source as source16_6_0_,
        train0_.source_station as source_17_6_0_,
        train0_.ticket_price as ticket_18_6_0_,
        train0_.train_name as train_n19_6_0_,
        train0_.travel_date as travel_20_6_0_,
        train0_.updated_at as updated21_6_0_ 
    from
        trains train0_ 
    where
        train0_.train_no=?
2026-03-10 15:38:25 [TRACE] BasicBinder:64 - binding parameter [1] as [INTEGER] - [5]
2026-03-10 15:38:25 [INFO ] BookingServiceImpl:763 - Getting available seats for train: 5, class: GENERAL, date: 2026-03-10
2026-03-10 15:38:25 [INFO ] BookingServiceImpl:763 - Getting available seats for train: 5, class: GENERAL, date: 2026-03-10
2026-03-10 15:38:25 [DEBUG] SQL:144 - 
    select
        train0_.train_no as train_no1_6_0_,
        train0_.ac_fare as ac_fare2_6_0_,
        train0_.ac_seats as ac_seats3_6_0_,
        train0_.arrival_time as arrival_4_6_0_,
        train0_.available_seats as availabl5_6_0_,
        train0_.created_at as created_6_6_0_,
        train0_.departure_time as departur7_6_0_,
        train0_.destination as destinat8_6_0_,
        train0_.destination_station as destinat9_6_0_,
        train0_.general_fare as general10_6_0_,
        train0_.general_seats as general11_6_0_,
        train0_.is_active as is_acti12_6_0_,
        train0_.journey_date as journey13_6_0_,
        train0_.sleeper_fare as sleeper14_6_0_,
        train0_.sleeper_seats as sleeper15_6_0_,
        train0_.source as source16_6_0_,
        train0_.source_station as source_17_6_0_,
        train0_.ticket_price as ticket_18_6_0_,
        train0_.train_name as train_n19_6_0_,
        train0_.travel_date as travel_20_6_0_,
        train0_.updated_at as updated21_6_0_ 
    from
        trains train0_ 
    where
        train0_.train_no=?
2026-03-10 15:38:25 [TRACE] BasicBinder:64 - binding parameter [1] as [INTEGER] - [5]
2026-03-10 15:38:25 [DEBUG] SQL:144 - 
    select
        coalesce(sum(ticket0_.number_of_seats),
        0) as col_0_0_ 
    from
        tickets ticket0_ 
    where
        ticket0_.train_no=? 
        and ticket0_.journey_date=? 
        and ticket0_.class_type=? 
        and ticket0_.ticket_status<>'CANCELLED'
2026-03-10 15:38:25 [TRACE] BasicBinder:64 - binding parameter [1] as [INTEGER] - [5]
2026-03-10 15:38:25 [TRACE] BasicBinder:64 - binding parameter [2] as [DATE] - [2026-03-10]
2026-03-10 15:38:25 [TRACE] BasicBinder:64 - binding parameter [3] as [VARCHAR] - [GENERAL]
2026-03-10 15:38:25 [DEBUG] DispatcherServlet:1131 - Completed 200 OK
2026-03-10 15:39:02 [DEBUG] DispatcherServlet:120 - GET "/RailEase/booking/process?trainNo=5&classType=SLEEPER&journeyDate=2026-03-10", parameters={masked}
2026-03-10 15:39:02 [DEBUG] RequestMappingHandlerMapping:522 - Mapped to com.railease.controller.BookingController#showBookingForm(Integer, String, String, HttpSession, Model)
2026-03-10 15:39:02 [DEBUG] TrainServiceImpl:53 - Fetching train by number: 5
2026-03-10 15:39:02 [DEBUG] TrainServiceImpl:53 - Fetching train by number: 5
2026-03-10 15:39:02 [DEBUG] SQL:144 - 
    select
        train0_.train_no as train_no1_6_0_,
        train0_.ac_fare as ac_fare2_6_0_,
        train0_.ac_seats as ac_seats3_6_0_,
        train0_.arrival_time as arrival_4_6_0_,
        train0_.available_seats as availabl5_6_0_,
        train0_.created_at as created_6_6_0_,
        train0_.departure_time as departur7_6_0_,
        train0_.destination as destinat8_6_0_,
        train0_.destination_station as destinat9_6_0_,
        train0_.general_fare as general10_6_0_,
        train0_.general_seats as general11_6_0_,
        train0_.is_active as is_acti12_6_0_,
        train0_.journey_date as journey13_6_0_,
        train0_.sleeper_fare as sleeper14_6_0_,
        train0_.sleeper_seats as sleeper15_6_0_,
        train0_.source as source16_6_0_,
        train0_.source_station as source_17_6_0_,
        train0_.ticket_price as ticket_18_6_0_,
        train0_.train_name as train_n19_6_0_,
        train0_.travel_date as travel_20_6_0_,
        train0_.updated_at as updated21_6_0_ 
    from
        trains train0_ 
    where
        train0_.train_no=?
2026-03-10 15:39:02 [TRACE] BasicBinder:64 - binding parameter [1] as [INTEGER] - [5]
2026-03-10 15:39:02 [INFO ] BookingServiceImpl:763 - Getting available seats for train: 5, class: SLEEPER, date: 2026-03-10
2026-03-10 15:39:02 [INFO ] BookingServiceImpl:763 - Getting available seats for train: 5, class: SLEEPER, date: 2026-03-10
2026-03-10 15:39:02 [DEBUG] SQL:144 - 
    select
        train0_.train_no as train_no1_6_0_,
        train0_.ac_fare as ac_fare2_6_0_,
        train0_.ac_seats as ac_seats3_6_0_,
        train0_.arrival_time as arrival_4_6_0_,
        train0_.available_seats as availabl5_6_0_,
        train0_.created_at as created_6_6_0_,
        train0_.departure_time as departur7_6_0_,
        train0_.destination as destinat8_6_0_,
        train0_.destination_station as destinat9_6_0_,
        train0_.general_fare as general10_6_0_,
        train0_.general_seats as general11_6_0_,
        train0_.is_active as is_acti12_6_0_,
        train0_.journey_date as journey13_6_0_,
        train0_.sleeper_fare as sleeper14_6_0_,
        train0_.sleeper_seats as sleeper15_6_0_,
        train0_.source as source16_6_0_,
        train0_.source_station as source_17_6_0_,
        train0_.ticket_price as ticket_18_6_0_,
        train0_.train_name as train_n19_6_0_,
        train0_.travel_date as travel_20_6_0_,
        train0_.updated_at as updated21_6_0_ 
    from
        trains train0_ 
    where
        train0_.train_no=?
2026-03-10 15:39:02 [TRACE] BasicBinder:64 - binding parameter [1] as [INTEGER] - [5]
2026-03-10 15:39:02 [DEBUG] SQL:144 - 
    select
        coalesce(sum(ticket0_.number_of_seats),
        0) as col_0_0_ 
    from
        tickets ticket0_ 
    where
        ticket0_.train_no=? 
        and ticket0_.journey_date=? 
        and ticket0_.class_type=? 
        and ticket0_.ticket_status<>'CANCELLED'
2026-03-10 15:39:02 [TRACE] BasicBinder:64 - binding parameter [1] as [INTEGER] - [5]
2026-03-10 15:39:02 [TRACE] BasicBinder:64 - binding parameter [2] as [DATE] - [2026-03-10]
2026-03-10 15:39:02 [TRACE] BasicBinder:64 - binding parameter [3] as [VARCHAR] - [SLEEPER]
2026-03-10 15:39:03 [DEBUG] DispatcherServlet:1131 - Completed 200 OK
2026-03-10 15:39:20 [DEBUG] DispatcherServlet:120 - POST "/RailEase/booking/confirm", parameters={masked}
2026-03-10 15:39:20 [DEBUG] RequestMappingHandlerMapping:522 - Mapped to com.railease.controller.BookingController#confirmBooking(Integer, String, Integer, String, String, Integer, String, HttpSession, RedirectAttributes)
2026-03-10 15:39:20 [INFO ] BookingServiceImpl:763 - Getting available seats for train: 5, class: SLEEPER,AC, date: 2026-03-10
2026-03-10 15:39:20 [INFO ] BookingServiceImpl:763 - Getting available seats for train: 5, class: SLEEPER,AC, date: 2026-03-10
2026-03-10 15:39:20 [DEBUG] SQL:144 - 
    select
        train0_.train_no as train_no1_6_0_,
        train0_.ac_fare as ac_fare2_6_0_,
        train0_.ac_seats as ac_seats3_6_0_,
        train0_.arrival_time as arrival_4_6_0_,
        train0_.available_seats as availabl5_6_0_,
        train0_.created_at as created_6_6_0_,
        train0_.departure_time as departur7_6_0_,
        train0_.destination as destinat8_6_0_,
        train0_.destination_station as destinat9_6_0_,
        train0_.general_fare as general10_6_0_,
        train0_.general_seats as general11_6_0_,
        train0_.is_active as is_acti12_6_0_,
        train0_.journey_date as journey13_6_0_,
        train0_.sleeper_fare as sleeper14_6_0_,
        train0_.sleeper_seats as sleeper15_6_0_,
        train0_.source as source16_6_0_,
        train0_.source_station as source_17_6_0_,
        train0_.ticket_price as ticket_18_6_0_,
        train0_.train_name as train_n19_6_0_,
        train0_.travel_date as travel_20_6_0_,
        train0_.updated_at as updated21_6_0_ 
    from
        trains train0_ 
    where
        train0_.train_no=?
2026-03-10 15:39:20 [TRACE] BasicBinder:64 - binding parameter [1] as [INTEGER] - [5]
2026-03-10 15:39:20 [DEBUG] SQL:144 - 
    select
        coalesce(sum(ticket0_.number_of_seats),
        0) as col_0_0_ 
    from
        tickets ticket0_ 
    where
        ticket0_.train_no=? 
        and ticket0_.journey_date=? 
        and ticket0_.class_type=? 
        and ticket0_.ticket_status<>'CANCELLED'
2026-03-10 15:39:20 [TRACE] BasicBinder:64 - binding parameter [1] as [INTEGER] - [5]
2026-03-10 15:39:20 [TRACE] BasicBinder:64 - binding parameter [2] as [DATE] - [2026-03-10]
2026-03-10 15:39:20 [TRACE] BasicBinder:64 - binding parameter [3] as [VARCHAR] - [SLEEPER,AC]
2026-03-10 15:39:20 [INFO ] BookingServiceImpl:48 - Creating ticket for user: 37, train: 5
2026-03-10 15:39:20 [INFO ] BookingServiceImpl:48 - Creating ticket for user: 37, train: 5
2026-03-10 15:39:20 [DEBUG] SQL:144 - 
    select
        user0_.user_id as user_id1_8_0_,
        user0_.created_at as created_2_8_0_,
        user0_.email as email3_8_0_,
        user0_.full_name as full_nam4_8_0_,
        user0_.is_enabled as is_enabl5_8_0_,
        user0_.last_login as last_log6_8_0_,
        user0_.mobile_number as mobile_n7_8_0_,
        user0_.password as password8_8_0_,
        user0_.profile_photo as profile_9_8_0_,
        user0_.profile_photo_content_type as profile10_8_0_,
        user0_.role as role11_8_0_,
        user0_.session_id as session12_8_0_,
        user0_.updated_at as updated13_8_0_,
        user0_.username as usernam14_8_0_ 
    from
        users user0_ 
    where
        user0_.user_id=?
2026-03-10 15:39:20 [TRACE] BasicBinder:64 - binding parameter [1] as [BIGINT] - [37]
2026-03-10 15:39:20 [DEBUG] SQL:144 - 
    select
        userprofil0_.profile_id as profile_1_7_0_,
        userprofil0_.address as address2_7_0_,
        userprofil0_.city as city3_7_0_,
        userprofil0_.date_of_birth as date_of_4_7_0_,
        userprofil0_.gender as gender5_7_0_,
        userprofil0_.id as id6_7_0_,
        userprofil0_.occupation as occupati7_7_0_,
        userprofil0_.pincode as pincode8_7_0_,
        userprofil0_.state as state9_7_0_,
        userprofil0_.user_id as user_id10_7_0_ 
    from
        user_profiles userprofil0_ 
    where
        userprofil0_.user_id=?
2026-03-10 15:39:20 [TRACE] BasicBinder:64 - binding parameter [1] as [BIGINT] - [37]
2026-03-10 15:39:20 [INFO ] BookingServiceImpl:763 - Getting available seats for train: 5, class: SLEEPER,AC, date: 2026-03-10
2026-03-10 15:39:20 [INFO ] BookingServiceImpl:763 - Getting available seats for train: 5, class: SLEEPER,AC, date: 2026-03-10
2026-03-10 15:39:20 [DEBUG] SQL:144 - 
    select
        coalesce(sum(ticket0_.number_of_seats),
        0) as col_0_0_ 
    from
        tickets ticket0_ 
    where
        ticket0_.train_no=? 
        and ticket0_.journey_date=? 
        and ticket0_.class_type=? 
        and ticket0_.ticket_status<>'CANCELLED'
2026-03-10 15:39:20 [TRACE] BasicBinder:64 - binding parameter [1] as [INTEGER] - [5]
2026-03-10 15:39:20 [TRACE] BasicBinder:64 - binding parameter [2] as [DATE] - [2026-03-10]
2026-03-10 15:39:20 [TRACE] BasicBinder:64 - binding parameter [3] as [VARCHAR] - [SLEEPER,AC]
2026-03-10 15:39:20 [DEBUG] SQL:144 - 
    select
        ticket0_.ticket_id as ticket_i1_4_0_,
        ticket0_.booking_date as booking_2_4_0_,
        ticket0_.booking_status as booking_3_4_0_,
        ticket0_.cancellation_charges as cancella4_4_0_,
        ticket0_.cancellation_date as cancella5_4_0_,
        ticket0_.cancellation_reason as cancella6_4_0_,
        ticket0_.cancellation_requested_date as cancella7_4_0_,
        ticket0_.class_type as class_ty8_4_0_,
        ticket0_.destination_station as destinat9_4_0_,
        ticket0_.journey_date as journey10_4_0_,
        ticket0_.meal_id as meal_id11_4_0_,
        ticket0_.meal_quantity as meal_qu12_4_0_,
        ticket0_.number_of_seats as number_13_4_0_,
        ticket0_.passenger_age as passeng14_4_0_,
        ticket0_.passenger_gender as passeng15_4_0_,
        ticket0_.passenger_name as passeng16_4_0_,
        ticket0_.payment_id as payment17_4_0_,
        ticket0_.payment_method as payment18_4_0_,
        ticket0_.payment_status as payment19_4_0_,
        ticket0_.refund_amount as refund_20_4_0_,
        ticket0_.refund_date as refund_21_4_0_,
        ticket0_.refund_percentage as refund_22_4_0_,
        ticket0_.refund_processed_date as refund_23_4_0_,
        ticket0_.refund_status as refund_24_4_0_,
        ticket0_.refund_transaction_id as refund_25_4_0_,
        ticket0_.source_station as source_26_4_0_,
        ticket0_.ticket_status as ticket_27_4_0_,
        ticket0_.total_fare as total_f28_4_0_,
        ticket0_.train_no as train_n29_4_0_,
        ticket0_.user_id as user_id30_4_0_ 
    from
        tickets ticket0_ 
    where
        ticket0_.ticket_id=?
2026-03-10 15:39:20 [TRACE] BasicBinder:64 - binding parameter [1] as [VARCHAR] - [TK2026031061761000]
2026-03-10 15:39:20 [INFO ] BookingServiceImpl:112 - Ticket created successfully with ID: TK2026031061761000
2026-03-10 15:39:20 [INFO ] BookingServiceImpl:112 - Ticket created successfully with ID: TK2026031061761000
2026-03-10 15:39:20 [DEBUG] SQL:144 - 
    insert 
    into
        tickets
        (booking_date, booking_status, cancellation_charges, cancellation_date, cancellation_reason, cancellation_requested_date, class_type, destination_station, journey_date, meal_id, meal_quantity, number_of_seats, passenger_age, passenger_gender, passenger_name, payment_id, payment_method, payment_status, refund_amount, refund_date, refund_percentage, refund_processed_date, refund_status, refund_transaction_id, source_station, ticket_status, total_fare, train_no, user_id, ticket_id) 
    values
        (?, ?, ?, ?, ?, ?, ?, ?, ?, ?, ?, ?, ?, ?, ?, ?, ?, ?, ?, ?, ?, ?, ?, ?, ?, ?, ?, ?, ?, ?)
2026-03-10 15:39:20 [TRACE] BasicBinder:64 - binding parameter [1] as [TIMESTAMP] - [2026-03-10T15:39:20.111822300]
2026-03-10 15:39:20 [TRACE] BasicBinder:64 - binding parameter [2] as [VARCHAR] - [PENDING]
2026-03-10 15:39:20 [TRACE] BasicBinder:52 - binding parameter [3] as [DOUBLE] - [null]
2026-03-10 15:39:20 [TRACE] BasicBinder:52 - binding parameter [4] as [TIMESTAMP] - [null]
2026-03-10 15:39:20 [TRACE] BasicBinder:52 - binding parameter [5] as [VARCHAR] - [null]
2026-03-10 15:39:20 [TRACE] BasicBinder:52 - binding parameter [6] as [TIMESTAMP] - [null]
2026-03-10 15:39:20 [TRACE] BasicBinder:64 - binding parameter [7] as [VARCHAR] - [SLEEPER,AC]
2026-03-10 15:39:20 [TRACE] BasicBinder:64 - binding parameter [8] as [VARCHAR] - [Ahmedabad]
2026-03-10 15:39:20 [TRACE] BasicBinder:64 - binding parameter [9] as [DATE] - [2026-03-10]
2026-03-10 15:39:20 [TRACE] BasicBinder:52 - binding parameter [10] as [BIGINT] - [null]
2026-03-10 15:39:20 [TRACE] BasicBinder:52 - binding parameter [11] as [INTEGER] - [null]
2026-03-10 15:39:20 [TRACE] BasicBinder:64 - binding parameter [12] as [INTEGER] - [1]
2026-03-10 15:39:20 [TRACE] BasicBinder:64 - binding parameter [13] as [INTEGER] - [22]
2026-03-10 15:39:20 [TRACE] BasicBinder:64 - binding parameter [14] as [VARCHAR] - [FEMALE]
2026-03-10 15:39:20 [TRACE] BasicBinder:64 - binding parameter [15] as [VARCHAR] - [Shivangi Kamadiya]
2026-03-10 15:39:20 [TRACE] BasicBinder:52 - binding parameter [16] as [VARCHAR] - [null]
2026-03-10 15:39:20 [TRACE] BasicBinder:52 - binding parameter [17] as [VARCHAR] - [null]
2026-03-10 15:39:20 [TRACE] BasicBinder:64 - binding parameter [18] as [VARCHAR] - [PENDING]
2026-03-10 15:39:20 [TRACE] BasicBinder:52 - binding parameter [19] as [DOUBLE] - [null]
2026-03-10 15:39:20 [TRACE] BasicBinder:52 - binding parameter [20] as [TIMESTAMP] - [null]
2026-03-10 15:39:20 [TRACE] BasicBinder:52 - binding parameter [21] as [DOUBLE] - [null]
2026-03-10 15:39:20 [TRACE] BasicBinder:52 - binding parameter [22] as [TIMESTAMP] - [null]
2026-03-10 15:39:20 [TRACE] BasicBinder:52 - binding parameter [23] as [VARCHAR] - [null]
2026-03-10 15:39:20 [TRACE] BasicBinder:52 - binding parameter [24] as [VARCHAR] - [null]
2026-03-10 15:39:20 [TRACE] BasicBinder:64 - binding parameter [25] as [VARCHAR] - [Bhuj]
2026-03-10 15:39:20 [TRACE] BasicBinder:64 - binding parameter [26] as [VARCHAR] - [PENDING]
2026-03-10 15:39:20 [TRACE] BasicBinder:64 - binding parameter [27] as [DOUBLE] - [1050.0]
2026-03-10 15:39:20 [TRACE] BasicBinder:64 - binding parameter [28] as [INTEGER] - [5]
2026-03-10 15:39:20 [TRACE] BasicBinder:64 - binding parameter [29] as [BIGINT] - [37]
2026-03-10 15:39:20 [TRACE] BasicBinder:64 - binding parameter [30] as [VARCHAR] - [TK2026031061761000]
2026-03-10 15:39:20 [DEBUG] RedirectView:309 - View name 'redirect:', model {}
2026-03-10 15:39:20 [DEBUG] DispatcherServlet:1131 - Completed 302 FOUND
2026-03-10 15:39:20 [DEBUG] DispatcherServlet:120 - GET "/RailEase/booking/payment/TK2026031061761000", parameters={}
2026-03-10 15:39:20 [DEBUG] RequestMappingHandlerMapping:522 - Mapped to com.railease.controller.BookingController#showPaymentPage(String, HttpSession, Model)
2026-03-10 15:39:20 [DEBUG] SQL:144 - 
    select
        ticket0_.ticket_id as ticket_i1_4_0_,
        train1_.train_no as train_no1_6_1_,
        user2_.user_id as user_id1_8_2_,
        ticket0_.booking_date as booking_2_4_0_,
        ticket0_.booking_status as booking_3_4_0_,
        ticket0_.cancellation_charges as cancella4_4_0_,
        ticket0_.cancellation_date as cancella5_4_0_,
        ticket0_.cancellation_reason as cancella6_4_0_,
        ticket0_.cancellation_requested_date as cancella7_4_0_,
        ticket0_.class_type as class_ty8_4_0_,
        ticket0_.destination_station as destinat9_4_0_,
        ticket0_.journey_date as journey10_4_0_,
        ticket0_.meal_id as meal_id11_4_0_,
        ticket0_.meal_quantity as meal_qu12_4_0_,
        ticket0_.number_of_seats as number_13_4_0_,
        ticket0_.passenger_age as passeng14_4_0_,
        ticket0_.passenger_gender as passeng15_4_0_,
        ticket0_.passenger_name as passeng16_4_0_,
        ticket0_.payment_id as payment17_4_0_,
        ticket0_.payment_method as payment18_4_0_,
        ticket0_.payment_status as payment19_4_0_,
        ticket0_.refund_amount as refund_20_4_0_,
        ticket0_.refund_date as refund_21_4_0_,
        ticket0_.refund_percentage as refund_22_4_0_,
        ticket0_.refund_processed_date as refund_23_4_0_,
        ticket0_.refund_status as refund_24_4_0_,
        ticket0_.refund_transaction_id as refund_25_4_0_,
        ticket0_.source_station as source_26_4_0_,
        ticket0_.ticket_status as ticket_27_4_0_,
        ticket0_.total_fare as total_f28_4_0_,
        ticket0_.train_no as train_n29_4_0_,
        ticket0_.user_id as user_id30_4_0_,
        train1_.ac_fare as ac_fare2_6_1_,
        train1_.ac_seats as ac_seats3_6_1_,
        train1_.arrival_time as arrival_4_6_1_,
        train1_.available_seats as availabl5_6_1_,
        train1_.created_at as created_6_6_1_,
        train1_.departure_time as departur7_6_1_,
        train1_.destination as destinat8_6_1_,
        train1_.destination_station as destinat9_6_1_,
        train1_.general_fare as general10_6_1_,
        train1_.general_seats as general11_6_1_,
        train1_.is_active as is_acti12_6_1_,
        train1_.journey_date as journey13_6_1_,
        train1_.sleeper_fare as sleeper14_6_1_,
        train1_.sleeper_seats as sleeper15_6_1_,
        train1_.source as source16_6_1_,
        train1_.source_station as source_17_6_1_,
        train1_.ticket_price as ticket_18_6_1_,
        train1_.train_name as train_n19_6_1_,
        train1_.travel_date as travel_20_6_1_,
        train1_.updated_at as updated21_6_1_,
        user2_.created_at as created_2_8_2_,
        user2_.email as email3_8_2_,
        user2_.full_name as full_nam4_8_2_,
        user2_.is_enabled as is_enabl5_8_2_,
        user2_.last_login as last_log6_8_2_,
        user2_.mobile_number as mobile_n7_8_2_,
        user2_.password as password8_8_2_,
        user2_.profile_photo as profile_9_8_2_,
        user2_.profile_photo_content_type as profile10_8_2_,
        user2_.role as role11_8_2_,
        user2_.session_id as session12_8_2_,
        user2_.updated_at as updated13_8_2_,
        user2_.username as usernam14_8_2_ 
    from
        tickets ticket0_ 
    left outer join
        trains train1_ 
            on ticket0_.train_no=train1_.train_no 
    left outer join
        users user2_ 
            on ticket0_.user_id=user2_.user_id 
    where
        ticket0_.ticket_id=?
2026-03-10 15:39:20 [TRACE] BasicBinder:64 - binding parameter [1] as [VARCHAR] - [TK2026031061761000]
2026-03-10 15:39:20 [DEBUG] SQL:144 - 
    select
        userprofil0_.profile_id as profile_1_7_0_,
        userprofil0_.address as address2_7_0_,
        userprofil0_.city as city3_7_0_,
        userprofil0_.date_of_birth as date_of_4_7_0_,
        userprofil0_.gender as gender5_7_0_,
        userprofil0_.id as id6_7_0_,
        userprofil0_.occupation as occupati7_7_0_,
        userprofil0_.pincode as pincode8_7_0_,
        userprofil0_.state as state9_7_0_,
        userprofil0_.user_id as user_id10_7_0_ 
    from
        user_profiles userprofil0_ 
    where
        userprofil0_.user_id=?
2026-03-10 15:39:20 [TRACE] BasicBinder:64 - binding parameter [1] as [BIGINT] - [37]
2026-03-10 15:39:20 [DEBUG] DispatcherServlet:1131 - Completed 200 OK
2026-03-10 15:53:54 [DEBUG] DispatcherServlet:120 - GET "/RailEase/user/dashboard", parameters={}
2026-03-10 15:53:54 [DEBUG] RequestMappingHandlerMapping:522 - Mapped to com.railease.controller.UserController#dashboard(HttpSession, Model)
2026-03-10 15:53:54 [DEBUG] SQL:144 - 
    select
        count(ticket0_.ticket_id) as col_0_0_ 
    from
        tickets ticket0_ 
    where
        ticket0_.user_id=?
2026-03-10 15:53:54 [TRACE] BasicBinder:64 - binding parameter [1] as [BIGINT] - [37]
2026-03-10 15:53:54 [DEBUG] SQL:144 - 
    select
        count(ticket0_.ticket_id) as col_0_0_ 
    from
        tickets ticket0_ 
    where
        ticket0_.user_id=? 
        and ticket0_.journey_date>=CURRENT_DATE 
        and ticket0_.ticket_status='CONFIRMED'
2026-03-10 15:53:54 [TRACE] BasicBinder:64 - binding parameter [1] as [BIGINT] - [37]
2026-03-10 15:53:54 [INFO ] BookingServiceImpl:752 - Calculating total spent for user: 37
2026-03-10 15:53:54 [INFO ] BookingServiceImpl:752 - Calculating total spent for user: 37
2026-03-10 15:53:54 [DEBUG] SQL:144 - 
    select
        user0_.user_id as user_id1_8_0_,
        user0_.created_at as created_2_8_0_,
        user0_.email as email3_8_0_,
        user0_.full_name as full_nam4_8_0_,
        user0_.is_enabled as is_enabl5_8_0_,
        user0_.last_login as last_log6_8_0_,
        user0_.mobile_number as mobile_n7_8_0_,
        user0_.password as password8_8_0_,
        user0_.profile_photo as profile_9_8_0_,
        user0_.profile_photo_content_type as profile10_8_0_,
        user0_.role as role11_8_0_,
        user0_.session_id as session12_8_0_,
        user0_.updated_at as updated13_8_0_,
        user0_.username as usernam14_8_0_ 
    from
        users user0_ 
    where
        user0_.user_id=?
2026-03-10 15:53:54 [TRACE] BasicBinder:64 - binding parameter [1] as [BIGINT] - [37]
2026-03-10 15:53:54 [DEBUG] SQL:144 - 
    select
        userprofil0_.profile_id as profile_1_7_0_,
        userprofil0_.address as address2_7_0_,
        userprofil0_.city as city3_7_0_,
        userprofil0_.date_of_birth as date_of_4_7_0_,
        userprofil0_.gender as gender5_7_0_,
        userprofil0_.id as id6_7_0_,
        userprofil0_.occupation as occupati7_7_0_,
        userprofil0_.pincode as pincode8_7_0_,
        userprofil0_.state as state9_7_0_,
        userprofil0_.user_id as user_id10_7_0_ 
    from
        user_profiles userprofil0_ 
    where
        userprofil0_.user_id=?
2026-03-10 15:53:54 [TRACE] BasicBinder:64 - binding parameter [1] as [BIGINT] - [37]
2026-03-10 15:53:54 [DEBUG] SQL:144 - 
    select
        ticket0_.ticket_id as ticket_i1_4_0_,
        train1_.train_no as train_no1_6_1_,
        ticket0_.booking_date as booking_2_4_0_,
        ticket0_.booking_status as booking_3_4_0_,
        ticket0_.cancellation_charges as cancella4_4_0_,
        ticket0_.cancellation_date as cancella5_4_0_,
        ticket0_.cancellation_reason as cancella6_4_0_,
        ticket0_.cancellation_requested_date as cancella7_4_0_,
        ticket0_.class_type as class_ty8_4_0_,
        ticket0_.destination_station as destinat9_4_0_,
        ticket0_.journey_date as journey10_4_0_,
        ticket0_.meal_id as meal_id11_4_0_,
        ticket0_.meal_quantity as meal_qu12_4_0_,
        ticket0_.number_of_seats as number_13_4_0_,
        ticket0_.passenger_age as passeng14_4_0_,
        ticket0_.passenger_gender as passeng15_4_0_,
        ticket0_.passenger_name as passeng16_4_0_,
        ticket0_.payment_id as payment17_4_0_,
        ticket0_.payment_method as payment18_4_0_,
        ticket0_.payment_status as payment19_4_0_,
        ticket0_.refund_amount as refund_20_4_0_,
        ticket0_.refund_date as refund_21_4_0_,
        ticket0_.refund_percentage as refund_22_4_0_,
        ticket0_.refund_processed_date as refund_23_4_0_,
        ticket0_.refund_status as refund_24_4_0_,
        ticket0_.refund_transaction_id as refund_25_4_0_,
        ticket0_.source_station as source_26_4_0_,
        ticket0_.ticket_status as ticket_27_4_0_,
        ticket0_.total_fare as total_f28_4_0_,
        ticket0_.train_no as train_n29_4_0_,
        ticket0_.user_id as user_id30_4_0_,
        train1_.ac_fare as ac_fare2_6_1_,
        train1_.ac_seats as ac_seats3_6_1_,
        train1_.arrival_time as arrival_4_6_1_,
        train1_.available_seats as availabl5_6_1_,
        train1_.created_at as created_6_6_1_,
        train1_.departure_time as departur7_6_1_,
        train1_.destination as destinat8_6_1_,
        train1_.destination_station as destinat9_6_1_,
        train1_.general_fare as general10_6_1_,
        train1_.general_seats as general11_6_1_,
        train1_.is_active as is_acti12_6_1_,
        train1_.journey_date as journey13_6_1_,
        train1_.sleeper_fare as sleeper14_6_1_,
        train1_.sleeper_seats as sleeper15_6_1_,
        train1_.source as source16_6_1_,
        train1_.source_station as source_17_6_1_,
        train1_.ticket_price as ticket_18_6_1_,
        train1_.train_name as train_n19_6_1_,
        train1_.travel_date as travel_20_6_1_,
        train1_.updated_at as updated21_6_1_ 
    from
        tickets ticket0_ 
    left outer join
        trains train1_ 
            on ticket0_.train_no=train1_.train_no 
    where
        ticket0_.user_id=? 
    order by
        ticket0_.booking_date DESC
2026-03-10 15:53:54 [TRACE] BasicBinder:64 - binding parameter [1] as [BIGINT] - [37]
2026-03-10 15:53:54 [DEBUG] SQL:144 - 
    select
        user0_.user_id as user_id1_8_0_,
        user0_.created_at as created_2_8_0_,
        user0_.email as email3_8_0_,
        user0_.full_name as full_nam4_8_0_,
        user0_.is_enabled as is_enabl5_8_0_,
        user0_.last_login as last_log6_8_0_,
        user0_.mobile_number as mobile_n7_8_0_,
        user0_.password as password8_8_0_,
        user0_.profile_photo as profile_9_8_0_,
        user0_.profile_photo_content_type as profile10_8_0_,
        user0_.role as role11_8_0_,
        user0_.session_id as session12_8_0_,
        user0_.updated_at as updated13_8_0_,
        user0_.username as usernam14_8_0_ 
    from
        users user0_ 
    where
        user0_.user_id=?
2026-03-10 15:53:54 [TRACE] BasicBinder:64 - binding parameter [1] as [BIGINT] - [37]
2026-03-10 15:53:54 [DEBUG] SQL:144 - 
    select
        userprofil0_.profile_id as profile_1_7_0_,
        userprofil0_.address as address2_7_0_,
        userprofil0_.city as city3_7_0_,
        userprofil0_.date_of_birth as date_of_4_7_0_,
        userprofil0_.gender as gender5_7_0_,
        userprofil0_.id as id6_7_0_,
        userprofil0_.occupation as occupati7_7_0_,
        userprofil0_.pincode as pincode8_7_0_,
        userprofil0_.state as state9_7_0_,
        userprofil0_.user_id as user_id10_7_0_ 
    from
        user_profiles userprofil0_ 
    where
        userprofil0_.user_id=?
2026-03-10 15:53:54 [TRACE] BasicBinder:64 - binding parameter [1] as [BIGINT] - [37]
2026-03-10 15:53:54 [DEBUG] SQL:144 - 
    select
        ticket0_.ticket_id as ticket_i1_4_0_,
        train1_.train_no as train_no1_6_1_,
        ticket0_.booking_date as booking_2_4_0_,
        ticket0_.booking_status as booking_3_4_0_,
        ticket0_.cancellation_charges as cancella4_4_0_,
        ticket0_.cancellation_date as cancella5_4_0_,
        ticket0_.cancellation_reason as cancella6_4_0_,
        ticket0_.cancellation_requested_date as cancella7_4_0_,
        ticket0_.class_type as class_ty8_4_0_,
        ticket0_.destination_station as destinat9_4_0_,
        ticket0_.journey_date as journey10_4_0_,
        ticket0_.meal_id as meal_id11_4_0_,
        ticket0_.meal_quantity as meal_qu12_4_0_,
        ticket0_.number_of_seats as number_13_4_0_,
        ticket0_.passenger_age as passeng14_4_0_,
        ticket0_.passenger_gender as passeng15_4_0_,
        ticket0_.passenger_name as passeng16_4_0_,
        ticket0_.payment_id as payment17_4_0_,
        ticket0_.payment_method as payment18_4_0_,
        ticket0_.payment_status as payment19_4_0_,
        ticket0_.refund_amount as refund_20_4_0_,
        ticket0_.refund_date as refund_21_4_0_,
        ticket0_.refund_percentage as refund_22_4_0_,
        ticket0_.refund_processed_date as refund_23_4_0_,
        ticket0_.refund_status as refund_24_4_0_,
        ticket0_.refund_transaction_id as refund_25_4_0_,
        ticket0_.source_station as source_26_4_0_,
        ticket0_.ticket_status as ticket_27_4_0_,
        ticket0_.total_fare as total_f28_4_0_,
        ticket0_.train_no as train_n29_4_0_,
        ticket0_.user_id as user_id30_4_0_,
        train1_.ac_fare as ac_fare2_6_1_,
        train1_.ac_seats as ac_seats3_6_1_,
        train1_.arrival_time as arrival_4_6_1_,
        train1_.available_seats as availabl5_6_1_,
        train1_.created_at as created_6_6_1_,
        train1_.departure_time as departur7_6_1_,
        train1_.destination as destinat8_6_1_,
        train1_.destination_station as destinat9_6_1_,
        train1_.general_fare as general10_6_1_,
        train1_.general_seats as general11_6_1_,
        train1_.is_active as is_acti12_6_1_,
        train1_.journey_date as journey13_6_1_,
        train1_.sleeper_fare as sleeper14_6_1_,
        train1_.sleeper_seats as sleeper15_6_1_,
        train1_.source as source16_6_1_,
        train1_.source_station as source_17_6_1_,
        train1_.ticket_price as ticket_18_6_1_,
        train1_.train_name as train_n19_6_1_,
        train1_.travel_date as travel_20_6_1_,
        train1_.updated_at as updated21_6_1_ 
    from
        tickets ticket0_ 
    left outer join
        trains train1_ 
            on ticket0_.train_no=train1_.train_no 
    where
        ticket0_.user_id=? 
    order by
        ticket0_.booking_date DESC limit ?
2026-03-10 15:53:54 [TRACE] BasicBinder:64 - binding parameter [1] as [BIGINT] - [37]
2026-03-10 15:53:54 [INFO ] BookingServiceImpl:170 - Fetching active bookings for user: 37
2026-03-10 15:53:54 [INFO ] BookingServiceImpl:170 - Fetching active bookings for user: 37
2026-03-10 15:53:54 [DEBUG] SQL:144 - 
    select
        ticket0_.ticket_id as ticket_i1_4_0_,
        train1_.train_no as train_no1_6_1_,
        ticket0_.booking_date as booking_2_4_0_,
        ticket0_.booking_status as booking_3_4_0_,
        ticket0_.cancellation_charges as cancella4_4_0_,
        ticket0_.cancellation_date as cancella5_4_0_,
        ticket0_.cancellation_reason as cancella6_4_0_,
        ticket0_.cancellation_requested_date as cancella7_4_0_,
        ticket0_.class_type as class_ty8_4_0_,
        ticket0_.destination_station as destinat9_4_0_,
        ticket0_.journey_date as journey10_4_0_,
        ticket0_.meal_id as meal_id11_4_0_,
        ticket0_.meal_quantity as meal_qu12_4_0_,
        ticket0_.number_of_seats as number_13_4_0_,
        ticket0_.passenger_age as passeng14_4_0_,
        ticket0_.passenger_gender as passeng15_4_0_,
        ticket0_.passenger_name as passeng16_4_0_,
        ticket0_.payment_id as payment17_4_0_,
        ticket0_.payment_method as payment18_4_0_,
        ticket0_.payment_status as payment19_4_0_,
        ticket0_.refund_amount as refund_20_4_0_,
        ticket0_.refund_date as refund_21_4_0_,
        ticket0_.refund_percentage as refund_22_4_0_,
        ticket0_.refund_processed_date as refund_23_4_0_,
        ticket0_.refund_status as refund_24_4_0_,
        ticket0_.refund_transaction_id as refund_25_4_0_,
        ticket0_.source_station as source_26_4_0_,
        ticket0_.ticket_status as ticket_27_4_0_,
        ticket0_.total_fare as total_f28_4_0_,
        ticket0_.train_no as train_n29_4_0_,
        ticket0_.user_id as user_id30_4_0_,
        train1_.ac_fare as ac_fare2_6_1_,
        train1_.ac_seats as ac_seats3_6_1_,
        train1_.arrival_time as arrival_4_6_1_,
        train1_.available_seats as availabl5_6_1_,
        train1_.created_at as created_6_6_1_,
        train1_.departure_time as departur7_6_1_,
        train1_.destination as destinat8_6_1_,
        train1_.destination_station as destinat9_6_1_,
        train1_.general_fare as general10_6_1_,
        train1_.general_seats as general11_6_1_,
        train1_.is_active as is_acti12_6_1_,
        train1_.journey_date as journey13_6_1_,
        train1_.sleeper_fare as sleeper14_6_1_,
        train1_.sleeper_seats as sleeper15_6_1_,
        train1_.source as source16_6_1_,
        train1_.source_station as source_17_6_1_,
        train1_.ticket_price as ticket_18_6_1_,
        train1_.train_name as train_n19_6_1_,
        train1_.travel_date as travel_20_6_1_,
        train1_.updated_at as updated21_6_1_ 
    from
        tickets ticket0_ 
    left outer join
        trains train1_ 
            on ticket0_.train_no=train1_.train_no 
    where
        ticket0_.user_id=? 
        and ticket0_.journey_date>=CURRENT_DATE 
        and ticket0_.ticket_status='CONFIRMED'
2026-03-10 15:53:54 [TRACE] BasicBinder:64 - binding parameter [1] as [BIGINT] - [37]
2026-03-10 15:53:54 [INFO ] BookingServiceImpl:176 - Fetching past bookings for user: 37
2026-03-10 15:53:54 [INFO ] BookingServiceImpl:176 - Fetching past bookings for user: 37
2026-03-10 15:53:54 [DEBUG] SQL:144 - 
    select
        ticket0_.ticket_id as ticket_i1_4_0_,
        train1_.train_no as train_no1_6_1_,
        ticket0_.booking_date as booking_2_4_0_,
        ticket0_.booking_status as booking_3_4_0_,
        ticket0_.cancellation_charges as cancella4_4_0_,
        ticket0_.cancellation_date as cancella5_4_0_,
        ticket0_.cancellation_reason as cancella6_4_0_,
        ticket0_.cancellation_requested_date as cancella7_4_0_,
        ticket0_.class_type as class_ty8_4_0_,
        ticket0_.destination_station as destinat9_4_0_,
        ticket0_.journey_date as journey10_4_0_,
        ticket0_.meal_id as meal_id11_4_0_,
        ticket0_.meal_quantity as meal_qu12_4_0_,
        ticket0_.number_of_seats as number_13_4_0_,
        ticket0_.passenger_age as passeng14_4_0_,
        ticket0_.passenger_gender as passeng15_4_0_,
        ticket0_.passenger_name as passeng16_4_0_,
        ticket0_.payment_id as payment17_4_0_,
        ticket0_.payment_method as payment18_4_0_,
        ticket0_.payment_status as payment19_4_0_,
        ticket0_.refund_amount as refund_20_4_0_,
        ticket0_.refund_date as refund_21_4_0_,
        ticket0_.refund_percentage as refund_22_4_0_,
        ticket0_.refund_processed_date as refund_23_4_0_,
        ticket0_.refund_status as refund_24_4_0_,
        ticket0_.refund_transaction_id as refund_25_4_0_,
        ticket0_.source_station as source_26_4_0_,
        ticket0_.ticket_status as ticket_27_4_0_,
        ticket0_.total_fare as total_f28_4_0_,
        ticket0_.train_no as train_n29_4_0_,
        ticket0_.user_id as user_id30_4_0_,
        train1_.ac_fare as ac_fare2_6_1_,
        train1_.ac_seats as ac_seats3_6_1_,
        train1_.arrival_time as arrival_4_6_1_,
        train1_.available_seats as availabl5_6_1_,
        train1_.created_at as created_6_6_1_,
        train1_.departure_time as departur7_6_1_,
        train1_.destination as destinat8_6_1_,
        train1_.destination_station as destinat9_6_1_,
        train1_.general_fare as general10_6_1_,
        train1_.general_seats as general11_6_1_,
        train1_.is_active as is_acti12_6_1_,
        train1_.journey_date as journey13_6_1_,
        train1_.sleeper_fare as sleeper14_6_1_,
        train1_.sleeper_seats as sleeper15_6_1_,
        train1_.source as source16_6_1_,
        train1_.source_station as source_17_6_1_,
        train1_.ticket_price as ticket_18_6_1_,
        train1_.train_name as train_n19_6_1_,
        train1_.travel_date as travel_20_6_1_,
        train1_.updated_at as updated21_6_1_ 
    from
        tickets ticket0_ 
    left outer join
        trains train1_ 
            on ticket0_.train_no=train1_.train_no 
    where
        ticket0_.user_id=? 
        and ticket0_.journey_date<CURRENT_DATE
2026-03-10 15:53:54 [TRACE] BasicBinder:64 - binding parameter [1] as [BIGINT] - [37]
2026-03-10 15:53:54 [INFO ] MealServiceImpl:180 - Fetching meal orders for user: 37
2026-03-10 15:53:54 [INFO ] MealServiceImpl:180 - Fetching meal orders for user: 37
2026-03-10 15:53:54 [DEBUG] SQL:144 - 
    select
        user0_.user_id as user_id1_8_0_,
        user0_.created_at as created_2_8_0_,
        user0_.email as email3_8_0_,
        user0_.full_name as full_nam4_8_0_,
        user0_.is_enabled as is_enabl5_8_0_,
        user0_.last_login as last_log6_8_0_,
        user0_.mobile_number as mobile_n7_8_0_,
        user0_.password as password8_8_0_,
        user0_.profile_photo as profile_9_8_0_,
        user0_.profile_photo_content_type as profile10_8_0_,
        user0_.role as role11_8_0_,
        user0_.session_id as session12_8_0_,
        user0_.updated_at as updated13_8_0_,
        user0_.username as usernam14_8_0_ 
    from
        users user0_ 
    where
        user0_.user_id=?
2026-03-10 15:53:54 [TRACE] BasicBinder:64 - binding parameter [1] as [BIGINT] - [37]
2026-03-10 15:53:54 [DEBUG] SQL:144 - 
    select
        userprofil0_.profile_id as profile_1_7_0_,
        userprofil0_.address as address2_7_0_,
        userprofil0_.city as city3_7_0_,
        userprofil0_.date_of_birth as date_of_4_7_0_,
        userprofil0_.gender as gender5_7_0_,
        userprofil0_.id as id6_7_0_,
        userprofil0_.occupation as occupati7_7_0_,
        userprofil0_.pincode as pincode8_7_0_,
        userprofil0_.state as state9_7_0_,
        userprofil0_.user_id as user_id10_7_0_ 
    from
        user_profiles userprofil0_ 
    where
        userprofil0_.user_id=?
2026-03-10 15:53:54 [TRACE] BasicBinder:64 - binding parameter [1] as [BIGINT] - [37]
2026-03-10 15:53:54 [DEBUG] SQL:144 - 
    select
        mealorder0_.order_id as order_id1_0_,
        mealorder0_.cancellation_date as cancella2_0_,
        mealorder0_.cancellation_reason as cancella3_0_,
        mealorder0_.delivery_station as delivery4_0_,
        mealorder0_.delivery_status as delivery5_0_,
        mealorder0_.id as id6_0_,
        mealorder0_.meal_id as meal_id13_0_,
        mealorder0_.order_date as order_da7_0_,
        mealorder0_.quantity as quantity8_0_,
        mealorder0_.refund_amount as refund_a9_0_,
        mealorder0_.refund_status as refund_10_0_,
        mealorder0_.special_instructions as special11_0_,
        mealorder0_.ticket_id as ticket_14_0_,
        mealorder0_.total_price as total_p12_0_,
        mealorder0_.user_id as user_id15_0_ 
    from
        meal_orders mealorder0_ 
    where
        mealorder0_.user_id=? 
    order by
        mealorder0_.order_date desc
2026-03-10 15:53:54 [TRACE] BasicBinder:64 - binding parameter [1] as [BIGINT] - [37]
2026-03-10 15:53:54 [INFO ] MealServiceImpl:42 - Fetching available meals
2026-03-10 15:53:54 [INFO ] MealServiceImpl:42 - Fetching available meals
2026-03-10 15:53:54 [DEBUG] SQL:144 - 
    select
        meal0_.meal_id as meal_id1_1_,
        meal0_.availability_status as availabi2_1_,
        meal0_.created_at as created_3_1_,
        meal0_.description as descript4_1_,
        meal0_.image as image5_1_,
        meal0_.image_content_type as image_co6_1_,
        meal0_.image_url as image_ur7_1_,
        meal0_.is_available as is_avail8_1_,
        meal0_.meal_name as meal_nam9_1_,
        meal0_.meal_type as meal_ty10_1_,
        meal0_.preparation_time as prepara11_1_,
        meal0_.price as price12_1_,
        meal0_.updated_at as updated13_1_ 
    from
        meals meal0_ 
    where
        meal0_.availability_status=1
2026-03-10 15:53:54 [DEBUG] SQL:144 - 
    select
        count(ticket0_.ticket_id) as col_0_0_ 
    from
        tickets ticket0_ 
    where
        ticket0_.user_id=? 
        and ticket0_.refund_status='PENDING'
2026-03-10 15:53:54 [TRACE] BasicBinder:64 - binding parameter [1] as [BIGINT] - [37]
2026-03-10 15:53:54 [DEBUG] SQL:144 - 
    select
        count(ticket0_.ticket_id) as col_0_0_ 
    from
        tickets ticket0_ 
    where
        ticket0_.user_id=? 
        and ticket0_.refund_status='PROCESSING'
2026-03-10 15:53:54 [TRACE] BasicBinder:64 - binding parameter [1] as [BIGINT] - [37]
2026-03-10 15:53:54 [DEBUG] SQL:144 - 
    select
        count(ticket0_.ticket_id) as col_0_0_ 
    from
        tickets ticket0_ 
    where
        ticket0_.user_id=? 
        and ticket0_.refund_status='COMPLETED'
2026-03-10 15:53:54 [TRACE] BasicBinder:64 - binding parameter [1] as [BIGINT] - [37]
2026-03-10 15:53:55 [DEBUG] DispatcherServlet:1131 - Completed 200 OK
2026-03-10 15:54:00 [DEBUG] DispatcherServlet:120 - GET "/RailEase/user/meal-menu", parameters={}
2026-03-10 15:54:00 [DEBUG] RequestMappingHandlerMapping:522 - Mapped to com.railease.controller.UserController#mealMenu(Model, HttpSession)
2026-03-10 15:54:00 [INFO ] MealServiceImpl:42 - Fetching available meals
2026-03-10 15:54:00 [INFO ] MealServiceImpl:42 - Fetching available meals
2026-03-10 15:54:00 [DEBUG] SQL:144 - 
    select
        meal0_.meal_id as meal_id1_1_,
        meal0_.availability_status as availabi2_1_,
        meal0_.created_at as created_3_1_,
        meal0_.description as descript4_1_,
        meal0_.image as image5_1_,
        meal0_.image_content_type as image_co6_1_,
        meal0_.image_url as image_ur7_1_,
        meal0_.is_available as is_avail8_1_,
        meal0_.meal_name as meal_nam9_1_,
        meal0_.meal_type as meal_ty10_1_,
        meal0_.preparation_time as prepara11_1_,
        meal0_.price as price12_1_,
        meal0_.updated_at as updated13_1_ 
    from
        meals meal0_ 
    where
        meal0_.availability_status=1
2026-03-10 15:54:01 [INFO ] BookingServiceImpl:170 - Fetching active bookings for user: 37
2026-03-10 15:54:01 [INFO ] BookingServiceImpl:170 - Fetching active bookings for user: 37
2026-03-10 15:54:01 [DEBUG] SQL:144 - 
    select
        ticket0_.ticket_id as ticket_i1_4_0_,
        train1_.train_no as train_no1_6_1_,
        ticket0_.booking_date as booking_2_4_0_,
        ticket0_.booking_status as booking_3_4_0_,
        ticket0_.cancellation_charges as cancella4_4_0_,
        ticket0_.cancellation_date as cancella5_4_0_,
        ticket0_.cancellation_reason as cancella6_4_0_,
        ticket0_.cancellation_requested_date as cancella7_4_0_,
        ticket0_.class_type as class_ty8_4_0_,
        ticket0_.destination_station as destinat9_4_0_,
        ticket0_.journey_date as journey10_4_0_,
        ticket0_.meal_id as meal_id11_4_0_,
        ticket0_.meal_quantity as meal_qu12_4_0_,
        ticket0_.number_of_seats as number_13_4_0_,
        ticket0_.passenger_age as passeng14_4_0_,
        ticket0_.passenger_gender as passeng15_4_0_,
        ticket0_.passenger_name as passeng16_4_0_,
        ticket0_.payment_id as payment17_4_0_,
        ticket0_.payment_method as payment18_4_0_,
        ticket0_.payment_status as payment19_4_0_,
        ticket0_.refund_amount as refund_20_4_0_,
        ticket0_.refund_date as refund_21_4_0_,
        ticket0_.refund_percentage as refund_22_4_0_,
        ticket0_.refund_processed_date as refund_23_4_0_,
        ticket0_.refund_status as refund_24_4_0_,
        ticket0_.refund_transaction_id as refund_25_4_0_,
        ticket0_.source_station as source_26_4_0_,
        ticket0_.ticket_status as ticket_27_4_0_,
        ticket0_.total_fare as total_f28_4_0_,
        ticket0_.train_no as train_n29_4_0_,
        ticket0_.user_id as user_id30_4_0_,
        train1_.ac_fare as ac_fare2_6_1_,
        train1_.ac_seats as ac_seats3_6_1_,
        train1_.arrival_time as arrival_4_6_1_,
        train1_.available_seats as availabl5_6_1_,
        train1_.created_at as created_6_6_1_,
        train1_.departure_time as departur7_6_1_,
        train1_.destination as destinat8_6_1_,
        train1_.destination_station as destinat9_6_1_,
        train1_.general_fare as general10_6_1_,
        train1_.general_seats as general11_6_1_,
        train1_.is_active as is_acti12_6_1_,
        train1_.journey_date as journey13_6_1_,
        train1_.sleeper_fare as sleeper14_6_1_,
        train1_.sleeper_seats as sleeper15_6_1_,
        train1_.source as source16_6_1_,
        train1_.source_station as source_17_6_1_,
        train1_.ticket_price as ticket_18_6_1_,
        train1_.train_name as train_n19_6_1_,
        train1_.travel_date as travel_20_6_1_,
        train1_.updated_at as updated21_6_1_ 
    from
        tickets ticket0_ 
    left outer join
        trains train1_ 
            on ticket0_.train_no=train1_.train_no 
    where
        ticket0_.user_id=? 
        and ticket0_.journey_date>=CURRENT_DATE 
        and ticket0_.ticket_status='CONFIRMED'
2026-03-10 15:54:01 [TRACE] BasicBinder:64 - binding parameter [1] as [BIGINT] - [37]
2026-03-10 15:54:01 [INFO ] UserController:298 - Loaded 28 meals for menu
2026-03-10 15:54:01 [INFO ] UserController:298 - Loaded 28 meals for menu
2026-03-10 15:54:01 [DEBUG] DispatcherServlet:1131 - Completed 200 OK
2026-03-10 15:54:18 [DEBUG] DispatcherServlet:120 - GET "/RailEase/user/view-trains", parameters={}
2026-03-10 15:54:18 [DEBUG] RequestMappingHandlerMapping:522 - Mapped to com.railease.controller.UserController#viewTrains(Model, HttpSession)
2026-03-10 15:54:18 [INFO ] UserController:110 - Loaded 4 active trains
2026-03-10 15:54:18 [INFO ] UserController:110 - Loaded 4 active trains
2026-03-10 15:54:18 [DEBUG] DispatcherServlet:1131 - Completed 200 OK
2026-03-10 15:54:18 [DEBUG] DispatcherServlet:120 - GET "/RailEase/webjars/datatables/1.13.6/css/dataTables.bootstrap5.min.css", parameters={}
2026-03-10 15:54:18 [DEBUG] SimpleUrlHandlerMapping:522 - Mapped to ResourceHttpRequestHandler [ServletContext [/webjars/]]
2026-03-10 15:54:18 [DEBUG] ResourceHttpRequestHandler:560 - Resource not found
2026-03-10 15:54:18 [DEBUG] DispatcherServlet:1131 - Completed 404 NOT_FOUND
2026-03-10 15:54:18 [DEBUG] DispatcherServlet:120 - "ERROR" dispatch for GET "/RailEase/error", parameters={}
2026-03-10 15:54:18 [DEBUG] RequestMappingHandlerMapping:522 - Mapped to org.springframework.boot.autoconfigure.web.servlet.error.BasicErrorController#error(HttpServletRequest)
2026-03-10 15:54:18 [DEBUG] HttpEntityMethodProcessor:268 - Using 'application/json;q=0.1', given [text/css, */*;q=0.1] and supported [application/json, application/*+json, application/json, application/*+json]
2026-03-10 15:54:18 [DEBUG] HttpEntityMethodProcessor:120 - Writing [{timestamp=Tue Mar 10 15:54:18 IST 2026, status=404, error=Not Found, message=No message available,  (truncated)...]
2026-03-10 15:54:18 [DEBUG] DispatcherServlet:1127 - Exiting from "ERROR" dispatch, status 404
2026-03-10 15:54:23 [DEBUG] DispatcherServlet:120 - GET "/RailEase/user/train-details/1?journeyDate=", parameters={masked}
2026-03-10 15:54:23 [DEBUG] RequestMappingHandlerMapping:522 - Mapped to com.railease.controller.UserController#trainDetails(Integer, String, Model, HttpSession)
2026-03-10 15:54:23 [DEBUG] TrainServiceImpl:53 - Fetching train by number: 1
2026-03-10 15:54:23 [DEBUG] TrainServiceImpl:53 - Fetching train by number: 1
2026-03-10 15:54:23 [DEBUG] SQL:144 - 
    select
        train0_.train_no as train_no1_6_0_,
        train0_.ac_fare as ac_fare2_6_0_,
        train0_.ac_seats as ac_seats3_6_0_,
        train0_.arrival_time as arrival_4_6_0_,
        train0_.available_seats as availabl5_6_0_,
        train0_.created_at as created_6_6_0_,
        train0_.departure_time as departur7_6_0_,
        train0_.destination as destinat8_6_0_,
        train0_.destination_station as destinat9_6_0_,
        train0_.general_fare as general10_6_0_,
        train0_.general_seats as general11_6_0_,
        train0_.is_active as is_acti12_6_0_,
        train0_.journey_date as journey13_6_0_,
        train0_.sleeper_fare as sleeper14_6_0_,
        train0_.sleeper_seats as sleeper15_6_0_,
        train0_.source as source16_6_0_,
        train0_.source_station as source_17_6_0_,
        train0_.ticket_price as ticket_18_6_0_,
        train0_.train_name as train_n19_6_0_,
        train0_.travel_date as travel_20_6_0_,
        train0_.updated_at as updated21_6_0_ 
    from
        trains train0_ 
    where
        train0_.train_no=?
2026-03-10 15:54:23 [TRACE] BasicBinder:64 - binding parameter [1] as [INTEGER] - [1]
2026-03-10 15:54:23 [DEBUG] ExceptionHandlerExceptionResolver:416 - Using @ExceptionHandler com.railease.exception.GlobalExceptionHandler#handleAllUncaughtException(Exception, HttpServletRequest)
2026-03-10 15:54:23 [ERROR] GlobalExceptionHandler:76 - Unexpected error occurred: Text '' could not be parsed at index 0
java.time.format.DateTimeParseException: Text '' could not be parsed at index 0
	at java.time.format.DateTimeFormatter.parseResolved0(DateTimeFormatter.java:2108) ~[?:?]
	at java.time.format.DateTimeFormatter.parse(DateTimeFormatter.java:2010) ~[?:?]
	at java.time.LocalDate.parse(LocalDate.java:435) ~[?:?]
	at java.time.LocalDate.parse(LocalDate.java:420) ~[?:?]
	at com.railease.controller.UserController.trainDetails(UserController.java:448) ~[classes/:?]
	at jdk.internal.reflect.DirectMethodHandleAccessor.invoke(DirectMethodHandleAccessor.java:103) ~[?:?]
	at java.lang.reflect.Method.invoke(Method.java:580) ~[?:?]
	at org.springframework.web.method.support.InvocableHandlerMethod.doInvoke(InvocableHandlerMethod.java:205) ~[spring-web-5.3.28.jar:5.3.28]
	at org.springframework.web.method.support.InvocableHandlerMethod.invokeForRequest(InvocableHandlerMethod.java:150) ~[spring-web-5.3.28.jar:5.3.28]
	at org.springframework.web.servlet.mvc.method.annotation.ServletInvocableHandlerMethod.invokeAndHandle(ServletInvocableHandlerMethod.java:117) ~[spring-webmvc-5.3.28.jar:5.3.28]
	at org.springframework.web.servlet.mvc.method.annotation.RequestMappingHandlerAdapter.invokeHandlerMethod(RequestMappingHandlerAdapter.java:895) ~[spring-webmvc-5.3.28.jar:5.3.28]
	at org.springframework.web.servlet.mvc.method.annotation.RequestMappingHandlerAdapter.handleInternal(RequestMappingHandlerAdapter.java:808) ~[spring-webmvc-5.3.28.jar:5.3.28]
	at org.springframework.web.servlet.mvc.method.AbstractHandlerMethodAdapter.handle(AbstractHandlerMethodAdapter.java:87) ~[spring-webmvc-5.3.28.jar:5.3.28]
	at org.springframework.web.servlet.DispatcherServlet.doDispatch(DispatcherServlet.java:1072) ~[spring-webmvc-5.3.28.jar:5.3.28]
	at org.springframework.web.servlet.DispatcherServlet.doService(DispatcherServlet.java:965) ~[spring-webmvc-5.3.28.jar:5.3.28]
	at org.springframework.web.servlet.FrameworkServlet.processRequest(FrameworkServlet.java:1006) ~[spring-webmvc-5.3.28.jar:5.3.28]
	at org.springframework.web.servlet.FrameworkServlet.doGet(FrameworkServlet.java:898) ~[spring-webmvc-5.3.28.jar:5.3.28]
	at javax.servlet.http.HttpServlet.service(HttpServlet.java:529) ~[tomcat-embed-core-9.0.76.jar:4.0.FR]
	at org.springframework.web.servlet.FrameworkServlet.service(FrameworkServlet.java:883) ~[spring-webmvc-5.3.28.jar:5.3.28]
	at javax.servlet.http.HttpServlet.service(HttpServlet.java:623) ~[tomcat-embed-core-9.0.76.jar:4.0.FR]
	at org.apache.catalina.core.ApplicationFilterChain.internalDoFilter(ApplicationFilterChain.java:209) ~[tomcat-embed-core-9.0.76.jar:9.0.76]
	at org.apache.catalina.core.ApplicationFilterChain.doFilter(ApplicationFilterChain.java:153) ~[tomcat-embed-core-9.0.76.jar:9.0.76]
	at org.apache.tomcat.websocket.server.WsFilter.doFilter(WsFilter.java:51) ~[tomcat-embed-websocket-9.0.76.jar:9.0.76]
	at org.apache.catalina.core.ApplicationFilterChain.internalDoFilter(ApplicationFilterChain.java:178) ~[tomcat-embed-core-9.0.76.jar:9.0.76]
	at org.apache.catalina.core.ApplicationFilterChain.doFilter(ApplicationFilterChain.java:153) ~[tomcat-embed-core-9.0.76.jar:9.0.76]
	at org.springframework.web.servlet.resource.ResourceUrlEncodingFilter.doFilter(ResourceUrlEncodingFilter.java:67) ~[spring-webmvc-5.3.28.jar:5.3.28]
	at org.apache.catalina.core.ApplicationFilterChain.internalDoFilter(ApplicationFilterChain.java:178) ~[tomcat-embed-core-9.0.76.jar:9.0.76]
	at org.apache.catalina.core.ApplicationFilterChain.doFilter(ApplicationFilterChain.java:153) ~[tomcat-embed-core-9.0.76.jar:9.0.76]
	at org.springframework.web.filter.RequestContextFilter.doFilterInternal(RequestContextFilter.java:100) ~[spring-web-5.3.28.jar:5.3.28]
	at org.springframework.web.filter.OncePerRequestFilter.doFilter(OncePerRequestFilter.java:117) ~[spring-web-5.3.28.jar:5.3.28]
	at org.apache.catalina.core.ApplicationFilterChain.internalDoFilter(ApplicationFilterChain.java:178) ~[tomcat-embed-core-9.0.76.jar:9.0.76]
	at org.apache.catalina.core.ApplicationFilterChain.doFilter(ApplicationFilterChain.java:153) ~[tomcat-embed-core-9.0.76.jar:9.0.76]
	at org.springframework.web.filter.FormContentFilter.doFilterInternal(FormContentFilter.java:93) ~[spring-web-5.3.28.jar:5.3.28]
	at org.springframework.web.filter.OncePerRequestFilter.doFilter(OncePerRequestFilter.java:117) ~[spring-web-5.3.28.jar:5.3.28]
	at org.apache.catalina.core.ApplicationFilterChain.internalDoFilter(ApplicationFilterChain.java:178) ~[tomcat-embed-core-9.0.76.jar:9.0.76]
	at org.apache.catalina.core.ApplicationFilterChain.doFilter(ApplicationFilterChain.java:153) ~[tomcat-embed-core-9.0.76.jar:9.0.76]
	at org.springframework.web.filter.CharacterEncodingFilter.doFilterInternal(CharacterEncodingFilter.java:201) ~[spring-web-5.3.28.jar:5.3.28]
	at org.springframework.web.filter.OncePerRequestFilter.doFilter(OncePerRequestFilter.java:117) ~[spring-web-5.3.28.jar:5.3.28]
	at org.apache.catalina.core.ApplicationFilterChain.internalDoFilter(ApplicationFilterChain.java:178) ~[tomcat-embed-core-9.0.76.jar:9.0.76]
	at org.apache.catalina.core.ApplicationFilterChain.doFilter(ApplicationFilterChain.java:153) ~[tomcat-embed-core-9.0.76.jar:9.0.76]
	at org.apache.catalina.core.StandardWrapperValve.invoke(StandardWrapperValve.java:167) ~[tomcat-embed-core-9.0.76.jar:9.0.76]
	at org.apache.catalina.core.StandardContextValve.invoke(StandardContextValve.java:90) ~[tomcat-embed-core-9.0.76.jar:9.0.76]
	at org.apache.catalina.authenticator.AuthenticatorBase.invoke(AuthenticatorBase.java:481) ~[tomcat-embed-core-9.0.76.jar:9.0.76]
	at org.apache.catalina.core.StandardHostValve.invoke(StandardHostValve.java:130) ~[tomcat-embed-core-9.0.76.jar:9.0.76]
	at org.apache.catalina.valves.ErrorReportValve.invoke(ErrorReportValve.java:93) ~[tomcat-embed-core-9.0.76.jar:9.0.76]
	at org.apache.catalina.core.StandardEngineValve.invoke(StandardEngineValve.java:74) ~[tomcat-embed-core-9.0.76.jar:9.0.76]
	at org.apache.catalina.connector.CoyoteAdapter.service(CoyoteAdapter.java:343) ~[tomcat-embed-core-9.0.76.jar:9.0.76]
	at org.apache.coyote.http11.Http11Processor.service(Http11Processor.java:390) ~[tomcat-embed-core-9.0.76.jar:9.0.76]
	at org.apache.coyote.AbstractProcessorLight.process(AbstractProcessorLight.java:63) ~[tomcat-embed-core-9.0.76.jar:9.0.76]
	at org.apache.coyote.AbstractProtocol$ConnectionHandler.process(AbstractProtocol.java:926) ~[tomcat-embed-core-9.0.76.jar:9.0.76]
	at org.apache.tomcat.util.net.NioEndpoint$SocketProcessor.doRun(NioEndpoint.java:1791) ~[tomcat-embed-core-9.0.76.jar:9.0.76]
	at org.apache.tomcat.util.net.SocketProcessorBase.run(SocketProcessorBase.java:52) ~[tomcat-embed-core-9.0.76.jar:9.0.76]
	at org.apache.tomcat.util.threads.ThreadPoolExecutor.runWorker(ThreadPoolExecutor.java:1191) ~[tomcat-embed-core-9.0.76.jar:9.0.76]
	at org.apache.tomcat.util.threads.ThreadPoolExecutor$Worker.run(ThreadPoolExecutor.java:659) ~[tomcat-embed-core-9.0.76.jar:9.0.76]
	at org.apache.tomcat.util.threads.TaskThread$WrappingRunnable.run(TaskThread.java:61) ~[tomcat-embed-core-9.0.76.jar:9.0.76]
	at java.lang.Thread.run(Thread.java:1583) ~[?:?]
2026-03-10 15:54:23 [ERROR] GlobalExceptionHandler:76 - Unexpected error occurred: Text '' could not be parsed at index 0
java.time.format.DateTimeParseException: Text '' could not be parsed at index 0
	at java.time.format.DateTimeFormatter.parseResolved0(DateTimeFormatter.java:2108) ~[?:?]
	at java.time.format.DateTimeFormatter.parse(DateTimeFormatter.java:2010) ~[?:?]
	at java.time.LocalDate.parse(LocalDate.java:435) ~[?:?]
	at java.time.LocalDate.parse(LocalDate.java:420) ~[?:?]
	at com.railease.controller.UserController.trainDetails(UserController.java:448) ~[classes/:?]
	at jdk.internal.reflect.DirectMethodHandleAccessor.invoke(DirectMethodHandleAccessor.java:103) ~[?:?]
	at java.lang.reflect.Method.invoke(Method.java:580) ~[?:?]
	at org.springframework.web.method.support.InvocableHandlerMethod.doInvoke(InvocableHandlerMethod.java:205) ~[spring-web-5.3.28.jar:5.3.28]
	at org.springframework.web.method.support.InvocableHandlerMethod.invokeForRequest(InvocableHandlerMethod.java:150) ~[spring-web-5.3.28.jar:5.3.28]
	at org.springframework.web.servlet.mvc.method.annotation.ServletInvocableHandlerMethod.invokeAndHandle(ServletInvocableHandlerMethod.java:117) ~[spring-webmvc-5.3.28.jar:5.3.28]
	at org.springframework.web.servlet.mvc.method.annotation.RequestMappingHandlerAdapter.invokeHandlerMethod(RequestMappingHandlerAdapter.java:895) ~[spring-webmvc-5.3.28.jar:5.3.28]
	at org.springframework.web.servlet.mvc.method.annotation.RequestMappingHandlerAdapter.handleInternal(RequestMappingHandlerAdapter.java:808) ~[spring-webmvc-5.3.28.jar:5.3.28]
	at org.springframework.web.servlet.mvc.method.AbstractHandlerMethodAdapter.handle(AbstractHandlerMethodAdapter.java:87) ~[spring-webmvc-5.3.28.jar:5.3.28]
	at org.springframework.web.servlet.DispatcherServlet.doDispatch(DispatcherServlet.java:1072) ~[spring-webmvc-5.3.28.jar:5.3.28]
	at org.springframework.web.servlet.DispatcherServlet.doService(DispatcherServlet.java:965) ~[spring-webmvc-5.3.28.jar:5.3.28]
	at org.springframework.web.servlet.FrameworkServlet.processRequest(FrameworkServlet.java:1006) ~[spring-webmvc-5.3.28.jar:5.3.28]
	at org.springframework.web.servlet.FrameworkServlet.doGet(FrameworkServlet.java:898) ~[spring-webmvc-5.3.28.jar:5.3.28]
	at javax.servlet.http.HttpServlet.service(HttpServlet.java:529) ~[tomcat-embed-core-9.0.76.jar:4.0.FR]
	at org.springframework.web.servlet.FrameworkServlet.service(FrameworkServlet.java:883) ~[spring-webmvc-5.3.28.jar:5.3.28]
	at javax.servlet.http.HttpServlet.service(HttpServlet.java:623) ~[tomcat-embed-core-9.0.76.jar:4.0.FR]
	at org.apache.catalina.core.ApplicationFilterChain.internalDoFilter(ApplicationFilterChain.java:209) ~[tomcat-embed-core-9.0.76.jar:9.0.76]
	at org.apache.catalina.core.ApplicationFilterChain.doFilter(ApplicationFilterChain.java:153) ~[tomcat-embed-core-9.0.76.jar:9.0.76]
	at org.apache.tomcat.websocket.server.WsFilter.doFilter(WsFilter.java:51) ~[tomcat-embed-websocket-9.0.76.jar:9.0.76]
	at org.apache.catalina.core.ApplicationFilterChain.internalDoFilter(ApplicationFilterChain.java:178) ~[tomcat-embed-core-9.0.76.jar:9.0.76]
	at org.apache.catalina.core.ApplicationFilterChain.doFilter(ApplicationFilterChain.java:153) ~[tomcat-embed-core-9.0.76.jar:9.0.76]
	at org.springframework.web.servlet.resource.ResourceUrlEncodingFilter.doFilter(ResourceUrlEncodingFilter.java:67) ~[spring-webmvc-5.3.28.jar:5.3.28]
	at org.apache.catalina.core.ApplicationFilterChain.internalDoFilter(ApplicationFilterChain.java:178) ~[tomcat-embed-core-9.0.76.jar:9.0.76]
	at org.apache.catalina.core.ApplicationFilterChain.doFilter(ApplicationFilterChain.java:153) ~[tomcat-embed-core-9.0.76.jar:9.0.76]
	at org.springframework.web.filter.RequestContextFilter.doFilterInternal(RequestContextFilter.java:100) ~[spring-web-5.3.28.jar:5.3.28]
	at org.springframework.web.filter.OncePerRequestFilter.doFilter(OncePerRequestFilter.java:117) ~[spring-web-5.3.28.jar:5.3.28]
	at org.apache.catalina.core.ApplicationFilterChain.internalDoFilter(ApplicationFilterChain.java:178) ~[tomcat-embed-core-9.0.76.jar:9.0.76]
	at org.apache.catalina.core.ApplicationFilterChain.doFilter(ApplicationFilterChain.java:153) ~[tomcat-embed-core-9.0.76.jar:9.0.76]
	at org.springframework.web.filter.FormContentFilter.doFilterInternal(FormContentFilter.java:93) ~[spring-web-5.3.28.jar:5.3.28]
	at org.springframework.web.filter.OncePerRequestFilter.doFilter(OncePerRequestFilter.java:117) ~[spring-web-5.3.28.jar:5.3.28]
	at org.apache.catalina.core.ApplicationFilterChain.internalDoFilter(ApplicationFilterChain.java:178) ~[tomcat-embed-core-9.0.76.jar:9.0.76]
	at org.apache.catalina.core.ApplicationFilterChain.doFilter(ApplicationFilterChain.java:153) ~[tomcat-embed-core-9.0.76.jar:9.0.76]
	at org.springframework.web.filter.CharacterEncodingFilter.doFilterInternal(CharacterEncodingFilter.java:201) ~[spring-web-5.3.28.jar:5.3.28]
	at org.springframework.web.filter.OncePerRequestFilter.doFilter(OncePerRequestFilter.java:117) ~[spring-web-5.3.28.jar:5.3.28]
	at org.apache.catalina.core.ApplicationFilterChain.internalDoFilter(ApplicationFilterChain.java:178) ~[tomcat-embed-core-9.0.76.jar:9.0.76]
	at org.apache.catalina.core.ApplicationFilterChain.doFilter(ApplicationFilterChain.java:153) ~[tomcat-embed-core-9.0.76.jar:9.0.76]
	at org.apache.catalina.core.StandardWrapperValve.invoke(StandardWrapperValve.java:167) ~[tomcat-embed-core-9.0.76.jar:9.0.76]
	at org.apache.catalina.core.StandardContextValve.invoke(StandardContextValve.java:90) ~[tomcat-embed-core-9.0.76.jar:9.0.76]
	at org.apache.catalina.authenticator.AuthenticatorBase.invoke(AuthenticatorBase.java:481) ~[tomcat-embed-core-9.0.76.jar:9.0.76]
	at org.apache.catalina.core.StandardHostValve.invoke(StandardHostValve.java:130) ~[tomcat-embed-core-9.0.76.jar:9.0.76]
	at org.apache.catalina.valves.ErrorReportValve.invoke(ErrorReportValve.java:93) ~[tomcat-embed-core-9.0.76.jar:9.0.76]
	at org.apache.catalina.core.StandardEngineValve.invoke(StandardEngineValve.java:74) ~[tomcat-embed-core-9.0.76.jar:9.0.76]
	at org.apache.catalina.connector.CoyoteAdapter.service(CoyoteAdapter.java:343) ~[tomcat-embed-core-9.0.76.jar:9.0.76]
	at org.apache.coyote.http11.Http11Processor.service(Http11Processor.java:390) ~[tomcat-embed-core-9.0.76.jar:9.0.76]
	at org.apache.coyote.AbstractProcessorLight.process(AbstractProcessorLight.java:63) ~[tomcat-embed-core-9.0.76.jar:9.0.76]
	at org.apache.coyote.AbstractProtocol$ConnectionHandler.process(AbstractProtocol.java:926) ~[tomcat-embed-core-9.0.76.jar:9.0.76]
	at org.apache.tomcat.util.net.NioEndpoint$SocketProcessor.doRun(NioEndpoint.java:1791) ~[tomcat-embed-core-9.0.76.jar:9.0.76]
	at org.apache.tomcat.util.net.SocketProcessorBase.run(SocketProcessorBase.java:52) ~[tomcat-embed-core-9.0.76.jar:9.0.76]
	at org.apache.tomcat.util.threads.ThreadPoolExecutor.runWorker(ThreadPoolExecutor.java:1191) ~[tomcat-embed-core-9.0.76.jar:9.0.76]
	at org.apache.tomcat.util.threads.ThreadPoolExecutor$Worker.run(ThreadPoolExecutor.java:659) ~[tomcat-embed-core-9.0.76.jar:9.0.76]
	at org.apache.tomcat.util.threads.TaskThread$WrappingRunnable.run(TaskThread.java:61) ~[tomcat-embed-core-9.0.76.jar:9.0.76]
	at java.lang.Thread.run(Thread.java:1583) ~[?:?]
2026-03-10 15:54:23 [WARN ] ExceptionHandlerExceptionResolver:208 - Resolved [java.time.format.DateTimeParseException: Text '' could not be parsed at index 0]
2026-03-10 15:54:23 [DEBUG] DispatcherServlet:1354 - Using resolved error view: ModelAndView [view="error/500"; model={errorMessage=An unexpected error occurred. Please try again later., errorCode=500, url=http://localhost:8080/RailEase/user/train-details/1}]
2026-03-10 15:54:23 [DEBUG] DispatcherServlet:1131 - Completed 500 INTERNAL_SERVER_ERROR
2026-03-10 15:54:25 [DEBUG] DispatcherServlet:120 - GET "/RailEase/", parameters={}
2026-03-10 15:54:25 [DEBUG] RequestMappingHandlerMapping:522 - Mapped to com.railease.controller.HomeController#home(HttpSession)
2026-03-10 15:54:25 [DEBUG] RedirectView:309 - View name 'redirect:', model {}
2026-03-10 15:54:25 [DEBUG] DispatcherServlet:1131 - Completed 302 FOUND
2026-03-10 15:54:25 [DEBUG] DispatcherServlet:120 - GET "/RailEase/user/dashboard", parameters={}
2026-03-10 15:54:25 [DEBUG] RequestMappingHandlerMapping:522 - Mapped to com.railease.controller.UserController#dashboard(HttpSession, Model)
2026-03-10 15:54:25 [DEBUG] SQL:144 - 
    select
        count(ticket0_.ticket_id) as col_0_0_ 
    from
        tickets ticket0_ 
    where
        ticket0_.user_id=?
2026-03-10 15:54:25 [TRACE] BasicBinder:64 - binding parameter [1] as [BIGINT] - [37]
2026-03-10 15:54:25 [DEBUG] SQL:144 - 
    select
        count(ticket0_.ticket_id) as col_0_0_ 
    from
        tickets ticket0_ 
    where
        ticket0_.user_id=? 
        and ticket0_.journey_date>=CURRENT_DATE 
        and ticket0_.ticket_status='CONFIRMED'
2026-03-10 15:54:25 [TRACE] BasicBinder:64 - binding parameter [1] as [BIGINT] - [37]
2026-03-10 15:54:25 [INFO ] BookingServiceImpl:752 - Calculating total spent for user: 37
2026-03-10 15:54:25 [INFO ] BookingServiceImpl:752 - Calculating total spent for user: 37
2026-03-10 15:54:25 [DEBUG] SQL:144 - 
    select
        user0_.user_id as user_id1_8_0_,
        user0_.created_at as created_2_8_0_,
        user0_.email as email3_8_0_,
        user0_.full_name as full_nam4_8_0_,
        user0_.is_enabled as is_enabl5_8_0_,
        user0_.last_login as last_log6_8_0_,
        user0_.mobile_number as mobile_n7_8_0_,
        user0_.password as password8_8_0_,
        user0_.profile_photo as profile_9_8_0_,
        user0_.profile_photo_content_type as profile10_8_0_,
        user0_.role as role11_8_0_,
        user0_.session_id as session12_8_0_,
        user0_.updated_at as updated13_8_0_,
        user0_.username as usernam14_8_0_ 
    from
        users user0_ 
    where
        user0_.user_id=?
2026-03-10 15:54:25 [TRACE] BasicBinder:64 - binding parameter [1] as [BIGINT] - [37]
2026-03-10 15:54:25 [DEBUG] SQL:144 - 
    select
        userprofil0_.profile_id as profile_1_7_0_,
        userprofil0_.address as address2_7_0_,
        userprofil0_.city as city3_7_0_,
        userprofil0_.date_of_birth as date_of_4_7_0_,
        userprofil0_.gender as gender5_7_0_,
        userprofil0_.id as id6_7_0_,
        userprofil0_.occupation as occupati7_7_0_,
        userprofil0_.pincode as pincode8_7_0_,
        userprofil0_.state as state9_7_0_,
        userprofil0_.user_id as user_id10_7_0_ 
    from
        user_profiles userprofil0_ 
    where
        userprofil0_.user_id=?
2026-03-10 15:54:25 [TRACE] BasicBinder:64 - binding parameter [1] as [BIGINT] - [37]
2026-03-10 15:54:25 [DEBUG] SQL:144 - 
    select
        ticket0_.ticket_id as ticket_i1_4_0_,
        train1_.train_no as train_no1_6_1_,
        ticket0_.booking_date as booking_2_4_0_,
        ticket0_.booking_status as booking_3_4_0_,
        ticket0_.cancellation_charges as cancella4_4_0_,
        ticket0_.cancellation_date as cancella5_4_0_,
        ticket0_.cancellation_reason as cancella6_4_0_,
        ticket0_.cancellation_requested_date as cancella7_4_0_,
        ticket0_.class_type as class_ty8_4_0_,
        ticket0_.destination_station as destinat9_4_0_,
        ticket0_.journey_date as journey10_4_0_,
        ticket0_.meal_id as meal_id11_4_0_,
        ticket0_.meal_quantity as meal_qu12_4_0_,
        ticket0_.number_of_seats as number_13_4_0_,
        ticket0_.passenger_age as passeng14_4_0_,
        ticket0_.passenger_gender as passeng15_4_0_,
        ticket0_.passenger_name as passeng16_4_0_,
        ticket0_.payment_id as payment17_4_0_,
        ticket0_.payment_method as payment18_4_0_,
        ticket0_.payment_status as payment19_4_0_,
        ticket0_.refund_amount as refund_20_4_0_,
        ticket0_.refund_date as refund_21_4_0_,
        ticket0_.refund_percentage as refund_22_4_0_,
        ticket0_.refund_processed_date as refund_23_4_0_,
        ticket0_.refund_status as refund_24_4_0_,
        ticket0_.refund_transaction_id as refund_25_4_0_,
        ticket0_.source_station as source_26_4_0_,
        ticket0_.ticket_status as ticket_27_4_0_,
        ticket0_.total_fare as total_f28_4_0_,
        ticket0_.train_no as train_n29_4_0_,
        ticket0_.user_id as user_id30_4_0_,
        train1_.ac_fare as ac_fare2_6_1_,
        train1_.ac_seats as ac_seats3_6_1_,
        train1_.arrival_time as arrival_4_6_1_,
        train1_.available_seats as availabl5_6_1_,
        train1_.created_at as created_6_6_1_,
        train1_.departure_time as departur7_6_1_,
        train1_.destination as destinat8_6_1_,
        train1_.destination_station as destinat9_6_1_,
        train1_.general_fare as general10_6_1_,
        train1_.general_seats as general11_6_1_,
        train1_.is_active as is_acti12_6_1_,
        train1_.journey_date as journey13_6_1_,
        train1_.sleeper_fare as sleeper14_6_1_,
        train1_.sleeper_seats as sleeper15_6_1_,
        train1_.source as source16_6_1_,
        train1_.source_station as source_17_6_1_,
        train1_.ticket_price as ticket_18_6_1_,
        train1_.train_name as train_n19_6_1_,
        train1_.travel_date as travel_20_6_1_,
        train1_.updated_at as updated21_6_1_ 
    from
        tickets ticket0_ 
    left outer join
        trains train1_ 
            on ticket0_.train_no=train1_.train_no 
    where
        ticket0_.user_id=? 
    order by
        ticket0_.booking_date DESC
2026-03-10 15:54:25 [TRACE] BasicBinder:64 - binding parameter [1] as [BIGINT] - [37]
2026-03-10 15:54:25 [DEBUG] SQL:144 - 
    select
        user0_.user_id as user_id1_8_0_,
        user0_.created_at as created_2_8_0_,
        user0_.email as email3_8_0_,
        user0_.full_name as full_nam4_8_0_,
        user0_.is_enabled as is_enabl5_8_0_,
        user0_.last_login as last_log6_8_0_,
        user0_.mobile_number as mobile_n7_8_0_,
        user0_.password as password8_8_0_,
        user0_.profile_photo as profile_9_8_0_,
        user0_.profile_photo_content_type as profile10_8_0_,
        user0_.role as role11_8_0_,
        user0_.session_id as session12_8_0_,
        user0_.updated_at as updated13_8_0_,
        user0_.username as usernam14_8_0_ 
    from
        users user0_ 
    where
        user0_.user_id=?
2026-03-10 15:54:25 [TRACE] BasicBinder:64 - binding parameter [1] as [BIGINT] - [37]
2026-03-10 15:54:25 [DEBUG] SQL:144 - 
    select
        userprofil0_.profile_id as profile_1_7_0_,
        userprofil0_.address as address2_7_0_,
        userprofil0_.city as city3_7_0_,
        userprofil0_.date_of_birth as date_of_4_7_0_,
        userprofil0_.gender as gender5_7_0_,
        userprofil0_.id as id6_7_0_,
        userprofil0_.occupation as occupati7_7_0_,
        userprofil0_.pincode as pincode8_7_0_,
        userprofil0_.state as state9_7_0_,
        userprofil0_.user_id as user_id10_7_0_ 
    from
        user_profiles userprofil0_ 
    where
        userprofil0_.user_id=?
2026-03-10 15:54:25 [TRACE] BasicBinder:64 - binding parameter [1] as [BIGINT] - [37]
2026-03-10 15:54:25 [DEBUG] SQL:144 - 
    select
        ticket0_.ticket_id as ticket_i1_4_0_,
        train1_.train_no as train_no1_6_1_,
        ticket0_.booking_date as booking_2_4_0_,
        ticket0_.booking_status as booking_3_4_0_,
        ticket0_.cancellation_charges as cancella4_4_0_,
        ticket0_.cancellation_date as cancella5_4_0_,
        ticket0_.cancellation_reason as cancella6_4_0_,
        ticket0_.cancellation_requested_date as cancella7_4_0_,
        ticket0_.class_type as class_ty8_4_0_,
        ticket0_.destination_station as destinat9_4_0_,
        ticket0_.journey_date as journey10_4_0_,
        ticket0_.meal_id as meal_id11_4_0_,
        ticket0_.meal_quantity as meal_qu12_4_0_,
        ticket0_.number_of_seats as number_13_4_0_,
        ticket0_.passenger_age as passeng14_4_0_,
        ticket0_.passenger_gender as passeng15_4_0_,
        ticket0_.passenger_name as passeng16_4_0_,
        ticket0_.payment_id as payment17_4_0_,
        ticket0_.payment_method as payment18_4_0_,
        ticket0_.payment_status as payment19_4_0_,
        ticket0_.refund_amount as refund_20_4_0_,
        ticket0_.refund_date as refund_21_4_0_,
        ticket0_.refund_percentage as refund_22_4_0_,
        ticket0_.refund_processed_date as refund_23_4_0_,
        ticket0_.refund_status as refund_24_4_0_,
        ticket0_.refund_transaction_id as refund_25_4_0_,
        ticket0_.source_station as source_26_4_0_,
        ticket0_.ticket_status as ticket_27_4_0_,
        ticket0_.total_fare as total_f28_4_0_,
        ticket0_.train_no as train_n29_4_0_,
        ticket0_.user_id as user_id30_4_0_,
        train1_.ac_fare as ac_fare2_6_1_,
        train1_.ac_seats as ac_seats3_6_1_,
        train1_.arrival_time as arrival_4_6_1_,
        train1_.available_seats as availabl5_6_1_,
        train1_.created_at as created_6_6_1_,
        train1_.departure_time as departur7_6_1_,
        train1_.destination as destinat8_6_1_,
        train1_.destination_station as destinat9_6_1_,
        train1_.general_fare as general10_6_1_,
        train1_.general_seats as general11_6_1_,
        train1_.is_active as is_acti12_6_1_,
        train1_.journey_date as journey13_6_1_,
        train1_.sleeper_fare as sleeper14_6_1_,
        train1_.sleeper_seats as sleeper15_6_1_,
        train1_.source as source16_6_1_,
        train1_.source_station as source_17_6_1_,
        train1_.ticket_price as ticket_18_6_1_,
        train1_.train_name as train_n19_6_1_,
        train1_.travel_date as travel_20_6_1_,
        train1_.updated_at as updated21_6_1_ 
    from
        tickets ticket0_ 
    left outer join
        trains train1_ 
            on ticket0_.train_no=train1_.train_no 
    where
        ticket0_.user_id=? 
    order by
        ticket0_.booking_date DESC limit ?
2026-03-10 15:54:25 [TRACE] BasicBinder:64 - binding parameter [1] as [BIGINT] - [37]
2026-03-10 15:54:25 [INFO ] BookingServiceImpl:170 - Fetching active bookings for user: 37
2026-03-10 15:54:25 [INFO ] BookingServiceImpl:170 - Fetching active bookings for user: 37
2026-03-10 15:54:25 [DEBUG] SQL:144 - 
    select
        ticket0_.ticket_id as ticket_i1_4_0_,
        train1_.train_no as train_no1_6_1_,
        ticket0_.booking_date as booking_2_4_0_,
        ticket0_.booking_status as booking_3_4_0_,
        ticket0_.cancellation_charges as cancella4_4_0_,
        ticket0_.cancellation_date as cancella5_4_0_,
        ticket0_.cancellation_reason as cancella6_4_0_,
        ticket0_.cancellation_requested_date as cancella7_4_0_,
        ticket0_.class_type as class_ty8_4_0_,
        ticket0_.destination_station as destinat9_4_0_,
        ticket0_.journey_date as journey10_4_0_,
        ticket0_.meal_id as meal_id11_4_0_,
        ticket0_.meal_quantity as meal_qu12_4_0_,
        ticket0_.number_of_seats as number_13_4_0_,
        ticket0_.passenger_age as passeng14_4_0_,
        ticket0_.passenger_gender as passeng15_4_0_,
        ticket0_.passenger_name as passeng16_4_0_,
        ticket0_.payment_id as payment17_4_0_,
        ticket0_.payment_method as payment18_4_0_,
        ticket0_.payment_status as payment19_4_0_,
        ticket0_.refund_amount as refund_20_4_0_,
        ticket0_.refund_date as refund_21_4_0_,
        ticket0_.refund_percentage as refund_22_4_0_,
        ticket0_.refund_processed_date as refund_23_4_0_,
        ticket0_.refund_status as refund_24_4_0_,
        ticket0_.refund_transaction_id as refund_25_4_0_,
        ticket0_.source_station as source_26_4_0_,
        ticket0_.ticket_status as ticket_27_4_0_,
        ticket0_.total_fare as total_f28_4_0_,
        ticket0_.train_no as train_n29_4_0_,
        ticket0_.user_id as user_id30_4_0_,
        train1_.ac_fare as ac_fare2_6_1_,
        train1_.ac_seats as ac_seats3_6_1_,
        train1_.arrival_time as arrival_4_6_1_,
        train1_.available_seats as availabl5_6_1_,
        train1_.created_at as created_6_6_1_,
        train1_.departure_time as departur7_6_1_,
        train1_.destination as destinat8_6_1_,
        train1_.destination_station as destinat9_6_1_,
        train1_.general_fare as general10_6_1_,
        train1_.general_seats as general11_6_1_,
        train1_.is_active as is_acti12_6_1_,
        train1_.journey_date as journey13_6_1_,
        train1_.sleeper_fare as sleeper14_6_1_,
        train1_.sleeper_seats as sleeper15_6_1_,
        train1_.source as source16_6_1_,
        train1_.source_station as source_17_6_1_,
        train1_.ticket_price as ticket_18_6_1_,
        train1_.train_name as train_n19_6_1_,
        train1_.travel_date as travel_20_6_1_,
        train1_.updated_at as updated21_6_1_ 
    from
        tickets ticket0_ 
    left outer join
        trains train1_ 
            on ticket0_.train_no=train1_.train_no 
    where
        ticket0_.user_id=? 
        and ticket0_.journey_date>=CURRENT_DATE 
        and ticket0_.ticket_status='CONFIRMED'
2026-03-10 15:54:25 [TRACE] BasicBinder:64 - binding parameter [1] as [BIGINT] - [37]
2026-03-10 15:54:25 [INFO ] BookingServiceImpl:176 - Fetching past bookings for user: 37
2026-03-10 15:54:25 [INFO ] BookingServiceImpl:176 - Fetching past bookings for user: 37
2026-03-10 15:54:25 [DEBUG] SQL:144 - 
    select
        ticket0_.ticket_id as ticket_i1_4_0_,
        train1_.train_no as train_no1_6_1_,
        ticket0_.booking_date as booking_2_4_0_,
        ticket0_.booking_status as booking_3_4_0_,
        ticket0_.cancellation_charges as cancella4_4_0_,
        ticket0_.cancellation_date as cancella5_4_0_,
        ticket0_.cancellation_reason as cancella6_4_0_,
        ticket0_.cancellation_requested_date as cancella7_4_0_,
        ticket0_.class_type as class_ty8_4_0_,
        ticket0_.destination_station as destinat9_4_0_,
        ticket0_.journey_date as journey10_4_0_,
        ticket0_.meal_id as meal_id11_4_0_,
        ticket0_.meal_quantity as meal_qu12_4_0_,
        ticket0_.number_of_seats as number_13_4_0_,
        ticket0_.passenger_age as passeng14_4_0_,
        ticket0_.passenger_gender as passeng15_4_0_,
        ticket0_.passenger_name as passeng16_4_0_,
        ticket0_.payment_id as payment17_4_0_,
        ticket0_.payment_method as payment18_4_0_,
        ticket0_.payment_status as payment19_4_0_,
        ticket0_.refund_amount as refund_20_4_0_,
        ticket0_.refund_date as refund_21_4_0_,
        ticket0_.refund_percentage as refund_22_4_0_,
        ticket0_.refund_processed_date as refund_23_4_0_,
        ticket0_.refund_status as refund_24_4_0_,
        ticket0_.refund_transaction_id as refund_25_4_0_,
        ticket0_.source_station as source_26_4_0_,
        ticket0_.ticket_status as ticket_27_4_0_,
        ticket0_.total_fare as total_f28_4_0_,
        ticket0_.train_no as train_n29_4_0_,
        ticket0_.user_id as user_id30_4_0_,
        train1_.ac_fare as ac_fare2_6_1_,
        train1_.ac_seats as ac_seats3_6_1_,
        train1_.arrival_time as arrival_4_6_1_,
        train1_.available_seats as availabl5_6_1_,
        train1_.created_at as created_6_6_1_,
        train1_.departure_time as departur7_6_1_,
        train1_.destination as destinat8_6_1_,
        train1_.destination_station as destinat9_6_1_,
        train1_.general_fare as general10_6_1_,
        train1_.general_seats as general11_6_1_,
        train1_.is_active as is_acti12_6_1_,
        train1_.journey_date as journey13_6_1_,
        train1_.sleeper_fare as sleeper14_6_1_,
        train1_.sleeper_seats as sleeper15_6_1_,
        train1_.source as source16_6_1_,
        train1_.source_station as source_17_6_1_,
        train1_.ticket_price as ticket_18_6_1_,
        train1_.train_name as train_n19_6_1_,
        train1_.travel_date as travel_20_6_1_,
        train1_.updated_at as updated21_6_1_ 
    from
        tickets ticket0_ 
    left outer join
        trains train1_ 
            on ticket0_.train_no=train1_.train_no 
    where
        ticket0_.user_id=? 
        and ticket0_.journey_date<CURRENT_DATE
2026-03-10 15:54:25 [TRACE] BasicBinder:64 - binding parameter [1] as [BIGINT] - [37]
2026-03-10 15:54:25 [INFO ] MealServiceImpl:180 - Fetching meal orders for user: 37
2026-03-10 15:54:25 [INFO ] MealServiceImpl:180 - Fetching meal orders for user: 37
2026-03-10 15:54:25 [DEBUG] SQL:144 - 
    select
        user0_.user_id as user_id1_8_0_,
        user0_.created_at as created_2_8_0_,
        user0_.email as email3_8_0_,
        user0_.full_name as full_nam4_8_0_,
        user0_.is_enabled as is_enabl5_8_0_,
        user0_.last_login as last_log6_8_0_,
        user0_.mobile_number as mobile_n7_8_0_,
        user0_.password as password8_8_0_,
        user0_.profile_photo as profile_9_8_0_,
        user0_.profile_photo_content_type as profile10_8_0_,
        user0_.role as role11_8_0_,
        user0_.session_id as session12_8_0_,
        user0_.updated_at as updated13_8_0_,
        user0_.username as usernam14_8_0_ 
    from
        users user0_ 
    where
        user0_.user_id=?
2026-03-10 15:54:25 [TRACE] BasicBinder:64 - binding parameter [1] as [BIGINT] - [37]
2026-03-10 15:54:25 [DEBUG] SQL:144 - 
    select
        userprofil0_.profile_id as profile_1_7_0_,
        userprofil0_.address as address2_7_0_,
        userprofil0_.city as city3_7_0_,
        userprofil0_.date_of_birth as date_of_4_7_0_,
        userprofil0_.gender as gender5_7_0_,
        userprofil0_.id as id6_7_0_,
        userprofil0_.occupation as occupati7_7_0_,
        userprofil0_.pincode as pincode8_7_0_,
        userprofil0_.state as state9_7_0_,
        userprofil0_.user_id as user_id10_7_0_ 
    from
        user_profiles userprofil0_ 
    where
        userprofil0_.user_id=?
2026-03-10 15:54:25 [TRACE] BasicBinder:64 - binding parameter [1] as [BIGINT] - [37]
2026-03-10 15:54:25 [DEBUG] SQL:144 - 
    select
        mealorder0_.order_id as order_id1_0_,
        mealorder0_.cancellation_date as cancella2_0_,
        mealorder0_.cancellation_reason as cancella3_0_,
        mealorder0_.delivery_station as delivery4_0_,
        mealorder0_.delivery_status as delivery5_0_,
        mealorder0_.id as id6_0_,
        mealorder0_.meal_id as meal_id13_0_,
        mealorder0_.order_date as order_da7_0_,
        mealorder0_.quantity as quantity8_0_,
        mealorder0_.refund_amount as refund_a9_0_,
        mealorder0_.refund_status as refund_10_0_,
        mealorder0_.special_instructions as special11_0_,
        mealorder0_.ticket_id as ticket_14_0_,
        mealorder0_.total_price as total_p12_0_,
        mealorder0_.user_id as user_id15_0_ 
    from
        meal_orders mealorder0_ 
    where
        mealorder0_.user_id=? 
    order by
        mealorder0_.order_date desc
2026-03-10 15:54:25 [TRACE] BasicBinder:64 - binding parameter [1] as [BIGINT] - [37]
2026-03-10 15:54:25 [INFO ] MealServiceImpl:42 - Fetching available meals
2026-03-10 15:54:25 [INFO ] MealServiceImpl:42 - Fetching available meals
2026-03-10 15:54:25 [DEBUG] SQL:144 - 
    select
        meal0_.meal_id as meal_id1_1_,
        meal0_.availability_status as availabi2_1_,
        meal0_.created_at as created_3_1_,
        meal0_.description as descript4_1_,
        meal0_.image as image5_1_,
        meal0_.image_content_type as image_co6_1_,
        meal0_.image_url as image_ur7_1_,
        meal0_.is_available as is_avail8_1_,
        meal0_.meal_name as meal_nam9_1_,
        meal0_.meal_type as meal_ty10_1_,
        meal0_.preparation_time as prepara11_1_,
        meal0_.price as price12_1_,
        meal0_.updated_at as updated13_1_ 
    from
        meals meal0_ 
    where
        meal0_.availability_status=1
2026-03-10 15:54:25 [DEBUG] SQL:144 - 
    select
        count(ticket0_.ticket_id) as col_0_0_ 
    from
        tickets ticket0_ 
    where
        ticket0_.user_id=? 
        and ticket0_.refund_status='PENDING'
2026-03-10 15:54:25 [TRACE] BasicBinder:64 - binding parameter [1] as [BIGINT] - [37]
2026-03-10 15:54:25 [DEBUG] SQL:144 - 
    select
        count(ticket0_.ticket_id) as col_0_0_ 
    from
        tickets ticket0_ 
    where
        ticket0_.user_id=? 
        and ticket0_.refund_status='PROCESSING'
2026-03-10 15:54:25 [TRACE] BasicBinder:64 - binding parameter [1] as [BIGINT] - [37]
2026-03-10 15:54:25 [DEBUG] SQL:144 - 
    select
        count(ticket0_.ticket_id) as col_0_0_ 
    from
        tickets ticket0_ 
    where
        ticket0_.user_id=? 
        and ticket0_.refund_status='COMPLETED'
2026-03-10 15:54:25 [TRACE] BasicBinder:64 - binding parameter [1] as [BIGINT] - [37]
2026-03-10 15:54:25 [DEBUG] DispatcherServlet:1131 - Completed 200 OK
2026-03-10 15:54:33 [DEBUG] DispatcherServlet:120 - GET "/RailEase/user/meal-menu", parameters={}
2026-03-10 15:54:33 [DEBUG] RequestMappingHandlerMapping:522 - Mapped to com.railease.controller.UserController#mealMenu(Model, HttpSession)
2026-03-10 15:54:33 [INFO ] MealServiceImpl:42 - Fetching available meals
2026-03-10 15:54:33 [INFO ] MealServiceImpl:42 - Fetching available meals
2026-03-10 15:54:33 [DEBUG] SQL:144 - 
    select
        meal0_.meal_id as meal_id1_1_,
        meal0_.availability_status as availabi2_1_,
        meal0_.created_at as created_3_1_,
        meal0_.description as descript4_1_,
        meal0_.image as image5_1_,
        meal0_.image_content_type as image_co6_1_,
        meal0_.image_url as image_ur7_1_,
        meal0_.is_available as is_avail8_1_,
        meal0_.meal_name as meal_nam9_1_,
        meal0_.meal_type as meal_ty10_1_,
        meal0_.preparation_time as prepara11_1_,
        meal0_.price as price12_1_,
        meal0_.updated_at as updated13_1_ 
    from
        meals meal0_ 
    where
        meal0_.availability_status=1
2026-03-10 15:54:33 [INFO ] BookingServiceImpl:170 - Fetching active bookings for user: 37
2026-03-10 15:54:33 [INFO ] BookingServiceImpl:170 - Fetching active bookings for user: 37
2026-03-10 15:54:33 [DEBUG] SQL:144 - 
    select
        ticket0_.ticket_id as ticket_i1_4_0_,
        train1_.train_no as train_no1_6_1_,
        ticket0_.booking_date as booking_2_4_0_,
        ticket0_.booking_status as booking_3_4_0_,
        ticket0_.cancellation_charges as cancella4_4_0_,
        ticket0_.cancellation_date as cancella5_4_0_,
        ticket0_.cancellation_reason as cancella6_4_0_,
        ticket0_.cancellation_requested_date as cancella7_4_0_,
        ticket0_.class_type as class_ty8_4_0_,
        ticket0_.destination_station as destinat9_4_0_,
        ticket0_.journey_date as journey10_4_0_,
        ticket0_.meal_id as meal_id11_4_0_,
        ticket0_.meal_quantity as meal_qu12_4_0_,
        ticket0_.number_of_seats as number_13_4_0_,
        ticket0_.passenger_age as passeng14_4_0_,
        ticket0_.passenger_gender as passeng15_4_0_,
        ticket0_.passenger_name as passeng16_4_0_,
        ticket0_.payment_id as payment17_4_0_,
        ticket0_.payment_method as payment18_4_0_,
        ticket0_.payment_status as payment19_4_0_,
        ticket0_.refund_amount as refund_20_4_0_,
        ticket0_.refund_date as refund_21_4_0_,
        ticket0_.refund_percentage as refund_22_4_0_,
        ticket0_.refund_processed_date as refund_23_4_0_,
        ticket0_.refund_status as refund_24_4_0_,
        ticket0_.refund_transaction_id as refund_25_4_0_,
        ticket0_.source_station as source_26_4_0_,
        ticket0_.ticket_status as ticket_27_4_0_,
        ticket0_.total_fare as total_f28_4_0_,
        ticket0_.train_no as train_n29_4_0_,
        ticket0_.user_id as user_id30_4_0_,
        train1_.ac_fare as ac_fare2_6_1_,
        train1_.ac_seats as ac_seats3_6_1_,
        train1_.arrival_time as arrival_4_6_1_,
        train1_.available_seats as availabl5_6_1_,
        train1_.created_at as created_6_6_1_,
        train1_.departure_time as departur7_6_1_,
        train1_.destination as destinat8_6_1_,
        train1_.destination_station as destinat9_6_1_,
        train1_.general_fare as general10_6_1_,
        train1_.general_seats as general11_6_1_,
        train1_.is_active as is_acti12_6_1_,
        train1_.journey_date as journey13_6_1_,
        train1_.sleeper_fare as sleeper14_6_1_,
        train1_.sleeper_seats as sleeper15_6_1_,
        train1_.source as source16_6_1_,
        train1_.source_station as source_17_6_1_,
        train1_.ticket_price as ticket_18_6_1_,
        train1_.train_name as train_n19_6_1_,
        train1_.travel_date as travel_20_6_1_,
        train1_.updated_at as updated21_6_1_ 
    from
        tickets ticket0_ 
    left outer join
        trains train1_ 
            on ticket0_.train_no=train1_.train_no 
    where
        ticket0_.user_id=? 
        and ticket0_.journey_date>=CURRENT_DATE 
        and ticket0_.ticket_status='CONFIRMED'
2026-03-10 15:54:33 [TRACE] BasicBinder:64 - binding parameter [1] as [BIGINT] - [37]
2026-03-10 15:54:33 [INFO ] UserController:298 - Loaded 28 meals for menu
2026-03-10 15:54:33 [INFO ] UserController:298 - Loaded 28 meals for menu
2026-03-10 15:54:33 [DEBUG] DispatcherServlet:1131 - Completed 200 OK
2026-03-10 15:54:45 [DEBUG] DispatcherServlet:120 - GET "/RailEase/user/view-trains", parameters={}
2026-03-10 15:54:45 [DEBUG] RequestMappingHandlerMapping:522 - Mapped to com.railease.controller.UserController#viewTrains(Model, HttpSession)
2026-03-10 15:54:45 [INFO ] UserController:110 - Loaded 4 active trains
2026-03-10 15:54:45 [INFO ] UserController:110 - Loaded 4 active trains
2026-03-10 15:54:45 [DEBUG] DispatcherServlet:1131 - Completed 200 OK
2026-03-10 15:54:45 [DEBUG] DispatcherServlet:120 - GET "/RailEase/webjars/datatables/1.13.6/css/dataTables.bootstrap5.min.css", parameters={}
2026-03-10 15:54:45 [DEBUG] SimpleUrlHandlerMapping:522 - Mapped to ResourceHttpRequestHandler [ServletContext [/webjars/]]
2026-03-10 15:54:45 [DEBUG] ResourceHttpRequestHandler:560 - Resource not found
2026-03-10 15:54:45 [DEBUG] DispatcherServlet:1131 - Completed 404 NOT_FOUND
2026-03-10 15:54:45 [DEBUG] DispatcherServlet:120 - "ERROR" dispatch for GET "/RailEase/error", parameters={}
2026-03-10 15:54:45 [DEBUG] RequestMappingHandlerMapping:522 - Mapped to org.springframework.boot.autoconfigure.web.servlet.error.BasicErrorController#error(HttpServletRequest)
2026-03-10 15:54:45 [DEBUG] HttpEntityMethodProcessor:268 - Using 'application/json;q=0.1', given [text/css, */*;q=0.1] and supported [application/json, application/*+json, application/json, application/*+json]
2026-03-10 15:54:45 [DEBUG] HttpEntityMethodProcessor:120 - Writing [{timestamp=Tue Mar 10 15:54:45 IST 2026, status=404, error=Not Found, message=No message available,  (truncated)...]
2026-03-10 15:54:45 [DEBUG] DispatcherServlet:1127 - Exiting from "ERROR" dispatch, status 404
2026-03-10 15:54:56 [DEBUG] DispatcherServlet:120 - GET "/RailEase/user/dashboard", parameters={}
2026-03-10 15:54:56 [DEBUG] RequestMappingHandlerMapping:522 - Mapped to com.railease.controller.UserController#dashboard(HttpSession, Model)
2026-03-10 15:54:56 [DEBUG] SQL:144 - 
    select
        count(ticket0_.ticket_id) as col_0_0_ 
    from
        tickets ticket0_ 
    where
        ticket0_.user_id=?
2026-03-10 15:54:56 [TRACE] BasicBinder:64 - binding parameter [1] as [BIGINT] - [37]
2026-03-10 15:54:56 [DEBUG] SQL:144 - 
    select
        count(ticket0_.ticket_id) as col_0_0_ 
    from
        tickets ticket0_ 
    where
        ticket0_.user_id=? 
        and ticket0_.journey_date>=CURRENT_DATE 
        and ticket0_.ticket_status='CONFIRMED'
2026-03-10 15:54:56 [TRACE] BasicBinder:64 - binding parameter [1] as [BIGINT] - [37]
2026-03-10 15:54:56 [INFO ] BookingServiceImpl:752 - Calculating total spent for user: 37
2026-03-10 15:54:56 [INFO ] BookingServiceImpl:752 - Calculating total spent for user: 37
2026-03-10 15:54:56 [DEBUG] SQL:144 - 
    select
        user0_.user_id as user_id1_8_0_,
        user0_.created_at as created_2_8_0_,
        user0_.email as email3_8_0_,
        user0_.full_name as full_nam4_8_0_,
        user0_.is_enabled as is_enabl5_8_0_,
        user0_.last_login as last_log6_8_0_,
        user0_.mobile_number as mobile_n7_8_0_,
        user0_.password as password8_8_0_,
        user0_.profile_photo as profile_9_8_0_,
        user0_.profile_photo_content_type as profile10_8_0_,
        user0_.role as role11_8_0_,
        user0_.session_id as session12_8_0_,
        user0_.updated_at as updated13_8_0_,
        user0_.username as usernam14_8_0_ 
    from
        users user0_ 
    where
        user0_.user_id=?
2026-03-10 15:54:56 [TRACE] BasicBinder:64 - binding parameter [1] as [BIGINT] - [37]
2026-03-10 15:54:56 [DEBUG] SQL:144 - 
    select
        userprofil0_.profile_id as profile_1_7_0_,
        userprofil0_.address as address2_7_0_,
        userprofil0_.city as city3_7_0_,
        userprofil0_.date_of_birth as date_of_4_7_0_,
        userprofil0_.gender as gender5_7_0_,
        userprofil0_.id as id6_7_0_,
        userprofil0_.occupation as occupati7_7_0_,
        userprofil0_.pincode as pincode8_7_0_,
        userprofil0_.state as state9_7_0_,
        userprofil0_.user_id as user_id10_7_0_ 
    from
        user_profiles userprofil0_ 
    where
        userprofil0_.user_id=?
2026-03-10 15:54:56 [TRACE] BasicBinder:64 - binding parameter [1] as [BIGINT] - [37]
2026-03-10 15:54:56 [DEBUG] SQL:144 - 
    select
        ticket0_.ticket_id as ticket_i1_4_0_,
        train1_.train_no as train_no1_6_1_,
        ticket0_.booking_date as booking_2_4_0_,
        ticket0_.booking_status as booking_3_4_0_,
        ticket0_.cancellation_charges as cancella4_4_0_,
        ticket0_.cancellation_date as cancella5_4_0_,
        ticket0_.cancellation_reason as cancella6_4_0_,
        ticket0_.cancellation_requested_date as cancella7_4_0_,
        ticket0_.class_type as class_ty8_4_0_,
        ticket0_.destination_station as destinat9_4_0_,
        ticket0_.journey_date as journey10_4_0_,
        ticket0_.meal_id as meal_id11_4_0_,
        ticket0_.meal_quantity as meal_qu12_4_0_,
        ticket0_.number_of_seats as number_13_4_0_,
        ticket0_.passenger_age as passeng14_4_0_,
        ticket0_.passenger_gender as passeng15_4_0_,
        ticket0_.passenger_name as passeng16_4_0_,
        ticket0_.payment_id as payment17_4_0_,
        ticket0_.payment_method as payment18_4_0_,
        ticket0_.payment_status as payment19_4_0_,
        ticket0_.refund_amount as refund_20_4_0_,
        ticket0_.refund_date as refund_21_4_0_,
        ticket0_.refund_percentage as refund_22_4_0_,
        ticket0_.refund_processed_date as refund_23_4_0_,
        ticket0_.refund_status as refund_24_4_0_,
        ticket0_.refund_transaction_id as refund_25_4_0_,
        ticket0_.source_station as source_26_4_0_,
        ticket0_.ticket_status as ticket_27_4_0_,
        ticket0_.total_fare as total_f28_4_0_,
        ticket0_.train_no as train_n29_4_0_,
        ticket0_.user_id as user_id30_4_0_,
        train1_.ac_fare as ac_fare2_6_1_,
        train1_.ac_seats as ac_seats3_6_1_,
        train1_.arrival_time as arrival_4_6_1_,
        train1_.available_seats as availabl5_6_1_,
        train1_.created_at as created_6_6_1_,
        train1_.departure_time as departur7_6_1_,
        train1_.destination as destinat8_6_1_,
        train1_.destination_station as destinat9_6_1_,
        train1_.general_fare as general10_6_1_,
        train1_.general_seats as general11_6_1_,
        train1_.is_active as is_acti12_6_1_,
        train1_.journey_date as journey13_6_1_,
        train1_.sleeper_fare as sleeper14_6_1_,
        train1_.sleeper_seats as sleeper15_6_1_,
        train1_.source as source16_6_1_,
        train1_.source_station as source_17_6_1_,
        train1_.ticket_price as ticket_18_6_1_,
        train1_.train_name as train_n19_6_1_,
        train1_.travel_date as travel_20_6_1_,
        train1_.updated_at as updated21_6_1_ 
    from
        tickets ticket0_ 
    left outer join
        trains train1_ 
            on ticket0_.train_no=train1_.train_no 
    where
        ticket0_.user_id=? 
    order by
        ticket0_.booking_date DESC
2026-03-10 15:54:56 [TRACE] BasicBinder:64 - binding parameter [1] as [BIGINT] - [37]
2026-03-10 15:54:56 [DEBUG] SQL:144 - 
    select
        user0_.user_id as user_id1_8_0_,
        user0_.created_at as created_2_8_0_,
        user0_.email as email3_8_0_,
        user0_.full_name as full_nam4_8_0_,
        user0_.is_enabled as is_enabl5_8_0_,
        user0_.last_login as last_log6_8_0_,
        user0_.mobile_number as mobile_n7_8_0_,
        user0_.password as password8_8_0_,
        user0_.profile_photo as profile_9_8_0_,
        user0_.profile_photo_content_type as profile10_8_0_,
        user0_.role as role11_8_0_,
        user0_.session_id as session12_8_0_,
        user0_.updated_at as updated13_8_0_,
        user0_.username as usernam14_8_0_ 
    from
        users user0_ 
    where
        user0_.user_id=?
2026-03-10 15:54:56 [TRACE] BasicBinder:64 - binding parameter [1] as [BIGINT] - [37]
2026-03-10 15:54:56 [DEBUG] SQL:144 - 
    select
        userprofil0_.profile_id as profile_1_7_0_,
        userprofil0_.address as address2_7_0_,
        userprofil0_.city as city3_7_0_,
        userprofil0_.date_of_birth as date_of_4_7_0_,
        userprofil0_.gender as gender5_7_0_,
        userprofil0_.id as id6_7_0_,
        userprofil0_.occupation as occupati7_7_0_,
        userprofil0_.pincode as pincode8_7_0_,
        userprofil0_.state as state9_7_0_,
        userprofil0_.user_id as user_id10_7_0_ 
    from
        user_profiles userprofil0_ 
    where
        userprofil0_.user_id=?
2026-03-10 15:54:56 [TRACE] BasicBinder:64 - binding parameter [1] as [BIGINT] - [37]
2026-03-10 15:54:56 [DEBUG] SQL:144 - 
    select
        ticket0_.ticket_id as ticket_i1_4_0_,
        train1_.train_no as train_no1_6_1_,
        ticket0_.booking_date as booking_2_4_0_,
        ticket0_.booking_status as booking_3_4_0_,
        ticket0_.cancellation_charges as cancella4_4_0_,
        ticket0_.cancellation_date as cancella5_4_0_,
        ticket0_.cancellation_reason as cancella6_4_0_,
        ticket0_.cancellation_requested_date as cancella7_4_0_,
        ticket0_.class_type as class_ty8_4_0_,
        ticket0_.destination_station as destinat9_4_0_,
        ticket0_.journey_date as journey10_4_0_,
        ticket0_.meal_id as meal_id11_4_0_,
        ticket0_.meal_quantity as meal_qu12_4_0_,
        ticket0_.number_of_seats as number_13_4_0_,
        ticket0_.passenger_age as passeng14_4_0_,
        ticket0_.passenger_gender as passeng15_4_0_,
        ticket0_.passenger_name as passeng16_4_0_,
        ticket0_.payment_id as payment17_4_0_,
        ticket0_.payment_method as payment18_4_0_,
        ticket0_.payment_status as payment19_4_0_,
        ticket0_.refund_amount as refund_20_4_0_,
        ticket0_.refund_date as refund_21_4_0_,
        ticket0_.refund_percentage as refund_22_4_0_,
        ticket0_.refund_processed_date as refund_23_4_0_,
        ticket0_.refund_status as refund_24_4_0_,
        ticket0_.refund_transaction_id as refund_25_4_0_,
        ticket0_.source_station as source_26_4_0_,
        ticket0_.ticket_status as ticket_27_4_0_,
        ticket0_.total_fare as total_f28_4_0_,
        ticket0_.train_no as train_n29_4_0_,
        ticket0_.user_id as user_id30_4_0_,
        train1_.ac_fare as ac_fare2_6_1_,
        train1_.ac_seats as ac_seats3_6_1_,
        train1_.arrival_time as arrival_4_6_1_,
        train1_.available_seats as availabl5_6_1_,
        train1_.created_at as created_6_6_1_,
        train1_.departure_time as departur7_6_1_,
        train1_.destination as destinat8_6_1_,
        train1_.destination_station as destinat9_6_1_,
        train1_.general_fare as general10_6_1_,
        train1_.general_seats as general11_6_1_,
        train1_.is_active as is_acti12_6_1_,
        train1_.journey_date as journey13_6_1_,
        train1_.sleeper_fare as sleeper14_6_1_,
        train1_.sleeper_seats as sleeper15_6_1_,
        train1_.source as source16_6_1_,
        train1_.source_station as source_17_6_1_,
        train1_.ticket_price as ticket_18_6_1_,
        train1_.train_name as train_n19_6_1_,
        train1_.travel_date as travel_20_6_1_,
        train1_.updated_at as updated21_6_1_ 
    from
        tickets ticket0_ 
    left outer join
        trains train1_ 
            on ticket0_.train_no=train1_.train_no 
    where
        ticket0_.user_id=? 
    order by
        ticket0_.booking_date DESC limit ?
2026-03-10 15:54:57 [TRACE] BasicBinder:64 - binding parameter [1] as [BIGINT] - [37]
2026-03-10 15:54:57 [INFO ] BookingServiceImpl:170 - Fetching active bookings for user: 37
2026-03-10 15:54:57 [INFO ] BookingServiceImpl:170 - Fetching active bookings for user: 37
2026-03-10 15:54:57 [DEBUG] SQL:144 - 
    select
        ticket0_.ticket_id as ticket_i1_4_0_,
        train1_.train_no as train_no1_6_1_,
        ticket0_.booking_date as booking_2_4_0_,
        ticket0_.booking_status as booking_3_4_0_,
        ticket0_.cancellation_charges as cancella4_4_0_,
        ticket0_.cancellation_date as cancella5_4_0_,
        ticket0_.cancellation_reason as cancella6_4_0_,
        ticket0_.cancellation_requested_date as cancella7_4_0_,
        ticket0_.class_type as class_ty8_4_0_,
        ticket0_.destination_station as destinat9_4_0_,
        ticket0_.journey_date as journey10_4_0_,
        ticket0_.meal_id as meal_id11_4_0_,
        ticket0_.meal_quantity as meal_qu12_4_0_,
        ticket0_.number_of_seats as number_13_4_0_,
        ticket0_.passenger_age as passeng14_4_0_,
        ticket0_.passenger_gender as passeng15_4_0_,
        ticket0_.passenger_name as passeng16_4_0_,
        ticket0_.payment_id as payment17_4_0_,
        ticket0_.payment_method as payment18_4_0_,
        ticket0_.payment_status as payment19_4_0_,
        ticket0_.refund_amount as refund_20_4_0_,
        ticket0_.refund_date as refund_21_4_0_,
        ticket0_.refund_percentage as refund_22_4_0_,
        ticket0_.refund_processed_date as refund_23_4_0_,
        ticket0_.refund_status as refund_24_4_0_,
        ticket0_.refund_transaction_id as refund_25_4_0_,
        ticket0_.source_station as source_26_4_0_,
        ticket0_.ticket_status as ticket_27_4_0_,
        ticket0_.total_fare as total_f28_4_0_,
        ticket0_.train_no as train_n29_4_0_,
        ticket0_.user_id as user_id30_4_0_,
        train1_.ac_fare as ac_fare2_6_1_,
        train1_.ac_seats as ac_seats3_6_1_,
        train1_.arrival_time as arrival_4_6_1_,
        train1_.available_seats as availabl5_6_1_,
        train1_.created_at as created_6_6_1_,
        train1_.departure_time as departur7_6_1_,
        train1_.destination as destinat8_6_1_,
        train1_.destination_station as destinat9_6_1_,
        train1_.general_fare as general10_6_1_,
        train1_.general_seats as general11_6_1_,
        train1_.is_active as is_acti12_6_1_,
        train1_.journey_date as journey13_6_1_,
        train1_.sleeper_fare as sleeper14_6_1_,
        train1_.sleeper_seats as sleeper15_6_1_,
        train1_.source as source16_6_1_,
        train1_.source_station as source_17_6_1_,
        train1_.ticket_price as ticket_18_6_1_,
        train1_.train_name as train_n19_6_1_,
        train1_.travel_date as travel_20_6_1_,
        train1_.updated_at as updated21_6_1_ 
    from
        tickets ticket0_ 
    left outer join
        trains train1_ 
            on ticket0_.train_no=train1_.train_no 
    where
        ticket0_.user_id=? 
        and ticket0_.journey_date>=CURRENT_DATE 
        and ticket0_.ticket_status='CONFIRMED'
2026-03-10 15:54:57 [TRACE] BasicBinder:64 - binding parameter [1] as [BIGINT] - [37]
2026-03-10 15:54:57 [INFO ] BookingServiceImpl:176 - Fetching past bookings for user: 37
2026-03-10 15:54:57 [INFO ] BookingServiceImpl:176 - Fetching past bookings for user: 37
2026-03-10 15:54:57 [DEBUG] SQL:144 - 
    select
        ticket0_.ticket_id as ticket_i1_4_0_,
        train1_.train_no as train_no1_6_1_,
        ticket0_.booking_date as booking_2_4_0_,
        ticket0_.booking_status as booking_3_4_0_,
        ticket0_.cancellation_charges as cancella4_4_0_,
        ticket0_.cancellation_date as cancella5_4_0_,
        ticket0_.cancellation_reason as cancella6_4_0_,
        ticket0_.cancellation_requested_date as cancella7_4_0_,
        ticket0_.class_type as class_ty8_4_0_,
        ticket0_.destination_station as destinat9_4_0_,
        ticket0_.journey_date as journey10_4_0_,
        ticket0_.meal_id as meal_id11_4_0_,
        ticket0_.meal_quantity as meal_qu12_4_0_,
        ticket0_.number_of_seats as number_13_4_0_,
        ticket0_.passenger_age as passeng14_4_0_,
        ticket0_.passenger_gender as passeng15_4_0_,
        ticket0_.passenger_name as passeng16_4_0_,
        ticket0_.payment_id as payment17_4_0_,
        ticket0_.payment_method as payment18_4_0_,
        ticket0_.payment_status as payment19_4_0_,
        ticket0_.refund_amount as refund_20_4_0_,
        ticket0_.refund_date as refund_21_4_0_,
        ticket0_.refund_percentage as refund_22_4_0_,
        ticket0_.refund_processed_date as refund_23_4_0_,
        ticket0_.refund_status as refund_24_4_0_,
        ticket0_.refund_transaction_id as refund_25_4_0_,
        ticket0_.source_station as source_26_4_0_,
        ticket0_.ticket_status as ticket_27_4_0_,
        ticket0_.total_fare as total_f28_4_0_,
        ticket0_.train_no as train_n29_4_0_,
        ticket0_.user_id as user_id30_4_0_,
        train1_.ac_fare as ac_fare2_6_1_,
        train1_.ac_seats as ac_seats3_6_1_,
        train1_.arrival_time as arrival_4_6_1_,
        train1_.available_seats as availabl5_6_1_,
        train1_.created_at as created_6_6_1_,
        train1_.departure_time as departur7_6_1_,
        train1_.destination as destinat8_6_1_,
        train1_.destination_station as destinat9_6_1_,
        train1_.general_fare as general10_6_1_,
        train1_.general_seats as general11_6_1_,
        train1_.is_active as is_acti12_6_1_,
        train1_.journey_date as journey13_6_1_,
        train1_.sleeper_fare as sleeper14_6_1_,
        train1_.sleeper_seats as sleeper15_6_1_,
        train1_.source as source16_6_1_,
        train1_.source_station as source_17_6_1_,
        train1_.ticket_price as ticket_18_6_1_,
        train1_.train_name as train_n19_6_1_,
        train1_.travel_date as travel_20_6_1_,
        train1_.updated_at as updated21_6_1_ 
    from
        tickets ticket0_ 
    left outer join
        trains train1_ 
            on ticket0_.train_no=train1_.train_no 
    where
        ticket0_.user_id=? 
        and ticket0_.journey_date<CURRENT_DATE
2026-03-10 15:54:57 [TRACE] BasicBinder:64 - binding parameter [1] as [BIGINT] - [37]
2026-03-10 15:54:57 [INFO ] MealServiceImpl:180 - Fetching meal orders for user: 37
2026-03-10 15:54:57 [INFO ] MealServiceImpl:180 - Fetching meal orders for user: 37
2026-03-10 15:54:57 [DEBUG] SQL:144 - 
    select
        user0_.user_id as user_id1_8_0_,
        user0_.created_at as created_2_8_0_,
        user0_.email as email3_8_0_,
        user0_.full_name as full_nam4_8_0_,
        user0_.is_enabled as is_enabl5_8_0_,
        user0_.last_login as last_log6_8_0_,
        user0_.mobile_number as mobile_n7_8_0_,
        user0_.password as password8_8_0_,
        user0_.profile_photo as profile_9_8_0_,
        user0_.profile_photo_content_type as profile10_8_0_,
        user0_.role as role11_8_0_,
        user0_.session_id as session12_8_0_,
        user0_.updated_at as updated13_8_0_,
        user0_.username as usernam14_8_0_ 
    from
        users user0_ 
    where
        user0_.user_id=?
2026-03-10 15:54:57 [TRACE] BasicBinder:64 - binding parameter [1] as [BIGINT] - [37]
2026-03-10 15:54:57 [DEBUG] SQL:144 - 
    select
        userprofil0_.profile_id as profile_1_7_0_,
        userprofil0_.address as address2_7_0_,
        userprofil0_.city as city3_7_0_,
        userprofil0_.date_of_birth as date_of_4_7_0_,
        userprofil0_.gender as gender5_7_0_,
        userprofil0_.id as id6_7_0_,
        userprofil0_.occupation as occupati7_7_0_,
        userprofil0_.pincode as pincode8_7_0_,
        userprofil0_.state as state9_7_0_,
        userprofil0_.user_id as user_id10_7_0_ 
    from
        user_profiles userprofil0_ 
    where
        userprofil0_.user_id=?
2026-03-10 15:54:57 [TRACE] BasicBinder:64 - binding parameter [1] as [BIGINT] - [37]
2026-03-10 15:54:57 [DEBUG] SQL:144 - 
    select
        mealorder0_.order_id as order_id1_0_,
        mealorder0_.cancellation_date as cancella2_0_,
        mealorder0_.cancellation_reason as cancella3_0_,
        mealorder0_.delivery_station as delivery4_0_,
        mealorder0_.delivery_status as delivery5_0_,
        mealorder0_.id as id6_0_,
        mealorder0_.meal_id as meal_id13_0_,
        mealorder0_.order_date as order_da7_0_,
        mealorder0_.quantity as quantity8_0_,
        mealorder0_.refund_amount as refund_a9_0_,
        mealorder0_.refund_status as refund_10_0_,
        mealorder0_.special_instructions as special11_0_,
        mealorder0_.ticket_id as ticket_14_0_,
        mealorder0_.total_price as total_p12_0_,
        mealorder0_.user_id as user_id15_0_ 
    from
        meal_orders mealorder0_ 
    where
        mealorder0_.user_id=? 
    order by
        mealorder0_.order_date desc
2026-03-10 15:54:57 [TRACE] BasicBinder:64 - binding parameter [1] as [BIGINT] - [37]
2026-03-10 15:54:57 [INFO ] MealServiceImpl:42 - Fetching available meals
2026-03-10 15:54:57 [INFO ] MealServiceImpl:42 - Fetching available meals
2026-03-10 15:54:57 [DEBUG] SQL:144 - 
    select
        meal0_.meal_id as meal_id1_1_,
        meal0_.availability_status as availabi2_1_,
        meal0_.created_at as created_3_1_,
        meal0_.description as descript4_1_,
        meal0_.image as image5_1_,
        meal0_.image_content_type as image_co6_1_,
        meal0_.image_url as image_ur7_1_,
        meal0_.is_available as is_avail8_1_,
        meal0_.meal_name as meal_nam9_1_,
        meal0_.meal_type as meal_ty10_1_,
        meal0_.preparation_time as prepara11_1_,
        meal0_.price as price12_1_,
        meal0_.updated_at as updated13_1_ 
    from
        meals meal0_ 
    where
        meal0_.availability_status=1
2026-03-10 15:54:57 [DEBUG] SQL:144 - 
    select
        count(ticket0_.ticket_id) as col_0_0_ 
    from
        tickets ticket0_ 
    where
        ticket0_.user_id=? 
        and ticket0_.refund_status='PENDING'
2026-03-10 15:54:57 [TRACE] BasicBinder:64 - binding parameter [1] as [BIGINT] - [37]
2026-03-10 15:54:57 [DEBUG] SQL:144 - 
    select
        count(ticket0_.ticket_id) as col_0_0_ 
    from
        tickets ticket0_ 
    where
        ticket0_.user_id=? 
        and ticket0_.refund_status='PROCESSING'
2026-03-10 15:54:57 [TRACE] BasicBinder:64 - binding parameter [1] as [BIGINT] - [37]
2026-03-10 15:54:57 [DEBUG] SQL:144 - 
    select
        count(ticket0_.ticket_id) as col_0_0_ 
    from
        tickets ticket0_ 
    where
        ticket0_.user_id=? 
        and ticket0_.refund_status='COMPLETED'
2026-03-10 15:54:57 [TRACE] BasicBinder:64 - binding parameter [1] as [BIGINT] - [37]
2026-03-10 15:54:57 [DEBUG] DispatcherServlet:1131 - Completed 200 OK
2026-03-10 15:55:22 [DEBUG] DispatcherServlet:120 - GET "/RailEase/booking/payment/TK2026030957491001", parameters={}
2026-03-10 15:55:22 [DEBUG] RequestMappingHandlerMapping:522 - Mapped to com.railease.controller.BookingController#showPaymentPage(String, HttpSession, Model)
2026-03-10 15:55:22 [DEBUG] DispatcherServlet:1131 - Completed 302 FOUND
2026-03-10 15:55:22 [DEBUG] DispatcherServlet:120 - GET "/RailEase/login", parameters={}
2026-03-10 15:55:22 [DEBUG] RequestMappingHandlerMapping:522 - Mapped to com.railease.controller.LoginController#showLoginForm(Model, String, String, String, String)
2026-03-10 15:55:22 [DEBUG] DispatcherServlet:1131 - Completed 200 OK
2026-03-10 15:55:34 [DEBUG] DispatcherServlet:120 - POST "/RailEase/login", parameters={masked}
2026-03-10 15:55:34 [DEBUG] RequestMappingHandlerMapping:522 - Mapped to com.railease.controller.LoginController#login(String, String, HttpSession, Model)
2026-03-10 15:55:34 [INFO ] LoginController:60 - Login attempt for user: siyali
2026-03-10 15:55:34 [INFO ] LoginController:60 - Login attempt for user: siyali
2026-03-10 15:55:34 [INFO ] LoginServiceImpl:24 - Authenticating user: siyali
2026-03-10 15:55:34 [INFO ] LoginServiceImpl:24 - Authenticating user: siyali
2026-03-10 15:55:34 [DEBUG] SQL:144 - 
    select
        user0_.user_id as user_id1_8_,
        user0_.created_at as created_2_8_,
        user0_.email as email3_8_,
        user0_.full_name as full_nam4_8_,
        user0_.is_enabled as is_enabl5_8_,
        user0_.last_login as last_log6_8_,
        user0_.mobile_number as mobile_n7_8_,
        user0_.password as password8_8_,
        user0_.profile_photo as profile_9_8_,
        user0_.profile_photo_content_type as profile10_8_,
        user0_.role as role11_8_,
        user0_.session_id as session12_8_,
        user0_.updated_at as updated13_8_,
        user0_.username as usernam14_8_ 
    from
        users user0_ 
    where
        user0_.username=?
2026-03-10 15:55:34 [TRACE] BasicBinder:64 - binding parameter [1] as [VARCHAR] - [siyali]
2026-03-10 15:55:34 [DEBUG] SQL:144 - 
    select
        userprofil0_.profile_id as profile_1_7_0_,
        userprofil0_.address as address2_7_0_,
        userprofil0_.city as city3_7_0_,
        userprofil0_.date_of_birth as date_of_4_7_0_,
        userprofil0_.gender as gender5_7_0_,
        userprofil0_.id as id6_7_0_,
        userprofil0_.occupation as occupati7_7_0_,
        userprofil0_.pincode as pincode8_7_0_,
        userprofil0_.state as state9_7_0_,
        userprofil0_.user_id as user_id10_7_0_ 
    from
        user_profiles userprofil0_ 
    where
        userprofil0_.user_id=?
2026-03-10 15:55:34 [TRACE] BasicBinder:64 - binding parameter [1] as [BIGINT] - [35]
2026-03-10 15:55:35 [DEBUG] SQL:144 - 
    select
        user0_.user_id as user_id1_8_2_,
        user0_.created_at as created_2_8_2_,
        user0_.email as email3_8_2_,
        user0_.full_name as full_nam4_8_2_,
        user0_.is_enabled as is_enabl5_8_2_,
        user0_.last_login as last_log6_8_2_,
        user0_.mobile_number as mobile_n7_8_2_,
        user0_.password as password8_8_2_,
        user0_.profile_photo as profile_9_8_2_,
        user0_.profile_photo_content_type as profile10_8_2_,
        user0_.role as role11_8_2_,
        user0_.session_id as session12_8_2_,
        user0_.updated_at as updated13_8_2_,
        user0_.username as usernam14_8_2_,
        tickets1_.user_id as user_id30_4_4_,
        tickets1_.ticket_id as ticket_i1_4_4_,
        tickets1_.ticket_id as ticket_i1_4_0_,
        tickets1_.booking_date as booking_2_4_0_,
        tickets1_.booking_status as booking_3_4_0_,
        tickets1_.cancellation_charges as cancella4_4_0_,
        tickets1_.cancellation_date as cancella5_4_0_,
        tickets1_.cancellation_reason as cancella6_4_0_,
        tickets1_.cancellation_requested_date as cancella7_4_0_,
        tickets1_.class_type as class_ty8_4_0_,
        tickets1_.destination_station as destinat9_4_0_,
        tickets1_.journey_date as journey10_4_0_,
        tickets1_.meal_id as meal_id11_4_0_,
        tickets1_.meal_quantity as meal_qu12_4_0_,
        tickets1_.number_of_seats as number_13_4_0_,
        tickets1_.passenger_age as passeng14_4_0_,
        tickets1_.passenger_gender as passeng15_4_0_,
        tickets1_.passenger_name as passeng16_4_0_,
        tickets1_.payment_id as payment17_4_0_,
        tickets1_.payment_method as payment18_4_0_,
        tickets1_.payment_status as payment19_4_0_,
        tickets1_.refund_amount as refund_20_4_0_,
        tickets1_.refund_date as refund_21_4_0_,
        tickets1_.refund_percentage as refund_22_4_0_,
        tickets1_.refund_processed_date as refund_23_4_0_,
        tickets1_.refund_status as refund_24_4_0_,
        tickets1_.refund_transaction_id as refund_25_4_0_,
        tickets1_.source_station as source_26_4_0_,
        tickets1_.ticket_status as ticket_27_4_0_,
        tickets1_.total_fare as total_f28_4_0_,
        tickets1_.train_no as train_n29_4_0_,
        tickets1_.user_id as user_id30_4_0_,
        userprofil2_.profile_id as profile_1_7_1_,
        userprofil2_.address as address2_7_1_,
        userprofil2_.city as city3_7_1_,
        userprofil2_.date_of_birth as date_of_4_7_1_,
        userprofil2_.gender as gender5_7_1_,
        userprofil2_.id as id6_7_1_,
        userprofil2_.occupation as occupati7_7_1_,
        userprofil2_.pincode as pincode8_7_1_,
        userprofil2_.state as state9_7_1_,
        userprofil2_.user_id as user_id10_7_1_ 
    from
        users user0_ 
    left outer join
        tickets tickets1_ 
            on user0_.user_id=tickets1_.user_id 
    left outer join
        user_profiles userprofil2_ 
            on user0_.user_id=userprofil2_.user_id 
    where
        user0_.user_id=?
2026-03-10 15:55:35 [TRACE] BasicBinder:64 - binding parameter [1] as [BIGINT] - [35]
2026-03-10 15:55:35 [DEBUG] SQL:144 - 
    update
        users 
    set
        email=?,
        full_name=?,
        is_enabled=?,
        last_login=?,
        mobile_number=?,
        password=?,
        profile_photo=?,
        profile_photo_content_type=?,
        role=?,
        session_id=?,
        updated_at=?,
        username=? 
    where
        user_id=?
2026-03-10 15:55:35 [TRACE] BasicBinder:64 - binding parameter [1] as [VARCHAR] - [siyali123455@gmail.com]
2026-03-10 15:55:35 [TRACE] BasicBinder:64 - binding parameter [2] as [VARCHAR] - [Siyali solankii]
2026-03-10 15:55:35 [TRACE] BasicBinder:64 - binding parameter [3] as [BOOLEAN] - [true]
2026-03-10 15:55:35 [TRACE] BasicBinder:64 - binding parameter [4] as [TIMESTAMP] - [2026-03-10T15:55:35.177987600]
2026-03-10 15:55:35 [TRACE] BasicBinder:64 - binding parameter [5] as [VARCHAR] - [8320485674]
2026-03-10 15:55:35 [TRACE] BasicBinder:64 - binding parameter [6] as [VARCHAR] - [$2a$10$B/bsEeyRE3UeHs7B.pwA4OC6BMxzjyBE9NnVHMEG7zK/Ce1DH0MJ2]
2026-03-10 15:55:35 [TRACE] BasicBinder:64 - binding parameter [7] as [BLOB] - [[-1, -40, -1, -32, 0, 16, 74, 70, 73, 70, 0, 1, 1, 0, 0, 1, 0, 1, 0, 0, -1, -37, 0, -124, 0, 9, 6, 7, 17, 19, 16, 16, 16, 16, 19, 18, 18, 18, 21, 16, 15, 15, 16, 16, 15, 15, 15, 15, 16, 15, 16, 21, 18, 22, 22, 21, 17, 21, 21, 24, 29, 40, 32, 24, 26, 37, 27, 21, 21, 33, 49, 33, 37, 41, 43, 46, 46, 46, 23, 31, 51, 56, 51, 44, 55, 42, 45, 46, 43, 1, 10, 10, 10, 14, 13, 14, 24, 16, 16, 27, 45, 31, 32, 31, 45, 45, 45, 45, 45, 45, 45, 45, 45, 45, 45, 45, 45, 45, 45, 45, 45, 45, 45, 45, 45, 45, 45, 45, 45, 45, 45, 45, 45, 43, 45, 55, 45, 45, 45, 45, 45, 45, 45, 45, 45, 43, 45, 45, 46, 45, 45, 43, 45, 45, -1, -64, 0, 17, 8, 1, 19, 0, -73, 3, 1, 34, 0, 2, 17, 1, 3, 17, 1, -1, -60, 0, 28, 0, 0, 1, 5, 1, 1, 1, 0, 0, 0, 0, 0, 0, 0, 0, 0, 0, 3, 0, 1, 2, 4, 5, 6, 7, 8, -1, -60, 0, 63, 16, 0, 1, 4, 1, 2, 4, 3, 5, 6, 4, 4, 5, 5, 0, 0, 0, 1, 0, 2, 3, 17, 4, 18, 33, 5, 49, 65, 81, 6, 19, 97, 34, 50, 113, -127, -111, 7, 20, 66, 82, -95, -79, 35, 83, -110, -31, 21, 114, -94, -63, 51, 67, 98, -126, -15, 22, 36, 84, 99, -47, -1, -60, 0, 26, 1, 0, 3, 1, 1, 1, 1, 0, 0, 0, 0, 0, 0, 0, 0, 0, 0, 0, 1, 2, 3, 4, 5, 6, -1, -60, 0, 38, 17, 0, 2, 2, 2, 2, 2, 3, 0, 2, 3, 1, 0, 0, 0, 0, 0, 0, 1, 2, 17, 3, 18, 33, 49, 4, 65, 19, 34, 81, 5, 97, 66, -127, -79, 50, -1, -38, 0, 12, 3, 1, 0, 2, 17, 3, 17, 0, 63, 0, -12, -28, -12, -99, 36, 25, -115, 73, 39, 73, 0, 36, -109, -92, -128, 18, 73, 39, 64, -56, -92, -92, -110, 0, -118, 74, 73, -112, 3, 39, 79, 73, 82, 0, 100, -109, -46, 84, -128, 25, 36, -12, -107, 32, 8, -92, -99, 36, 0, -55, 39, 73, 2, 25, 36, -23, 32, 99, 39, 73, 58, 0, 100, -109, -89, 64, 13, 73, 39, 74, -112, 2, 73, 61, 36, -128, 25, 42, 78, -98, -112, 4, 105, 42, 82, 1, 56, 8, 2, 52, -107, 41, -106, -90, -46, -128, 35, 73, 82, 122, 73, 0, 53, 38, -91, 42, 74, -112, 4, 83, 82, -99, 36, 90, -128, 32, -107, 41, 20, -87, 0, 65, 58, -112, 106, 72, 2, 41, -64, 92, -12, 92, 89, -25, -1, 0, 11, 67, 27, 61, -37, 94, -23, 114, 58, 52, -125, 82, 67, 102, 88, -20, 81, 89, 43, 74, 98, 16, 106, 125, 41, -35, 35, 71, 50, 20, 91, 59, 79, 34, -107, -114, -119, 82, 84, -96, -7, 119, 81, -13, 18, -79, -48, 106, 72, -108, 31, 49, 45, 104, -80, 12, 10, 69, 4, 56, -88, -105, 34, -64, -77, 105, -83, 2, -119, -28, -100, 70, -28, -20, 3, 90, 107, 66, 44, 41, -117, 10, 86, 1, -83, 43, 85, -56, 33, 61, -94, -64, 56, 114, 123, 64, -75, 32, -128, 36, -10, -38, 102, 3, -43, 69, 58, 44, 2, 106, 76, -122, 92, -110, 44, 14, 74, 17, 69, 104, 67, 53, 116, 65, -30, 24, 38, 51, 119, 96, -99, -69, -124, 124, 86, 109, -70, -82, -60, -53, 49, 73, 106, -61, 74, -81, -92, 34, 71, -78, 9, 1, -60, 90, -22, -79, 106, -68, 44, -112, 110, 15, -43, 104, -65, 113, 72, 34, 15, 84, -88, 105, -127, -121, 53, -31, -44, -19, -3, 86, -100, 50, 2, 54, 42, -103, -57, 111, -49, -70, 28, 48, 16, 110, -54, 84, 86, -58, -65, -108, 83, -120, -108, 98, -56, -24, 126, -86, -62, 116, 0, 29, 26, 112, -60, 100, -56, -96, 18, 74, 15, 109, -89, -94, -127, 18, 73, 70, -113, 116, -31, 48, 30, -110, 73, 36, 0, -110, 76, 74, 27, -27, 3, -103, -92, -122, 52, -68, -44, 69, -87, -74, 102, -98, 91, -89, 50, -128, -89, -128, 32, 69, 39, 76, -25, -125, -70, 73, 88, -24, -27, -14, -78, -36, -13, -71, -37, -96, 82, -60, -108, -113, 85, 74, 57, 84, -101, 47, 101, -94, -32, 79, -109, 94, 60, -128, -17, 69, 49, 51, 123, -84, 96, -12, 41, 28, 109, 81, 52, 116, 3, 37, -67, -47, 68, -125, -70, -25, -29, 119, 117, 55, -53, 92, -118, 65, 70, -16, 112, 83, -44, 22, 4, 82, -98, -106, -92, -4, -105, 29, -110, 10, 58, 16, -31, -24, -83, 99, -111, 91, 46, 93, -78, -109, -35, 91, -122, 77, 36, 17, -86, -5, 111, -70, 69, 81, -48, 60, -88, -99, 72, 88, -39, 45, 112, -11, -20, 121, -85, 15, 27, 32, 6, 14, 78, 10, -57, -30, 57, 37, -92, 6, 29, -6, -86, 110, -50, -112, -19, -85, -23, -78, 73, -123, 29, 42, 107, 92, -18, 54, 76, -105, -69, -115, 122, -85, 70, 79, 95, -43, 49, 27, 26, -121, 117, 7, -52, -47, -52, -123, -118, -4, -112, 54, -75, 90, 71, -105, 29, -112, 6, -92, -39, -4, -24, 124, -43, 118, 100, 18, -17, 111, 113, -48, 116, 85, 95, 40, 3, 117, -101, 55, 23, 104, 52, 55, 82, -47, 72, -37, -105, 53, -60, -45, 69, 5, 9, -27, -46, -35, 114, 59, 97, -46, -10, 92, -26, 79, 26, 36, 83, 7, -51, 103, 75, 59, -35, -17, 56, -97, 75, -40, 41, -43, -78, -45, 72, -40, -52, -15, 9, 59, 51, 96, -103, 98, 105, 73, 61, 16, -74, 102, -84, 110, -76, 66, 123, 46, 43, -121, -15, -87, 25, -20, -65, -38, 109, -13, -22, -70, -68, 76, -106, -66, -120, 43, -91, -58, -116, 35, 59, 45, 7, 41, -121, 33, -11, 78, -50, 106, 11, -78, 69, -54, 14, 36, -89, 124, 123, -90, -70, -39, 48, 101, -122, -55, 65, 45, 70, -18, -107, 114, -27, 97, -77, 56, -128, -48, 17, 66, 45, 50, 98, 43, 100, -33, 124, 32, -34, -56, 101, -62, -87, -37, 20, 7, 52, 14, 74, 104, 105, -102, 88, -4, 64, -76, -33, 84, 121, -72, -85, -35, -54, -121, -63, 99, 53, -56, -116, 114, -99, 74, -80, -18, -25, 100, -38, 118, -20, -128, 36, 83, -13, 7, 84, 1, 55, 73, -47, 68, 23, 21, 31, 52, 116, 75, -17, 52, 19, 21, 7, 108, 125, -43, 124, -34, 32, -40, -59, 13, -54, -95, -103, -60, -55, 4, 53, 100, -72, -34, -28, -38, 67, 44, 100, 103, 61, -25, -99, 14, -56, 77, -120, -108, -47, -68, 4, 87, 79, -74, -63, 0, 74, 60, 100, 71, 98, -118, 82, -117, 40, 6, -18, 20, -26, -53, 6, -87, 34, -118, -19, -121, -70, 116, -92, -105, 109, -110, 72, 71, 8, -3, 36, 91, 77, -9, 79, -113, -105, 35, 8, 45, 39, 110, -117, 46, 41, 29, 29, -125, -43, 92, -60, -98, -41, 84, 100, 114, 52, 118, -100, 43, -113, 53, -32, 53, -5, 59, -41, -86, -36, -118, 78, -85, -50, 28, -45, -52, 115, 90, -68, 59, -113, 61, -76, 29, -72, 67, -123, -12, 82, -99, 118, 118, -78, -70, -37, 104, 109, 105, 117, 82, -95, -121, -59, -29, 120, -85, -93, -40, -83, 72, 32, 115, 125, -82, -123, 69, 81, -91, -40, -51, -60, 125, -33, 68, 72, 97, 125, -19, -11, 86, 88, -13, 72, -80, -50, 7, 48, -107, -123, 21, -122, 28, -114, 59, -3, 80, -78, -96, -47, -42, -43, -23, -14, -17, -35, -40, 42, -78, -70, -7, -92, 0, 26, -21, 74, -118, 51, 35, 1, 66, 119, 80, 65, 64, -117, -87, 8, -50, -85, -28, 100, 32, 52, -109, -51, 86, -92, -20, 93, -101, 48, 1, 107, 15, 47, -115, 106, -40, 108, 20, 56, -109, 100, 121, 12, 101, -41, 85, 60, 94, 8, 0, 26, -50, -24, -6, -82, -61, -20, -63, 69, -110, 85, -88, -51, -20, -117, 54, 19, 0, -39, 11, 31, 28, -121, 106, -24, -89, -122, 87, 40, 59, -95, -95, 105, -117, 17, -37, 59, 78, -54, 82, -49, 27, 0, 22, 44, -107, 5, 21, -51, -88, -46, 36, -71, 3, 88, -82, -87, -61, -63, 113, -12, 64, 16, 34, -110, 79, 35, -37, -51, 50, 67, 56, 71, 16, -19, -100, -85, 121, 69, -122, -57, 37, 24, -89, -70, 86, -30, -102, -51, 30, 74, -45, -93, 30, 25, 40, 50, -127, -40, -93, 72, 64, 85, -91, -60, -93, -87, -68, -107, -120, -37, 97, 107, 9, 38, 103, 40, -80, -112, -55, -40, -18, -70, 60, 47, 19, 72, 3, 89, 38, -19, 27, 88, -26, -71, 96, 64, 42, -45, 30, 10, -43, -92, -5, 33, 54, -70, 61, 19, -121, -25, -78, 81, 109, 42, -31, 11, -49, -8, 110, 73, -119, -31, -51, 59, 117, 29, -41, 77, 15, -120, 99, 38, -71, 124, 86, 50, -115, 62, 13, -29, 43, -20, -40, 33, 52, 113, -117, -73, 42, -93, 42, -9, 27, -88, -69, 39, -70, -126, -24, -69, 59, -121, 69, 79, 36, 18, 16, -78, 115, 52, -74, -6, -14, 3, -71, 92, -26, 83, -97, 35, -83, -18, 39, -99, 0, 104, 15, -110, -30, -14, 60, -56, -31, 122, -10, -50, -17, 27, -62, -106, 101, -75, -46, 53, -61, 59, -95, 77, -102, -58, -5, 61, 86, 54, 52, 14, 52, -26, -110, 54, 4, 27, 61, -107, -89, 64, 13, -69, -15, 109, 103, -72, -27, 127, 30, 74, 112, 127, 33, 28, -109, -46, 74, -84, -65, 39, -8, -23, 98, -122, -15, 119, 93, -106, -96, -55, -33, 100, -49, -101, -38, 15, -67, -69, 32, -116, 125, 66, -101, 106, -28, 124, 46, -40, 46, -41, 123, -92, 121, -36, -128, 118, 123, 94, 104, 42, 121, 25, -123, -82, 45, 109, -112, -81, -61, -61, 67, 73, -39, 105, -63, -61, -104, 5, -48, 39, -86, 54, -118, 13, 100, -50, 83, -17, 103, -79, 85, -25, -107, -27, -41, -65, -94, -22, -26, -31, -30, -10, 1, 14, 88, 88, -47, 100, 11, 77, 77, 3, -58, -1, 0, 78, 108, 75, 46, -57, 117, -96, -36, -30, 24, 108, 123, 73, 103, 102, 93, 80, 0, 5, -101, -105, -109, -19, 88, 79, -78, 111, 95, 102, -117, -25, 113, 96, -67, -110, 88, -77, -26, -110, -99, 26, -117, 115, -103, 44, 45, 40, -48, 60, -126, 10, -21, 114, -72, 67, 36, 55, -53, -47, 84, -109, -61, 127, -108, -4, -106, 91, -81, 101, 60, 111, -48, -80, -79, -75, -127, -92, -123, -95, -125, -62, -84, -112, 118, 71, -31, -36, 44, 70, -51, -50, -22, -28, 51, 81, -81, -43, 74, 127, -123, -21, -6, 96, -15, 30, 14, 90, 118, 89, -108, 90, 119, 93, -68, -114, 4, 83, -73, 11, 35, 59, -122, 7, 89, 103, 53, -47, 12, -97, -90, 83, -59, -19, 24, -115, -108, -124, 120, -26, 37, 14, 88, -120, 4, 56, 81, 8, 13, 43, 115, -103, -16, 110, -16, -34, 38, 99, 117, 110, 65, 91, -46, 103, 13, 58, -87, 113, -83, -56, 35, -94, 47, -8, -117, -23, 75, -123, -102, 70, 116, -115, -119, 120, -127, 115, -125, 75, 79, 39, 56, 30, -100, -64, -81, -113, 37, 32, -19, -67, -33, -86, 104, 92, 25, 27, 67, -67, -30, 3, -99, -34, -50, -32, 124, -121, -5, -88, -100, -97, 67, -6, 5, -14, -98, 83, -116, -13, -55, -57, -85, 62, -73, -61, 82, -114, 8, 41, 46, 104, -83, -105, -25, 56, 123, 6, -66, 29, 21, 95, 15, 75, -110, 114, 76, 83, 52, -106, 105, 115, -117, -22, -102, 5, 109, -65, -59, 106, -77, 43, -45, -10, 42, -21, 100, 14, -115, -51, 109, 7, 105, 37, -99, 14, -82, -125, -25, -55, 30, 59, 81, -56, -108, -70, -1, 0, -123, 121, 91, 124, 82, -41, -70, 46, 71, 44, 108, 29, 21, 71, 113, -74, -121, 105, -23, 107, -107, -109, 33, -25, -103, 42, 49, -58, -25, 89, 95, 75, -15, 47, 103, -54, -68, -49, -47, -24, 122, -102, -24, -11, 14, -42, -85, -3, -26, -122, -27, 97, 112, 110, 40, 88, 60, -71, 57, 116, 40, 92, 95, -119, 93, -75, -100, -108, 104, -18, -115, 62, 69, 86, 104, -27, -15, -74, -76, 26, -36, -84, 44, -98, 38, -25, 44, -9, -68, -18, -94, 57, 45, 20, 82, 49, -108, -37, 9, 36, -92, -19, 104, 37, 51, -33, -78, 25, -111, 50, 73, 18, -110, 25, 59, -89, 64, 29, 97, 115, 107, -1, 0, 41, 58, 81, 99, 117, -123, -109, -104, 47, -102, 16, -53, -11, 88, 107, 102, -65, 45, 29, 107, 94, 8, -36, -94, -64, -56, -113, 53, -111, -125, 37, -76, 110, -82, -29, -73, 126, 104, 81, 43, 123, 54, 4, 112, 86, -18, 31, 85, 22, -61, -115, -4, -63, -3, 97, 99, -28, 15, 85, 65, -13, -46, -42, 56, -20, -54, 89, -102, 58, 103, -31, 98, 59, -101, -38, 127, -18, 10, 13, -32, 120, 103, -81, -6, -126, -63, -121, -119, 1, -8, 86, -124, 60, 100, 126, 83, -12, 85, -15, -75, -47, 11, 50, 125, -102, -93, -61, -72, 103, -81, -6, -109, 77, -31, -116, 64, -57, -68, 19, 109, 107, -100, 61, -96, 119, 0, -111, -73, 84, 24, 120, -85, 73, -83, 39, -24, -83, 74, 102, 115, -76, 55, -53, 0, -113, -7, -124, -117, -18, 13, 94, -36, -9, 88, 101, -108, -94, -86, -5, 58, -80, -59, 77, -33, 28, 28, -125, -92, -85, 39, 97, -36, -107, 74, 78, 39, 22, -32, 59, 87, -7, 1, 119, -20, -70, 30, 35, -32, 115, 44, -94, 103, -68, 8, -125, 35, -68, 119, 74, 12, 97, -1, 0, -115, -6, -65, 40, -66, 85, -45, 111, 77, -17, -16, -100, 102, -57, -90, 2, -35, 91, 104, 111, -101, 17, -43, -65, 32, -68, -88, -8, 18, 75, -109, -38, -105, -14, 112, -65, -86, 60, -7, -68, 74, 33, -17, 56, -76, 119, 123, 92, -48, -74, 56, 116, -19, 119, -72, -10, -69, -48, 17, 107, 123, 59, -123, -52, 34, 115, -37, 12, 110, 112, 4, -24, -107, -11, 96, 115, 62, -56, 35, -107, -19, 125, 23, 11, -57, -8, 104, 111, -35, -14, -79, -49, -110, 94, -9, 71, 47, -107, 101, -102, -76, 23, 52, -47, 3, -14, -111, -13, 83, 47, 15, -3, 21, 31, 57, 63, 86, 122, 44, 30, 17, -118, 86, -119, 73, 117, -68, 107, 35, 106, 14, 118, -28, 125, 109, 90, -117, -63, -15, -73, -35, 113, -3, 19, 112, -98, 46, -40, -32, -118, 57, 29, -87, -19, 99, 67, -36, -48, 67, 92, -18, -92, 122, 45, 6, 113, -24, -69, -81, 82, 14, 122, -85, 60, 89, -21, -69, -81, -45, 47, 39, -63, 77, 127, -29, 112, -8, 0, -86, 63, -20, -3, -67, 37, 119, -52, 5, -46, -73, -116, -58, 127, 18, -97, -8, -93, 63, 48, -6, -86, -34, 72, -115, 83, 57, 7, 125, -97, 127, -10, -97, -23, 8, 111, -5, 63, 119, -13, 127, -45, -3, -41, 98, 120, -125, 122, 61, -65, 85, 94, 92, -45, -47, -19, 71, -55, 32, -47, 28, -125, -66, -49, -97, -4, -63, -3, 63, -35, 13, -33, 103, -17, -2, 96, -2, -97, -18, -70, 105, -27, -104, -14, -104, 15, -125, 65, 89, -13, 65, -106, 78, -39, 95, -24, -113, -1, 0, -60, -44, -33, -24, -100, 23, -31, -118, 126, -49, -28, -2, 96, -6, 38, 90, 18, -31, -25, 127, -14, -113, -12, -76, 127, -78, 74, -73, -2, -55, -41, -6, 60, -56, 2, 74, 62, 60, 102, -44, -29, -118, -118, -80, -58, -122, -18, 85, -39, -53, 69, -8, 37, -96, -82, 99, 102, -43, -110, -80, -52, -60, -102, 10, -61, 77, 34, 48, -80, -7, 40, -79, -109, -100, 73, -39, 5, -91, -59, 38, 54, -43, -106, 0, 22, -23, 81, -109, -109, 125, -112, -115, -91, 91, -121, 82, -71, -62, 112, 76, -114, -36, 123, 63, -70, -24, 99, -31, -116, 27, -46, -103, 78, -115, 97, -115, -66, 74, 124, 14, 29, -100, -25, 13, -64, 26, 64, 27, -4, 119, -39, 84, -49, 113, 15, 39, 75, -29, 52, 72, -108, 61, -78, 72, 8, -22, -24, -63, -35, -67, -57, -20, -76, 56, -68, 110, 100, 122, -104, 107, 73, 5, -44, 46, -37, -56, -126, 62, 97, 114, 57, 109, -127, -114, 57, 114, 55, 34, 66, 72, 21, 14, 67, -94, 12, 62, -115, 34, -120, 54, 54, -23, 94, -85, -51, -49, -10, -99, 51, -40, -15, 106, 24, -19, 114, 108, -69, -117, -27, 104, 104, -10, -115, -63, -109, 69, -110, 7, -63, 43, -101, -89, 75, 0, 13, -44, -41, 111, -45, 106, 119, 83, -53, 15, -61, -68, 78, 102, -27, 70, -1, 0, 52, -54, -41, -73, -52, 120, 34, 49, -9, 122, 20, 0, 13, 52, -37, -9, 106, -71, -47, -26, -88, -49, -30, -84, 38, 19, -90, 44, -113, 51, -53, 116, 109, 123, -116, 46, -46, 28, -10, -66, -3, -115, 7, 80, 115, 65, 4, -101, -7, 108, -85, -16, -33, 19, -79, -113, 107, -27, 15, 123, 1, 4, 53, -112, 66, -64, -22, -36, 23, 84, -125, 87, 94, 107, 104, -16, -107, -104, 79, -103, 58, 70, -97, 12, -15, 119, 20, -102, 97, 4, 114, -105, -72, -105, -115, 6, 44, 80, -19, 45, -78, -31, -69, 70, -12, 14, -36, -5, 43, 94, 52, -30, -65, -61, -118, 62, 71, -51, 47, 112, 59, 56, 6, -79, -35, 58, 110, -26, -3, 80, -16, -79, 112, -92, 100, 78, -58, -113, -51, 37, -17, -107, -50, 116, -83, -117, 62, 23, -105, 17, -92, -106, -45, 92, -34, 100, 1, -33, -43, 109, -49, -62, 96, -55, 104, -118, 81, 33, 112, 30, -61, -27, 1, -77, -73, -87, 13, 125, 123, 64, 109, -74, -31, 97, -110, 73, -55, 127, 71, 78, 44, 109, 65, -65, 108, -75, -61, 52, -53, 11, 29, -1, 0, 72, 31, 69, 47, -70, 31, -43, 11, -121, 112, -7, 49, -93, 17, -72, -121, 52, 86, -105, -47, 109, -19, -56, -114, -121, 111, -18, 105, 91, -5, -40, 3, -26, -76, -61, 39, 84, 97, -28, 66, 42, 77, -121, 49, -128, -49, 84, 19, 17, 33, 5, -71, 54, -81, 71, 51, 116, -83, -71, 70, 9, -90, 100, -49, -114, -22, 52, -78, -25, 115, -57, 83, -11, 93, 12, -77, -117, -91, 87, 34, 22, -72, 43, -116, -65, 76, -25, 31, -61, -99, -109, 46, 77, -67, -89, 125, 74, 25, -50, -105, -13, -69, -6, -118, -67, -105, -120, 69, 5, 70, 124, 122, 52, -76, -32, -26, 123, 33, 59, -120, -51, -7, -35, -3, 69, 36, 9, 34, 33, 58, 41, 11, 118, 83, 123, -38, 62, 40, 108, 58, -109, 50, 34, 69, -107, 98, 22, -48, 82, -94, 39, 32, -112, -58, 2, 33, 74, 40, -53, -115, 0, -73, 48, -72, 56, -26, -27, -89, 66, 73, -53, -93, 55, 27, 29, -50, 32, 1, -49, 101, -46, -61, -31, -10, -74, -117, -115, -94, -57, -116, -42, 55, 96, -82, 99, 56, -69, -102, -119, 73, -6, 55, -122, 52, -69, 15, -113, 8, 104, -96, 17, 75, -110, -45, 72, 57, -39, 81, -61, 12, -77, -55, -18, -58, -57, 60, -127, -52, -48, -28, 61, 73, -95, -13, 89, -101, -115, 44, -83, -79, 25, 35, 83, -127, 33, -92, -117, 45, 28, -51, 118, -28, -72, -33, 29, 22, 49, -84, 105, 30, -10, -70, 109, -43, -99, 36, 88, -8, 93, -87, 120, 6, 73, 103, 126, 70, 108, -2, -13, -56, -119, -68, -12, -122, -73, 114, 26, 58, 54, -56, 31, -10, -107, -101, -10, -101, 47, -15, -79, 5, -48, 45, -102, -17, -105, 54, 82, -27, -97, -38, 105, 29, -104, -2, -112, 103, -97, 79, 25, 7, -66, -12, 15, 116, -79, 115, 11, 9, 4, 106, 109, -14, -20, 125, 21, -55, -104, 116, 11, 20, 67, -122, -89, 10, 55, -40, -126, 54, 60, -65, 85, -97, 40, -85, -83, -63, -22, 22, -85, -98, 12, -99, -82, 77, -68, 31, 20, -104, -58, -127, 24, 116, 122, -61, -53, 9, 35, -38, -86, -44, -46, 55, 6, -70, -81, 67, -16, -81, 25, -113, 33, -65, -62, 121, -25, -19, -61, 56, -44, 122, 17, -91, -36, -5, 111, -70, -15, -70, 93, 39, -126, 51, 11, 38, 123, 122, 22, 23, 13, -127, -36, 22, -40, -6, 126, -53, 60, -104, -46, 86, -115, -79, 101, -109, 122, -66, -113, 81, -15, 7, 17, 49, -61, 108, 62, -20, -116, 14, 15, -78, 47, 125, -84, -97, -43, 98, 127, -22, 49, 122, 29, 24, 4, -73, 80, -73, 81, 55, 93, -127, -37, -91, -117, -33, -66, -59, 27, -60, -48, 121, -68, 62, 66, 54, 107, 116, 72, 77, 95, -78, -57, 2, 118, -12, 22, 126, 75, -50, -35, 49, 14, 104, -44, -45, 77, -41, 27, -37, 98, -99, -54, -120, -69, -36, 10, 60, -7, 15, -126, -116, 74, -7, 30, 106, 92, 30, -109, -61, 51, -95, -106, -4, -73, 123, 67, -34, 97, -9, -101, 125, 125, 71, -88, -37, 116, 89, 53, -126, 104, -20, -68, -45, 15, -120, 57, -109, 49, -15, -99, -37, 64, 30, -114, -36, -19, 95, -105, 122, -82, -63, 122, 119, 15, -51, 108, -47, -79, -20, 27, 61, -95, -62, -7, -117, -26, 15, -88, 54, 62, 75, -78, 44, -13, -14, 65, 46, -118, -59, -49, -18, -126, -4, -121, -125, 86, -75, -124, 35, -86, 30, 78, 35, 77, 56, 43, -39, 25, 56, -77, 53, -7, 78, 53, 106, 79, -116, -111, -86, -73, 71, 124, 67, 88, -39, 17, -67, 65, 69, -126, 79, -39, 70, 70, -19, 100, 38, 86, -91, 109, -118, 76, -107, -119, -60, -25, -100, -37, -40, 5, 111, 11, -123, -67, -60, 94, -63, 95, -62, -31, -75, 69, -37, -83, 120, 2, -69, -93, 56, -62, -5, 35, -117, -124, -58, -115, -122, -22, -12, 77, 10, -80, 114, 36, 110, -91, 12, -24, 72, 60, -19, -28, 2, 24, 121, 6, -126, 25, -104, -38, -112, 66, 6, 26, 57, -99, -44, -81, 62, -5, 64, -29, 111, 124, -125, 10, 50, 116, -75, -52, 50, 55, -84, -110, -99, -39, 31, -88, 22, -45, -15, 35, -78, -17, 90, 119, -91, -53, 101, -30, -63, 55, 23, 105, 96, -73, 99, -58, 12, -18, -24, -23, 79, -4, 54, 124, 90, 44, -33, -96, 29, 20, 78, 74, 42, -51, 49, 71, 105, 81, -45, 112, 28, 33, 4, 17, -62, 63, 3, 0, 113, 31, -119, -25, 119, 59, -26, 73, 63, 53, -25, -1, 0, 106, -25, -8, -40, -1, 0, -28, -109, -9, 106, -12, -74, 29, -105, -103, -3, -87, -1, 0, -59, -57, 63, -12, -54, 63, 86, -82, 60, 110, -26, -114, -4, -117, -24, -50, 53, -109, -72, 94, -26, -120, -27, 123, 33, 17, -43, 38, -87, -46, -21, -93, -110, -63, -46, -108, 19, 57, -114, 15, 105, -94, 13, -114, 127, 68, -12, -104, -124, 1, -19, -36, 15, 33, -78, 66, -63, 64, -57, 35, 1, 0, -17, 109, 115, 125, -45, -14, 43, -54, 60, 75, -62, -114, 46, 76, -80, -13, 109, -121, 68, 79, 51, 19, -115, -113, -115, 81, 111, -60, 21, -36, 125, -97, 102, -21, -59, 107, 73, -34, 50, -26, 125, 13, -113, -48, -124, 95, -76, 46, 14, 114, 49, -60, -15, -117, -106, 27, 36, 14, 110, -124, -5, -61, -27, -17, 125, 123, -82, 92, 82, -42, 78, 44, -21, -51, 29, -94, -92, -113, 49, -116, -18, 62, 33, 118, -98, 4, -30, -101, -55, 1, 63, -119, -46, -59, -2, 82, 125, -90, -4, -114, -1, 0, 51, -39, 113, -112, 72, 7, -81, -83, 90, -79, -61, -14, -124, 115, 71, 35, 73, -42, -57, -121, 6, -111, 90, -57, 86, 95, 75, 22, 62, 107, -84, -29, -110, -76, 122, -36, -77, -110, 16, -52, -27, 68, -17, -55, 13, -32, -124, -50, 114, 110, -108, -35, -88, 25, 84, -4, -105, 17, 104, 114, -64, -26, -13, 69, -123, 49, 61, -23, -112, -34, 8, 73, 0, 107, -77, 100, -122, -25, 100, 77, 34, -111, 26, -51, -84, 39, 101, 106, 5, -83, 68, 14, 1, 16, 99, 58, -112, -39, -120, -5, 64, 10, -83, 14, -56, 114, -71, 28, 5, 73, -40, 102, -19, 43, 27, -120, 57, 54, 5, -35, -127, 63, 64, -68, -57, -64, -100, 83, -1, 0, 121, 33, -112, -128, 103, 14, 112, 39, -111, -105, 86, -86, -7, -22, 122, -11, 102, 64, 121, 21, -32, -4, 87, 20, -61, 60, -16, -18, 60, -71, -98, -63, -66, -12, -41, 29, 39, -24, 1, 81, 53, -78, 104, -37, 27, -43, -39, -19, -83, 122, -13, 63, -76, 124, -26, 62, 88, -30, 105, 4, -77, 91, -97, 93, 11, -86, -101, -15, -95, -6, -123, -103, 39, -117, 51, 12, 126, 95, -102, 106, -88, -68, 53, -94, 82, 59, 107, -1, 0, 113, -65, -86, -62, 115, -71, -109, -71, -34, -55, -26, 74, -61, 30, 23, 23, 108, -24, -55, -103, 73, 82, 29, -120, -127, 8, 21, 48, -70, 14, 114, 84, -94, 82, -76, -83, 0, 117, -33, 103, 25, 122, 101, -106, 50, 118, 33, -81, 3, -31, -79, -3, -38, -70, -114, 63, -30, -56, -15, 109, -83, -87, 37, 35, 104, -57, 38, -98, -123, -3, -121, -89, 51, -6, -81, 40, -118, 103, 52, -22, 99, -100, -45, -72, -74, -72, -76, -47, -26, 44, 40, -22, -21, -41, -103, -67, -55, 61, -42, 47, 10, 115, -40, -35, 103, 106, 26, -94, -36, -18, 109, -121, 1, -79, -26, 26, 104, -125, -36, 82, 127, -69, 23, 2, -8, -51, -111, -67, 117, 39, -3, -113, -89, 95, -47, 86, 14, -70, 30, -95, 31, 25, -1, 0, -60, -12, 118, -57, -29, -55, 108, 96, 122, -36, -116, 115, 118, 61, 16, -52, -99, -47, 124, 27, 115, -16, -8, -99, 39, -76, -32, 100, -116, 59, -87, 107, 28, 67, 108, -9, -86, 31, 36, 121, -72, 107, -127, -40, 26, 69, -104, -72, 52, 9, -103, 91, 4, -78, 114, 65, -91, 87, 35, 29, -19, -26, -46, -85, 23, -92, 38, -39, 104, -72, 20, -22, -97, -104, -110, -94, 78, -98, 120, -128, -112, -76, 114, -75, -95, -113, 0, -82, 75, 49, -78, -105, 60, -72, -11, 43, 94, 9, 71, 36, -105, 70, -52, 40, -120, 34, 8, 2, -127, 119, 101, 105, -120, 16, 33, 0, 82, -14, -62, -116, -13, 86, -62, -112, -39, -111, -35, 3, -96, -31, -128, 46, 67, -58, 62, 6, -121, 45, -81, -106, 16, -40, -78, -119, 14, -13, 9, 118, -119, 40, 86, -105, -127, 117, -73, 80, 47, 110, -85, -90, -56, -54, 0, 109, -65, -63, 62, 11, -117, -51, 0, -107, -108, -111, -30, -7, -97, 102, -4, 69, -115, 14, 107, 35, -106, -51, 22, -59, 40, 46, 30, -92, 56, 13, -66, 22, -71, 25, 24, 90, -30, -45, -79, 4, -76, -117, -70, 32, -47, -28, -66, -79, -58, -63, 12, -10, -99, -45, 115, -23, 75, -28, -7, -97, -87, -50, 119, 119, 57, -37, -6, -101, 66, 118, 49, -108, -62, -119, 82, 5, 48, 17, 73, 57, 76, 80, 0, -44, -64, 28, -45, 57, 49, 106, 0, -106, -82, -54, -58, 12, 15, 124, -116, 100, 109, 47, 121, -74, -79, -115, 5, -50, 115, -6, 0, 62, 36, 43, -2, 17, -16, -4, -103, -39, 45, -58, -119, -15, -79, -59, -91, -27, -46, 19, 90, 91, 90, -76, -127, -17, 58, -84, -41, -95, -36, 47, 119, -16, 95, -39, -2, 63, 15, 123, -91, 99, -28, -106, 87, 51, -53, 47, -108, 48, 6, 54, -19, -38, 26, 6, -42, 64, -69, 39, -105, -59, 38, -64, -93, -31, 94, 3, 38, 46, 12, 48, 73, 90, -38, -41, 58, 74, 54, 3, -34, -30, -30, -37, -21, 87, 95, 37, -91, 4, 26, -20, 46, -125, 42, 3, 98, -121, -59, 87, 102, 56, 7, -107, 124, 22, 78, 76, -92, -111, -49, 100, -30, 111, 78, 31, 69, 79, -120, -16, -122, 61, -125, 64, 13, 35, -80, -35, 117, -25, 24, 16, 108, 27, -11, 67, 118, 3, 6, -12, 65, 80, -37, -12, 90, 75, -39, -27, 89, 120, -49, 97, -89, 2, 55, -40, -111, 64, -92, -67, 47, 51, -123, -57, 32, -89, -117, 73, 82, -53, -6, -116, -34, 5, -23, -100, -74, 17, 6, -106, -60, 81, 14, 105, 67, -64, -53, 121, 31, -102, -43, -60, -31, 66, -67, -89, 45, 119, 68, -22, -24, -85, 24, 71, -46, 107, 96, -81, 28, 22, 55, -99, -3, 85, -120, -40, -64, 63, -70, 54, 22, -89, 31, -106, 30, 29, -80, 70, -118, 41, -100, -35, -101, 67, -71, 43, -88, -105, 22, 55, 114, 2, -5, -90, 110, 37, 3, 74, 92, -103, 105, 35, -99, -58, -63, 35, -34, 63, 37, -89, 11, 67, 78, -61, 116, 71, 99, -98, -24, 110, -119, -53, 38, -39, -94, 72, -85, -30, 62, 44, -10, 97, -27, -68, 10, 45, -58, -56, 112, -8, -120, -35, 75, -26, 48, 23, -47, -34, 45, -58, 123, -80, 51, 24, -48, 75, -114, 52, -44, 6, -28, -5, 7, 97, -22, -66, 120, -62, -58, 50, 61, -84, 111, -68, -25, 6, -117, -28, -75, -59, 108, -119, -46, 6, -100, 45, 89, -4, 57, -110, -48, 28, -42, 9, 90, 69, -75, -48, 56, 63, 87, -63, -69, 59, -12, 89, -77, 64, -10, 26, 123, 30, -61, -39, -20, 115, 79, -22, 22, -83, 52, 66, 105, -112, 41, 14, 105, -38, -46, 121, 2, 126, 0, -97, -39, 91, -121, -124, -28, 56, 23, 54, 39, -122, -127, -88, -67, -29, -54, 96, 29, -11, 62, -126, 67, 41, -68, 38, 7, -110, -22, -15, 124, 32, 67, -76, -27, 74, -42, 17, -96, -106, 71, -50, -98, 29, -89, -37, 112, -95, -69, 79, 32, 87, 65, -101, -61, 49, -29, -58, -106, 24, 35, 12, -44, -57, 3, 43, -18, -49, 109, 101, -37, -109, -54, -101, -34, -115, 5, -94, -58, -39, 15, 34, 71, 19, -31, -82, 44, 113, -78, -32, -55, 27, 24, -34, 28, -32, 58, -127, -52, 124, -59, -125, -15, 43, -22, -127, 40, 32, 30, -124, 2, 62, 7, -110, -7, 28, -60, 77, 0, 61, -89, 83, 67, 122, -22, -9, 107, -22, -66, -102, 97, 115, 67, 91, 103, -39, 107, 91, -12, 20, -80, -101, -93, 68, -84, -24, 1, 10, 50, 51, -86, -59, 108, -50, -18, -84, -3, -7, -35, -108, 110, -103, 90, 49, -90, -100, -22, -37, 100, -20, -54, 119, 93, -48, 11, -84, -38, 86, -77, -74, 93, 32, -81, 120, 38, -46, 65, 4, -92, -127, -116, 30, -99, -78, -112, -85, -22, 79, -87, 117, -22, -114, 61, -103, 97, -46, -109, -52, -90, 15, 64, -44, -97, 82, 116, 5, -127, 41, 71, -113, 44, -11, -28, -88, -22, 78, 92, -109, -118, 26, -109, 46, -7, -128, -107, 54, 61, -96, -18, -77, -75, 38, -44, -93, -30, 69, -4, -122, -109, -12, -102, -24, -68, 103, -60, 30, 22, -117, 11, -120, 74, -16, 90, 49, -34, -49, 50, 32, -26, 56, -74, 18, -9, 110, -57, 80, -90, -74, -38, -6, 39, -48, 116, 94, -84, 36, 94, 105, -29, 14, 49, -112, 114, -92, 45, -48, -31, 30, -72, -104, 60, -56, -102, 61, -18, 103, 83, -127, -43, -49, -65, 53, 120, 96, -44, -84, -116, -109, -72, -47, 95, 29, -79, -74, 86, 58, -55, 45, 99, -98, 28, -41, -21, -116, 26, 35, 99, -21, -88, -11, -6, 18, 108, 48, 79, 32, -57, -123, -50, -101, -101, 35, -108, -22, 28, -98, 27, 116, -19, -71, 108, 47, -31, 71, -98, -7, 79, -30, 78, 15, 115, -101, 91, -76, 25, 4, 96, 54, 39, 26, 107, 116, -33, -30, -86, 38, -49, 82, 121, -13, 71, -58, -56, 111, -108, 26, 9, 32, 48, 10, 36, -47, -40, 110, 55, -17, 127, 85, -41, 20, -33, 39, 60, -102, 92, 29, 55, 9, -45, 32, -106, 57, 38, -43, -96, 31, 51, -55, 58, 12, 97, -52, 96, 1, -50, -26, 125, -39, 8, -11, -91, -107, -111, 27, 72, -108, 121, -82, 32, -80, 53, -58, -3, -109, 110, 27, -37, -74, 62, -55, 54, 7, 96, 44, 44, 110, 28, -9, -78, 76, -115, 47, 13, -43, 19, 117, 106, -21, -4, 86, -17, 118, 42, -127, 61, 111, 117, 90, 29, 4, -22, -78, 75, -82, -119, -10, -65, -26, 115, -65, -122, -37, -95, 71, -20, 55, 37, -87, -72, -4, -81, 50, 38, -66, 55, 53, -110, 70, -56, -38, -25, 23, -128, -7, 9, 15, 21, 31, -25, -85, 113, 61, -74, -39, 75, -121, 97, -102, -10, -114, -90, 31, 111, 72, 113, 113, 36, -18, 109, -33, -65, 117, -119, 12, -82, -9, 71, -78, 27, -83, -64, -48, 37, -81, 27, -126, 58, -13, -65, -86, -38, -61, -30, 65, -83, 13, 112, 112, -38, -3, -122, 7, -76, 111, 100, -126, 72, 33, -69, -14, 60, -107, -57, -21, -39, 13, -19, -48, 126, 31, -31, -109, 55, 21, -58, 123, 35, -2, 11, 72, -56, -99, -32, -128, -42, 22, -105, 57, -96, -113, 87, 49, -93, 101, -21, -122, 21, -63, -8, 71, 39, 78, 72, -73, 56, -121, -125, 24, 26, 88, -42, -17, -53, 107, 38, -20, 13, -10, -27, -55, 119, 102, 96, -68, -1, 0, 34, 47, 126, 14, -52, 50, -6, -14, 33, 7, -86, 127, 35, -71, 72, 78, 18, -5, -56, 88, 106, -51, -74, 68, 37, 45, 111, 50, -91, 5, 17, 97, 87, -112, 2, -19, 71, 116, 72, -91, -35, 86, -100, 89, 59, -14, 21, -51, 60, -64, 73, 75, -50, 21, -78, 75, 51, 67, 53, 48, 41, 36, -69, 78, 50, 73, -46, 73, 32, 29, 36, -110, 64, 13, 105, -62, 73, 32, 9, 53, 121, 100, 18, 23, -52, -16, -14, 92, 12, -113, -80, 78, -37, -65, 116, -55, 46, -116, 30, -52, 51, -6, 13, -109, -61, 97, 119, -67, 27, 15, -54, -69, -10, 89, -20, -64, -119, -82, 112, 107, 0, 20, 13, 111, -50, -54, 73, 46, -102, 49, 108, -83, 3, 71, -100, -31, -45, 77, 115, 60, -75, -58, -109, 113, -104, -47, 11, 90, 40, 22, 58, -7, -98, -113, 60, -49, -86, 73, 40, 95, -6, 52, -1, 0, 0, -4, 55, 21, -105, -18, -115, -11, 95, 62, -59, 25, -121, 77, 22, -19, -19, -42, -35, -69, 39, 73, 106, 98, -115, 30, 31, 33, 18, 48, -34, -31, -47, -111, -24, 117, 13, -41, -92, -67, 58, 75, -109, -56, -12, 116, -31, -10, 12, -88, -38, 73, 46, 115, 113, 18, -112, 41, 36, -128, 11, 19, -118, 116, -110, 89, 73, 43, 53, -113, 71, -1, -39]]
2026-03-10 15:55:35 [TRACE] BasicBinder:64 - binding parameter [8] as [VARCHAR] - [image/jpeg]
2026-03-10 15:55:35 [TRACE] BasicBinder:64 - binding parameter [9] as [VARCHAR] - [ADMIN]
2026-03-10 15:55:35 [TRACE] BasicBinder:52 - binding parameter [10] as [VARCHAR] - [null]
2026-03-10 15:55:35 [TRACE] BasicBinder:64 - binding parameter [11] as [TIMESTAMP] - [2026-03-10T15:55:35.192923300]
2026-03-10 15:55:35 [TRACE] BasicBinder:64 - binding parameter [12] as [VARCHAR] - [siyali]
2026-03-10 15:55:35 [TRACE] BasicBinder:64 - binding parameter [13] as [BIGINT] - [35]
2026-03-10 15:55:35 [INFO ] LoginServiceImpl:40 - User authenticated successfully: siyali
2026-03-10 15:55:35 [INFO ] LoginServiceImpl:40 - User authenticated successfully: siyali
2026-03-10 15:55:35 [INFO ] LoginController:69 - User logged in successfully: siyali
2026-03-10 15:55:35 [INFO ] LoginController:69 - User logged in successfully: siyali
2026-03-10 15:55:35 [INFO ] LoginController:70 - User role: ADMIN
2026-03-10 15:55:35 [INFO ] LoginController:70 - User role: ADMIN
2026-03-10 15:55:35 [INFO ] LoginController:88 - Redirecting to ADMIN dashboard
2026-03-10 15:55:35 [INFO ] LoginController:88 - Redirecting to ADMIN dashboard
2026-03-10 15:55:35 [DEBUG] RedirectView:309 - View name 'redirect:', model {}
2026-03-10 15:55:35 [DEBUG] DispatcherServlet:1131 - Completed 302 FOUND
2026-03-10 15:55:35 [DEBUG] DispatcherServlet:120 - GET "/RailEase/admin/dashboard", parameters={}
2026-03-10 15:55:35 [DEBUG] RequestMappingHandlerMapping:522 - Mapped to com.railease.controller.AdminController#dashboard(HttpSession, Model)
2026-03-10 15:55:35 [DEBUG] TrainServiceImpl:33 - Fetching all trains
2026-03-10 15:55:35 [DEBUG] TrainServiceImpl:33 - Fetching all trains
2026-03-10 15:55:35 [DEBUG] SQL:144 - 
    select
        train0_.train_no as train_no1_6_,
        train0_.ac_fare as ac_fare2_6_,
        train0_.ac_seats as ac_seats3_6_,
        train0_.arrival_time as arrival_4_6_,
        train0_.available_seats as availabl5_6_,
        train0_.created_at as created_6_6_,
        train0_.departure_time as departur7_6_,
        train0_.destination as destinat8_6_,
        train0_.destination_station as destinat9_6_,
        train0_.general_fare as general10_6_,
        train0_.general_seats as general11_6_,
        train0_.is_active as is_acti12_6_,
        train0_.journey_date as journey13_6_,
        train0_.sleeper_fare as sleeper14_6_,
        train0_.sleeper_seats as sleeper15_6_,
        train0_.source as source16_6_,
        train0_.source_station as source_17_6_,
        train0_.ticket_price as ticket_18_6_,
        train0_.train_name as train_n19_6_,
        train0_.travel_date as travel_20_6_,
        train0_.updated_at as updated21_6_ 
    from
        trains train0_
2026-03-10 15:55:35 [INFO ] MealServiceImpl:36 - Fetching all meals
2026-03-10 15:55:35 [INFO ] MealServiceImpl:36 - Fetching all meals
2026-03-10 15:55:35 [DEBUG] SQL:144 - 
    select
        meal0_.meal_id as meal_id1_1_,
        meal0_.availability_status as availabi2_1_,
        meal0_.created_at as created_3_1_,
        meal0_.description as descript4_1_,
        meal0_.image as image5_1_,
        meal0_.image_content_type as image_co6_1_,
        meal0_.image_url as image_ur7_1_,
        meal0_.is_available as is_avail8_1_,
        meal0_.meal_name as meal_nam9_1_,
        meal0_.meal_type as meal_ty10_1_,
        meal0_.preparation_time as prepara11_1_,
        meal0_.price as price12_1_,
        meal0_.updated_at as updated13_1_ 
    from
        meals meal0_
2026-03-10 15:55:35 [INFO ] MealServiceImpl:42 - Fetching available meals
2026-03-10 15:55:35 [INFO ] MealServiceImpl:42 - Fetching available meals
2026-03-10 15:55:35 [DEBUG] SQL:144 - 
    select
        meal0_.meal_id as meal_id1_1_,
        meal0_.availability_status as availabi2_1_,
        meal0_.created_at as created_3_1_,
        meal0_.description as descript4_1_,
        meal0_.image as image5_1_,
        meal0_.image_content_type as image_co6_1_,
        meal0_.image_url as image_ur7_1_,
        meal0_.is_available as is_avail8_1_,
        meal0_.meal_name as meal_nam9_1_,
        meal0_.meal_type as meal_ty10_1_,
        meal0_.preparation_time as prepara11_1_,
        meal0_.price as price12_1_,
        meal0_.updated_at as updated13_1_ 
    from
        meals meal0_ 
    where
        meal0_.availability_status=1
2026-03-10 15:55:35 [DEBUG] SQL:144 - 
    select
        user0_.user_id as user_id1_8_,
        user0_.created_at as created_2_8_,
        user0_.email as email3_8_,
        user0_.full_name as full_nam4_8_,
        user0_.is_enabled as is_enabl5_8_,
        user0_.last_login as last_log6_8_,
        user0_.mobile_number as mobile_n7_8_,
        user0_.password as password8_8_,
        user0_.profile_photo as profile_9_8_,
        user0_.profile_photo_content_type as profile10_8_,
        user0_.role as role11_8_,
        user0_.session_id as session12_8_,
        user0_.updated_at as updated13_8_,
        user0_.username as usernam14_8_ 
    from
        users user0_
2026-03-10 15:55:35 [DEBUG] SQL:144 - 
    select
        userprofil0_.profile_id as profile_1_7_0_,
        userprofil0_.address as address2_7_0_,
        userprofil0_.city as city3_7_0_,
        userprofil0_.date_of_birth as date_of_4_7_0_,
        userprofil0_.gender as gender5_7_0_,
        userprofil0_.id as id6_7_0_,
        userprofil0_.occupation as occupati7_7_0_,
        userprofil0_.pincode as pincode8_7_0_,
        userprofil0_.state as state9_7_0_,
        userprofil0_.user_id as user_id10_7_0_ 
    from
        user_profiles userprofil0_ 
    where
        userprofil0_.user_id=?
2026-03-10 15:55:35 [TRACE] BasicBinder:64 - binding parameter [1] as [BIGINT] - [30]
2026-03-10 15:55:35 [DEBUG] SQL:144 - 
    select
        userprofil0_.profile_id as profile_1_7_0_,
        userprofil0_.address as address2_7_0_,
        userprofil0_.city as city3_7_0_,
        userprofil0_.date_of_birth as date_of_4_7_0_,
        userprofil0_.gender as gender5_7_0_,
        userprofil0_.id as id6_7_0_,
        userprofil0_.occupation as occupati7_7_0_,
        userprofil0_.pincode as pincode8_7_0_,
        userprofil0_.state as state9_7_0_,
        userprofil0_.user_id as user_id10_7_0_ 
    from
        user_profiles userprofil0_ 
    where
        userprofil0_.user_id=?
2026-03-10 15:55:35 [TRACE] BasicBinder:64 - binding parameter [1] as [BIGINT] - [31]
2026-03-10 15:55:35 [DEBUG] SQL:144 - 
    select
        userprofil0_.profile_id as profile_1_7_0_,
        userprofil0_.address as address2_7_0_,
        userprofil0_.city as city3_7_0_,
        userprofil0_.date_of_birth as date_of_4_7_0_,
        userprofil0_.gender as gender5_7_0_,
        userprofil0_.id as id6_7_0_,
        userprofil0_.occupation as occupati7_7_0_,
        userprofil0_.pincode as pincode8_7_0_,
        userprofil0_.state as state9_7_0_,
        userprofil0_.user_id as user_id10_7_0_ 
    from
        user_profiles userprofil0_ 
    where
        userprofil0_.user_id=?
2026-03-10 15:55:35 [TRACE] BasicBinder:64 - binding parameter [1] as [BIGINT] - [35]
2026-03-10 15:55:35 [DEBUG] SQL:144 - 
    select
        userprofil0_.profile_id as profile_1_7_0_,
        userprofil0_.address as address2_7_0_,
        userprofil0_.city as city3_7_0_,
        userprofil0_.date_of_birth as date_of_4_7_0_,
        userprofil0_.gender as gender5_7_0_,
        userprofil0_.id as id6_7_0_,
        userprofil0_.occupation as occupati7_7_0_,
        userprofil0_.pincode as pincode8_7_0_,
        userprofil0_.state as state9_7_0_,
        userprofil0_.user_id as user_id10_7_0_ 
    from
        user_profiles userprofil0_ 
    where
        userprofil0_.user_id=?
2026-03-10 15:55:35 [TRACE] BasicBinder:64 - binding parameter [1] as [BIGINT] - [37]
2026-03-10 15:55:35 [DEBUG] SQL:144 - 
    select
        ticket0_.ticket_id as ticket_i1_4_,
        ticket0_.booking_date as booking_2_4_,
        ticket0_.booking_status as booking_3_4_,
        ticket0_.cancellation_charges as cancella4_4_,
        ticket0_.cancellation_date as cancella5_4_,
        ticket0_.cancellation_reason as cancella6_4_,
        ticket0_.cancellation_requested_date as cancella7_4_,
        ticket0_.class_type as class_ty8_4_,
        ticket0_.destination_station as destinat9_4_,
        ticket0_.journey_date as journey10_4_,
        ticket0_.meal_id as meal_id11_4_,
        ticket0_.meal_quantity as meal_qu12_4_,
        ticket0_.number_of_seats as number_13_4_,
        ticket0_.passenger_age as passeng14_4_,
        ticket0_.passenger_gender as passeng15_4_,
        ticket0_.passenger_name as passeng16_4_,
        ticket0_.payment_id as payment17_4_,
        ticket0_.payment_method as payment18_4_,
        ticket0_.payment_status as payment19_4_,
        ticket0_.refund_amount as refund_20_4_,
        ticket0_.refund_date as refund_21_4_,
        ticket0_.refund_percentage as refund_22_4_,
        ticket0_.refund_processed_date as refund_23_4_,
        ticket0_.refund_status as refund_24_4_,
        ticket0_.refund_transaction_id as refund_25_4_,
        ticket0_.source_station as source_26_4_,
        ticket0_.ticket_status as ticket_27_4_,
        ticket0_.total_fare as total_f28_4_,
        ticket0_.train_no as train_n29_4_,
        ticket0_.user_id as user_id30_4_ 
    from
        tickets ticket0_ 
    where
        ticket0_.refund_status=?
2026-03-10 15:55:35 [TRACE] BasicBinder:64 - binding parameter [1] as [VARCHAR] - [PENDING]
2026-03-10 15:55:35 [DEBUG] SQL:144 - 
    select
        mealorder0_.order_id as order_id1_0_,
        mealorder0_.cancellation_date as cancella2_0_,
        mealorder0_.cancellation_reason as cancella3_0_,
        mealorder0_.delivery_station as delivery4_0_,
        mealorder0_.delivery_status as delivery5_0_,
        mealorder0_.id as id6_0_,
        mealorder0_.meal_id as meal_id13_0_,
        mealorder0_.order_date as order_da7_0_,
        mealorder0_.quantity as quantity8_0_,
        mealorder0_.refund_amount as refund_a9_0_,
        mealorder0_.refund_status as refund_10_0_,
        mealorder0_.special_instructions as special11_0_,
        mealorder0_.ticket_id as ticket_14_0_,
        mealorder0_.total_price as total_p12_0_,
        mealorder0_.user_id as user_id15_0_ 
    from
        meal_orders mealorder0_ 
    where
        mealorder0_.refund_status=?
2026-03-10 15:55:35 [TRACE] BasicBinder:64 - binding parameter [1] as [VARCHAR] - [PENDING]
2026-03-10 15:55:35 [INFO ] CancellationServiceImpl:30 - Fetching ticket cancellation requests
2026-03-10 15:55:35 [INFO ] CancellationServiceImpl:30 - Fetching ticket cancellation requests
2026-03-10 15:55:35 [DEBUG] SQL:144 - 
    select
        ticket0_.ticket_id as ticket_i1_4_,
        ticket0_.booking_date as booking_2_4_,
        ticket0_.booking_status as booking_3_4_,
        ticket0_.cancellation_charges as cancella4_4_,
        ticket0_.cancellation_date as cancella5_4_,
        ticket0_.cancellation_reason as cancella6_4_,
        ticket0_.cancellation_requested_date as cancella7_4_,
        ticket0_.class_type as class_ty8_4_,
        ticket0_.destination_station as destinat9_4_,
        ticket0_.journey_date as journey10_4_,
        ticket0_.meal_id as meal_id11_4_,
        ticket0_.meal_quantity as meal_qu12_4_,
        ticket0_.number_of_seats as number_13_4_,
        ticket0_.passenger_age as passeng14_4_,
        ticket0_.passenger_gender as passeng15_4_,
        ticket0_.passenger_name as passeng16_4_,
        ticket0_.payment_id as payment17_4_,
        ticket0_.payment_method as payment18_4_,
        ticket0_.payment_status as payment19_4_,
        ticket0_.refund_amount as refund_20_4_,
        ticket0_.refund_date as refund_21_4_,
        ticket0_.refund_percentage as refund_22_4_,
        ticket0_.refund_processed_date as refund_23_4_,
        ticket0_.refund_status as refund_24_4_,
        ticket0_.refund_transaction_id as refund_25_4_,
        ticket0_.source_station as source_26_4_,
        ticket0_.ticket_status as ticket_27_4_,
        ticket0_.total_fare as total_f28_4_,
        ticket0_.train_no as train_n29_4_,
        ticket0_.user_id as user_id30_4_ 
    from
        tickets ticket0_ 
    where
        (
            ticket0_.cancellation_requested_date is not null
        ) 
        and ticket0_.refund_status='PENDING'
2026-03-10 15:55:35 [INFO ] CancellationServiceImpl:36 - Fetching meal cancellation requests
2026-03-10 15:55:35 [INFO ] CancellationServiceImpl:36 - Fetching meal cancellation requests
2026-03-10 15:55:35 [DEBUG] SQL:144 - 
    select
        mealorder0_.order_id as order_id1_0_,
        mealorder0_.cancellation_date as cancella2_0_,
        mealorder0_.cancellation_reason as cancella3_0_,
        mealorder0_.delivery_station as delivery4_0_,
        mealorder0_.delivery_status as delivery5_0_,
        mealorder0_.id as id6_0_,
        mealorder0_.meal_id as meal_id13_0_,
        mealorder0_.order_date as order_da7_0_,
        mealorder0_.quantity as quantity8_0_,
        mealorder0_.refund_amount as refund_a9_0_,
        mealorder0_.refund_status as refund_10_0_,
        mealorder0_.special_instructions as special11_0_,
        mealorder0_.ticket_id as ticket_14_0_,
        mealorder0_.total_price as total_p12_0_,
        mealorder0_.user_id as user_id15_0_ 
    from
        meal_orders mealorder0_ 
    where
        mealorder0_.refund_status=?
2026-03-10 15:55:35 [TRACE] BasicBinder:64 - binding parameter [1] as [VARCHAR] - [PENDING]
2026-03-10 15:55:35 [INFO ] CancellationServiceImpl:30 - Fetching ticket cancellation requests
2026-03-10 15:55:35 [INFO ] CancellationServiceImpl:30 - Fetching ticket cancellation requests
2026-03-10 15:55:35 [DEBUG] SQL:144 - 
    select
        ticket0_.ticket_id as ticket_i1_4_,
        ticket0_.booking_date as booking_2_4_,
        ticket0_.booking_status as booking_3_4_,
        ticket0_.cancellation_charges as cancella4_4_,
        ticket0_.cancellation_date as cancella5_4_,
        ticket0_.cancellation_reason as cancella6_4_,
        ticket0_.cancellation_requested_date as cancella7_4_,
        ticket0_.class_type as class_ty8_4_,
        ticket0_.destination_station as destinat9_4_,
        ticket0_.journey_date as journey10_4_,
        ticket0_.meal_id as meal_id11_4_,
        ticket0_.meal_quantity as meal_qu12_4_,
        ticket0_.number_of_seats as number_13_4_,
        ticket0_.passenger_age as passeng14_4_,
        ticket0_.passenger_gender as passeng15_4_,
        ticket0_.passenger_name as passeng16_4_,
        ticket0_.payment_id as payment17_4_,
        ticket0_.payment_method as payment18_4_,
        ticket0_.payment_status as payment19_4_,
        ticket0_.refund_amount as refund_20_4_,
        ticket0_.refund_date as refund_21_4_,
        ticket0_.refund_percentage as refund_22_4_,
        ticket0_.refund_processed_date as refund_23_4_,
        ticket0_.refund_status as refund_24_4_,
        ticket0_.refund_transaction_id as refund_25_4_,
        ticket0_.source_station as source_26_4_,
        ticket0_.ticket_status as ticket_27_4_,
        ticket0_.total_fare as total_f28_4_,
        ticket0_.train_no as train_n29_4_,
        ticket0_.user_id as user_id30_4_ 
    from
        tickets ticket0_ 
    where
        (
            ticket0_.cancellation_requested_date is not null
        ) 
        and ticket0_.refund_status='PENDING'
2026-03-10 15:55:35 [INFO ] CancellationServiceImpl:36 - Fetching meal cancellation requests
2026-03-10 15:55:35 [INFO ] CancellationServiceImpl:36 - Fetching meal cancellation requests
2026-03-10 15:55:35 [DEBUG] SQL:144 - 
    select
        mealorder0_.order_id as order_id1_0_,
        mealorder0_.cancellation_date as cancella2_0_,
        mealorder0_.cancellation_reason as cancella3_0_,
        mealorder0_.delivery_station as delivery4_0_,
        mealorder0_.delivery_status as delivery5_0_,
        mealorder0_.id as id6_0_,
        mealorder0_.meal_id as meal_id13_0_,
        mealorder0_.order_date as order_da7_0_,
        mealorder0_.quantity as quantity8_0_,
        mealorder0_.refund_amount as refund_a9_0_,
        mealorder0_.refund_status as refund_10_0_,
        mealorder0_.special_instructions as special11_0_,
        mealorder0_.ticket_id as ticket_14_0_,
        mealorder0_.total_price as total_p12_0_,
        mealorder0_.user_id as user_id15_0_ 
    from
        meal_orders mealorder0_ 
    where
        mealorder0_.refund_status=?
2026-03-10 15:55:35 [TRACE] BasicBinder:64 - binding parameter [1] as [VARCHAR] - [PENDING]
2026-03-10 15:55:35 [DEBUG] DispatcherServlet:1131 - Completed 200 OK
2026-03-10 15:55:44 [DEBUG] DispatcherServlet:120 - GET "/RailEase/admin/dashboard", parameters={}
2026-03-10 15:55:44 [DEBUG] RequestMappingHandlerMapping:522 - Mapped to com.railease.controller.AdminController#dashboard(HttpSession, Model)
2026-03-10 15:55:44 [DEBUG] TrainServiceImpl:33 - Fetching all trains
2026-03-10 15:55:44 [DEBUG] TrainServiceImpl:33 - Fetching all trains
2026-03-10 15:55:44 [DEBUG] SQL:144 - 
    select
        train0_.train_no as train_no1_6_,
        train0_.ac_fare as ac_fare2_6_,
        train0_.ac_seats as ac_seats3_6_,
        train0_.arrival_time as arrival_4_6_,
        train0_.available_seats as availabl5_6_,
        train0_.created_at as created_6_6_,
        train0_.departure_time as departur7_6_,
        train0_.destination as destinat8_6_,
        train0_.destination_station as destinat9_6_,
        train0_.general_fare as general10_6_,
        train0_.general_seats as general11_6_,
        train0_.is_active as is_acti12_6_,
        train0_.journey_date as journey13_6_,
        train0_.sleeper_fare as sleeper14_6_,
        train0_.sleeper_seats as sleeper15_6_,
        train0_.source as source16_6_,
        train0_.source_station as source_17_6_,
        train0_.ticket_price as ticket_18_6_,
        train0_.train_name as train_n19_6_,
        train0_.travel_date as travel_20_6_,
        train0_.updated_at as updated21_6_ 
    from
        trains train0_
2026-03-10 15:55:44 [INFO ] MealServiceImpl:36 - Fetching all meals
2026-03-10 15:55:44 [INFO ] MealServiceImpl:36 - Fetching all meals
2026-03-10 15:55:44 [DEBUG] SQL:144 - 
    select
        meal0_.meal_id as meal_id1_1_,
        meal0_.availability_status as availabi2_1_,
        meal0_.created_at as created_3_1_,
        meal0_.description as descript4_1_,
        meal0_.image as image5_1_,
        meal0_.image_content_type as image_co6_1_,
        meal0_.image_url as image_ur7_1_,
        meal0_.is_available as is_avail8_1_,
        meal0_.meal_name as meal_nam9_1_,
        meal0_.meal_type as meal_ty10_1_,
        meal0_.preparation_time as prepara11_1_,
        meal0_.price as price12_1_,
        meal0_.updated_at as updated13_1_ 
    from
        meals meal0_
2026-03-10 15:55:44 [INFO ] MealServiceImpl:42 - Fetching available meals
2026-03-10 15:55:44 [INFO ] MealServiceImpl:42 - Fetching available meals
2026-03-10 15:55:44 [DEBUG] SQL:144 - 
    select
        meal0_.meal_id as meal_id1_1_,
        meal0_.availability_status as availabi2_1_,
        meal0_.created_at as created_3_1_,
        meal0_.description as descript4_1_,
        meal0_.image as image5_1_,
        meal0_.image_content_type as image_co6_1_,
        meal0_.image_url as image_ur7_1_,
        meal0_.is_available as is_avail8_1_,
        meal0_.meal_name as meal_nam9_1_,
        meal0_.meal_type as meal_ty10_1_,
        meal0_.preparation_time as prepara11_1_,
        meal0_.price as price12_1_,
        meal0_.updated_at as updated13_1_ 
    from
        meals meal0_ 
    where
        meal0_.availability_status=1
2026-03-10 15:55:44 [DEBUG] SQL:144 - 
    select
        user0_.user_id as user_id1_8_,
        user0_.created_at as created_2_8_,
        user0_.email as email3_8_,
        user0_.full_name as full_nam4_8_,
        user0_.is_enabled as is_enabl5_8_,
        user0_.last_login as last_log6_8_,
        user0_.mobile_number as mobile_n7_8_,
        user0_.password as password8_8_,
        user0_.profile_photo as profile_9_8_,
        user0_.profile_photo_content_type as profile10_8_,
        user0_.role as role11_8_,
        user0_.session_id as session12_8_,
        user0_.updated_at as updated13_8_,
        user0_.username as usernam14_8_ 
    from
        users user0_
2026-03-10 15:55:44 [DEBUG] SQL:144 - 
    select
        userprofil0_.profile_id as profile_1_7_0_,
        userprofil0_.address as address2_7_0_,
        userprofil0_.city as city3_7_0_,
        userprofil0_.date_of_birth as date_of_4_7_0_,
        userprofil0_.gender as gender5_7_0_,
        userprofil0_.id as id6_7_0_,
        userprofil0_.occupation as occupati7_7_0_,
        userprofil0_.pincode as pincode8_7_0_,
        userprofil0_.state as state9_7_0_,
        userprofil0_.user_id as user_id10_7_0_ 
    from
        user_profiles userprofil0_ 
    where
        userprofil0_.user_id=?
2026-03-10 15:55:44 [TRACE] BasicBinder:64 - binding parameter [1] as [BIGINT] - [30]
2026-03-10 15:55:44 [DEBUG] SQL:144 - 
    select
        userprofil0_.profile_id as profile_1_7_0_,
        userprofil0_.address as address2_7_0_,
        userprofil0_.city as city3_7_0_,
        userprofil0_.date_of_birth as date_of_4_7_0_,
        userprofil0_.gender as gender5_7_0_,
        userprofil0_.id as id6_7_0_,
        userprofil0_.occupation as occupati7_7_0_,
        userprofil0_.pincode as pincode8_7_0_,
        userprofil0_.state as state9_7_0_,
        userprofil0_.user_id as user_id10_7_0_ 
    from
        user_profiles userprofil0_ 
    where
        userprofil0_.user_id=?
2026-03-10 15:55:44 [TRACE] BasicBinder:64 - binding parameter [1] as [BIGINT] - [31]
2026-03-10 15:55:44 [DEBUG] SQL:144 - 
    select
        userprofil0_.profile_id as profile_1_7_0_,
        userprofil0_.address as address2_7_0_,
        userprofil0_.city as city3_7_0_,
        userprofil0_.date_of_birth as date_of_4_7_0_,
        userprofil0_.gender as gender5_7_0_,
        userprofil0_.id as id6_7_0_,
        userprofil0_.occupation as occupati7_7_0_,
        userprofil0_.pincode as pincode8_7_0_,
        userprofil0_.state as state9_7_0_,
        userprofil0_.user_id as user_id10_7_0_ 
    from
        user_profiles userprofil0_ 
    where
        userprofil0_.user_id=?
2026-03-10 15:55:44 [TRACE] BasicBinder:64 - binding parameter [1] as [BIGINT] - [35]
2026-03-10 15:55:44 [DEBUG] SQL:144 - 
    select
        userprofil0_.profile_id as profile_1_7_0_,
        userprofil0_.address as address2_7_0_,
        userprofil0_.city as city3_7_0_,
        userprofil0_.date_of_birth as date_of_4_7_0_,
        userprofil0_.gender as gender5_7_0_,
        userprofil0_.id as id6_7_0_,
        userprofil0_.occupation as occupati7_7_0_,
        userprofil0_.pincode as pincode8_7_0_,
        userprofil0_.state as state9_7_0_,
        userprofil0_.user_id as user_id10_7_0_ 
    from
        user_profiles userprofil0_ 
    where
        userprofil0_.user_id=?
2026-03-10 15:55:44 [TRACE] BasicBinder:64 - binding parameter [1] as [BIGINT] - [37]
2026-03-10 15:55:44 [DEBUG] SQL:144 - 
    select
        ticket0_.ticket_id as ticket_i1_4_,
        ticket0_.booking_date as booking_2_4_,
        ticket0_.booking_status as booking_3_4_,
        ticket0_.cancellation_charges as cancella4_4_,
        ticket0_.cancellation_date as cancella5_4_,
        ticket0_.cancellation_reason as cancella6_4_,
        ticket0_.cancellation_requested_date as cancella7_4_,
        ticket0_.class_type as class_ty8_4_,
        ticket0_.destination_station as destinat9_4_,
        ticket0_.journey_date as journey10_4_,
        ticket0_.meal_id as meal_id11_4_,
        ticket0_.meal_quantity as meal_qu12_4_,
        ticket0_.number_of_seats as number_13_4_,
        ticket0_.passenger_age as passeng14_4_,
        ticket0_.passenger_gender as passeng15_4_,
        ticket0_.passenger_name as passeng16_4_,
        ticket0_.payment_id as payment17_4_,
        ticket0_.payment_method as payment18_4_,
        ticket0_.payment_status as payment19_4_,
        ticket0_.refund_amount as refund_20_4_,
        ticket0_.refund_date as refund_21_4_,
        ticket0_.refund_percentage as refund_22_4_,
        ticket0_.refund_processed_date as refund_23_4_,
        ticket0_.refund_status as refund_24_4_,
        ticket0_.refund_transaction_id as refund_25_4_,
        ticket0_.source_station as source_26_4_,
        ticket0_.ticket_status as ticket_27_4_,
        ticket0_.total_fare as total_f28_4_,
        ticket0_.train_no as train_n29_4_,
        ticket0_.user_id as user_id30_4_ 
    from
        tickets ticket0_ 
    where
        ticket0_.refund_status=?
2026-03-10 15:55:44 [TRACE] BasicBinder:64 - binding parameter [1] as [VARCHAR] - [PENDING]
2026-03-10 15:55:44 [DEBUG] SQL:144 - 
    select
        mealorder0_.order_id as order_id1_0_,
        mealorder0_.cancellation_date as cancella2_0_,
        mealorder0_.cancellation_reason as cancella3_0_,
        mealorder0_.delivery_station as delivery4_0_,
        mealorder0_.delivery_status as delivery5_0_,
        mealorder0_.id as id6_0_,
        mealorder0_.meal_id as meal_id13_0_,
        mealorder0_.order_date as order_da7_0_,
        mealorder0_.quantity as quantity8_0_,
        mealorder0_.refund_amount as refund_a9_0_,
        mealorder0_.refund_status as refund_10_0_,
        mealorder0_.special_instructions as special11_0_,
        mealorder0_.ticket_id as ticket_14_0_,
        mealorder0_.total_price as total_p12_0_,
        mealorder0_.user_id as user_id15_0_ 
    from
        meal_orders mealorder0_ 
    where
        mealorder0_.refund_status=?
2026-03-10 15:55:44 [TRACE] BasicBinder:64 - binding parameter [1] as [VARCHAR] - [PENDING]
2026-03-10 15:55:44 [INFO ] CancellationServiceImpl:30 - Fetching ticket cancellation requests
2026-03-10 15:55:44 [INFO ] CancellationServiceImpl:30 - Fetching ticket cancellation requests
2026-03-10 15:55:44 [DEBUG] SQL:144 - 
    select
        ticket0_.ticket_id as ticket_i1_4_,
        ticket0_.booking_date as booking_2_4_,
        ticket0_.booking_status as booking_3_4_,
        ticket0_.cancellation_charges as cancella4_4_,
        ticket0_.cancellation_date as cancella5_4_,
        ticket0_.cancellation_reason as cancella6_4_,
        ticket0_.cancellation_requested_date as cancella7_4_,
        ticket0_.class_type as class_ty8_4_,
        ticket0_.destination_station as destinat9_4_,
        ticket0_.journey_date as journey10_4_,
        ticket0_.meal_id as meal_id11_4_,
        ticket0_.meal_quantity as meal_qu12_4_,
        ticket0_.number_of_seats as number_13_4_,
        ticket0_.passenger_age as passeng14_4_,
        ticket0_.passenger_gender as passeng15_4_,
        ticket0_.passenger_name as passeng16_4_,
        ticket0_.payment_id as payment17_4_,
        ticket0_.payment_method as payment18_4_,
        ticket0_.payment_status as payment19_4_,
        ticket0_.refund_amount as refund_20_4_,
        ticket0_.refund_date as refund_21_4_,
        ticket0_.refund_percentage as refund_22_4_,
        ticket0_.refund_processed_date as refund_23_4_,
        ticket0_.refund_status as refund_24_4_,
        ticket0_.refund_transaction_id as refund_25_4_,
        ticket0_.source_station as source_26_4_,
        ticket0_.ticket_status as ticket_27_4_,
        ticket0_.total_fare as total_f28_4_,
        ticket0_.train_no as train_n29_4_,
        ticket0_.user_id as user_id30_4_ 
    from
        tickets ticket0_ 
    where
        (
            ticket0_.cancellation_requested_date is not null
        ) 
        and ticket0_.refund_status='PENDING'
2026-03-10 15:55:44 [INFO ] CancellationServiceImpl:36 - Fetching meal cancellation requests
2026-03-10 15:55:44 [INFO ] CancellationServiceImpl:36 - Fetching meal cancellation requests
2026-03-10 15:55:44 [DEBUG] SQL:144 - 
    select
        mealorder0_.order_id as order_id1_0_,
        mealorder0_.cancellation_date as cancella2_0_,
        mealorder0_.cancellation_reason as cancella3_0_,
        mealorder0_.delivery_station as delivery4_0_,
        mealorder0_.delivery_status as delivery5_0_,
        mealorder0_.id as id6_0_,
        mealorder0_.meal_id as meal_id13_0_,
        mealorder0_.order_date as order_da7_0_,
        mealorder0_.quantity as quantity8_0_,
        mealorder0_.refund_amount as refund_a9_0_,
        mealorder0_.refund_status as refund_10_0_,
        mealorder0_.special_instructions as special11_0_,
        mealorder0_.ticket_id as ticket_14_0_,
        mealorder0_.total_price as total_p12_0_,
        mealorder0_.user_id as user_id15_0_ 
    from
        meal_orders mealorder0_ 
    where
        mealorder0_.refund_status=?
2026-03-10 15:55:44 [TRACE] BasicBinder:64 - binding parameter [1] as [VARCHAR] - [PENDING]
2026-03-10 15:55:44 [INFO ] CancellationServiceImpl:30 - Fetching ticket cancellation requests
2026-03-10 15:55:44 [INFO ] CancellationServiceImpl:30 - Fetching ticket cancellation requests
2026-03-10 15:55:44 [DEBUG] SQL:144 - 
    select
        ticket0_.ticket_id as ticket_i1_4_,
        ticket0_.booking_date as booking_2_4_,
        ticket0_.booking_status as booking_3_4_,
        ticket0_.cancellation_charges as cancella4_4_,
        ticket0_.cancellation_date as cancella5_4_,
        ticket0_.cancellation_reason as cancella6_4_,
        ticket0_.cancellation_requested_date as cancella7_4_,
        ticket0_.class_type as class_ty8_4_,
        ticket0_.destination_station as destinat9_4_,
        ticket0_.journey_date as journey10_4_,
        ticket0_.meal_id as meal_id11_4_,
        ticket0_.meal_quantity as meal_qu12_4_,
        ticket0_.number_of_seats as number_13_4_,
        ticket0_.passenger_age as passeng14_4_,
        ticket0_.passenger_gender as passeng15_4_,
        ticket0_.passenger_name as passeng16_4_,
        ticket0_.payment_id as payment17_4_,
        ticket0_.payment_method as payment18_4_,
        ticket0_.payment_status as payment19_4_,
        ticket0_.refund_amount as refund_20_4_,
        ticket0_.refund_date as refund_21_4_,
        ticket0_.refund_percentage as refund_22_4_,
        ticket0_.refund_processed_date as refund_23_4_,
        ticket0_.refund_status as refund_24_4_,
        ticket0_.refund_transaction_id as refund_25_4_,
        ticket0_.source_station as source_26_4_,
        ticket0_.ticket_status as ticket_27_4_,
        ticket0_.total_fare as total_f28_4_,
        ticket0_.train_no as train_n29_4_,
        ticket0_.user_id as user_id30_4_ 
    from
        tickets ticket0_ 
    where
        (
            ticket0_.cancellation_requested_date is not null
        ) 
        and ticket0_.refund_status='PENDING'
2026-03-10 15:55:44 [INFO ] CancellationServiceImpl:36 - Fetching meal cancellation requests
2026-03-10 15:55:44 [INFO ] CancellationServiceImpl:36 - Fetching meal cancellation requests
2026-03-10 15:55:44 [DEBUG] SQL:144 - 
    select
        mealorder0_.order_id as order_id1_0_,
        mealorder0_.cancellation_date as cancella2_0_,
        mealorder0_.cancellation_reason as cancella3_0_,
        mealorder0_.delivery_station as delivery4_0_,
        mealorder0_.delivery_status as delivery5_0_,
        mealorder0_.id as id6_0_,
        mealorder0_.meal_id as meal_id13_0_,
        mealorder0_.order_date as order_da7_0_,
        mealorder0_.quantity as quantity8_0_,
        mealorder0_.refund_amount as refund_a9_0_,
        mealorder0_.refund_status as refund_10_0_,
        mealorder0_.special_instructions as special11_0_,
        mealorder0_.ticket_id as ticket_14_0_,
        mealorder0_.total_price as total_p12_0_,
        mealorder0_.user_id as user_id15_0_ 
    from
        meal_orders mealorder0_ 
    where
        mealorder0_.refund_status=?
2026-03-10 15:55:44 [TRACE] BasicBinder:64 - binding parameter [1] as [VARCHAR] - [PENDING]
2026-03-10 15:55:44 [DEBUG] DispatcherServlet:1131 - Completed 200 OK
2026-03-10 15:55:53 [DEBUG] DispatcherServlet:120 - GET "/RailEase/admin/users", parameters={}
2026-03-10 15:55:53 [DEBUG] RequestMappingHandlerMapping:522 - Mapped to com.railease.controller.AdminController#viewUsers(HttpSession, Model)
2026-03-10 15:55:53 [DEBUG] SQL:144 - 
    select
        user0_.user_id as user_id1_8_,
        user0_.created_at as created_2_8_,
        user0_.email as email3_8_,
        user0_.full_name as full_nam4_8_,
        user0_.is_enabled as is_enabl5_8_,
        user0_.last_login as last_log6_8_,
        user0_.mobile_number as mobile_n7_8_,
        user0_.password as password8_8_,
        user0_.profile_photo as profile_9_8_,
        user0_.profile_photo_content_type as profile10_8_,
        user0_.role as role11_8_,
        user0_.session_id as session12_8_,
        user0_.updated_at as updated13_8_,
        user0_.username as usernam14_8_ 
    from
        users user0_
2026-03-10 15:55:53 [DEBUG] SQL:144 - 
    select
        userprofil0_.profile_id as profile_1_7_0_,
        userprofil0_.address as address2_7_0_,
        userprofil0_.city as city3_7_0_,
        userprofil0_.date_of_birth as date_of_4_7_0_,
        userprofil0_.gender as gender5_7_0_,
        userprofil0_.id as id6_7_0_,
        userprofil0_.occupation as occupati7_7_0_,
        userprofil0_.pincode as pincode8_7_0_,
        userprofil0_.state as state9_7_0_,
        userprofil0_.user_id as user_id10_7_0_ 
    from
        user_profiles userprofil0_ 
    where
        userprofil0_.user_id=?
2026-03-10 15:55:53 [TRACE] BasicBinder:64 - binding parameter [1] as [BIGINT] - [30]
2026-03-10 15:55:53 [DEBUG] SQL:144 - 
    select
        userprofil0_.profile_id as profile_1_7_0_,
        userprofil0_.address as address2_7_0_,
        userprofil0_.city as city3_7_0_,
        userprofil0_.date_of_birth as date_of_4_7_0_,
        userprofil0_.gender as gender5_7_0_,
        userprofil0_.id as id6_7_0_,
        userprofil0_.occupation as occupati7_7_0_,
        userprofil0_.pincode as pincode8_7_0_,
        userprofil0_.state as state9_7_0_,
        userprofil0_.user_id as user_id10_7_0_ 
    from
        user_profiles userprofil0_ 
    where
        userprofil0_.user_id=?
2026-03-10 15:55:53 [TRACE] BasicBinder:64 - binding parameter [1] as [BIGINT] - [31]
2026-03-10 15:55:53 [DEBUG] SQL:144 - 
    select
        userprofil0_.profile_id as profile_1_7_0_,
        userprofil0_.address as address2_7_0_,
        userprofil0_.city as city3_7_0_,
        userprofil0_.date_of_birth as date_of_4_7_0_,
        userprofil0_.gender as gender5_7_0_,
        userprofil0_.id as id6_7_0_,
        userprofil0_.occupation as occupati7_7_0_,
        userprofil0_.pincode as pincode8_7_0_,
        userprofil0_.state as state9_7_0_,
        userprofil0_.user_id as user_id10_7_0_ 
    from
        user_profiles userprofil0_ 
    where
        userprofil0_.user_id=?
2026-03-10 15:55:53 [TRACE] BasicBinder:64 - binding parameter [1] as [BIGINT] - [35]
2026-03-10 15:55:53 [DEBUG] SQL:144 - 
    select
        userprofil0_.profile_id as profile_1_7_0_,
        userprofil0_.address as address2_7_0_,
        userprofil0_.city as city3_7_0_,
        userprofil0_.date_of_birth as date_of_4_7_0_,
        userprofil0_.gender as gender5_7_0_,
        userprofil0_.id as id6_7_0_,
        userprofil0_.occupation as occupati7_7_0_,
        userprofil0_.pincode as pincode8_7_0_,
        userprofil0_.state as state9_7_0_,
        userprofil0_.user_id as user_id10_7_0_ 
    from
        user_profiles userprofil0_ 
    where
        userprofil0_.user_id=?
2026-03-10 15:55:53 [TRACE] BasicBinder:64 - binding parameter [1] as [BIGINT] - [37]
2026-03-10 15:55:53 [DEBUG] DispatcherServlet:1131 - Completed 200 OK
2026-03-10 15:56:01 [DEBUG] DispatcherServlet:120 - GET "/RailEase/admin/trains", parameters={}
2026-03-10 15:56:01 [DEBUG] RequestMappingHandlerMapping:522 - Mapped to com.railease.controller.AdminController#manageTrains(HttpSession, Model)
2026-03-10 15:56:01 [DEBUG] TrainServiceImpl:33 - Fetching all trains
2026-03-10 15:56:01 [DEBUG] TrainServiceImpl:33 - Fetching all trains
2026-03-10 15:56:01 [DEBUG] SQL:144 - 
    select
        train0_.train_no as train_no1_6_,
        train0_.ac_fare as ac_fare2_6_,
        train0_.ac_seats as ac_seats3_6_,
        train0_.arrival_time as arrival_4_6_,
        train0_.available_seats as availabl5_6_,
        train0_.created_at as created_6_6_,
        train0_.departure_time as departur7_6_,
        train0_.destination as destinat8_6_,
        train0_.destination_station as destinat9_6_,
        train0_.general_fare as general10_6_,
        train0_.general_seats as general11_6_,
        train0_.is_active as is_acti12_6_,
        train0_.journey_date as journey13_6_,
        train0_.sleeper_fare as sleeper14_6_,
        train0_.sleeper_seats as sleeper15_6_,
        train0_.source as source16_6_,
        train0_.source_station as source_17_6_,
        train0_.ticket_price as ticket_18_6_,
        train0_.train_name as train_n19_6_,
        train0_.travel_date as travel_20_6_,
        train0_.updated_at as updated21_6_ 
    from
        trains train0_
2026-03-10 15:56:01 [DEBUG] DispatcherServlet:1131 - Completed 200 OK
2026-03-10 15:56:06 [DEBUG] DispatcherServlet:120 - GET "/RailEase/admin/trains/edit/5", parameters={}
2026-03-10 15:56:06 [DEBUG] RequestMappingHandlerMapping:522 - Mapped to com.railease.controller.AdminController#showEditTrainForm(Integer, HttpSession, Model)
2026-03-10 15:56:06 [DEBUG] TrainServiceImpl:46 - Fetching train by id: 5
2026-03-10 15:56:06 [DEBUG] TrainServiceImpl:46 - Fetching train by id: 5
2026-03-10 15:56:06 [DEBUG] SQL:144 - 
    select
        train0_.train_no as train_no1_6_0_,
        train0_.ac_fare as ac_fare2_6_0_,
        train0_.ac_seats as ac_seats3_6_0_,
        train0_.arrival_time as arrival_4_6_0_,
        train0_.available_seats as availabl5_6_0_,
        train0_.created_at as created_6_6_0_,
        train0_.departure_time as departur7_6_0_,
        train0_.destination as destinat8_6_0_,
        train0_.destination_station as destinat9_6_0_,
        train0_.general_fare as general10_6_0_,
        train0_.general_seats as general11_6_0_,
        train0_.is_active as is_acti12_6_0_,
        train0_.journey_date as journey13_6_0_,
        train0_.sleeper_fare as sleeper14_6_0_,
        train0_.sleeper_seats as sleeper15_6_0_,
        train0_.source as source16_6_0_,
        train0_.source_station as source_17_6_0_,
        train0_.ticket_price as ticket_18_6_0_,
        train0_.train_name as train_n19_6_0_,
        train0_.travel_date as travel_20_6_0_,
        train0_.updated_at as updated21_6_0_ 
    from
        trains train0_ 
    where
        train0_.train_no=?
2026-03-10 15:56:06 [TRACE] BasicBinder:64 - binding parameter [1] as [INTEGER] - [5]
2026-03-10 15:56:06 [DEBUG] DispatcherServlet:1131 - Completed 200 OK
2026-03-10 15:56:11 [DEBUG] DispatcherServlet:120 - GET "/RailEase/admin/trains", parameters={}
2026-03-10 15:56:11 [DEBUG] RequestMappingHandlerMapping:522 - Mapped to com.railease.controller.AdminController#manageTrains(HttpSession, Model)
2026-03-10 15:56:11 [DEBUG] TrainServiceImpl:33 - Fetching all trains
2026-03-10 15:56:11 [DEBUG] TrainServiceImpl:33 - Fetching all trains
2026-03-10 15:56:11 [DEBUG] SQL:144 - 
    select
        train0_.train_no as train_no1_6_,
        train0_.ac_fare as ac_fare2_6_,
        train0_.ac_seats as ac_seats3_6_,
        train0_.arrival_time as arrival_4_6_,
        train0_.available_seats as availabl5_6_,
        train0_.created_at as created_6_6_,
        train0_.departure_time as departur7_6_,
        train0_.destination as destinat8_6_,
        train0_.destination_station as destinat9_6_,
        train0_.general_fare as general10_6_,
        train0_.general_seats as general11_6_,
        train0_.is_active as is_acti12_6_,
        train0_.journey_date as journey13_6_,
        train0_.sleeper_fare as sleeper14_6_,
        train0_.sleeper_seats as sleeper15_6_,
        train0_.source as source16_6_,
        train0_.source_station as source_17_6_,
        train0_.ticket_price as ticket_18_6_,
        train0_.train_name as train_n19_6_,
        train0_.travel_date as travel_20_6_,
        train0_.updated_at as updated21_6_ 
    from
        trains train0_
2026-03-10 15:56:11 [DEBUG] DispatcherServlet:1131 - Completed 200 OK
2026-03-10 15:56:15 [DEBUG] DispatcherServlet:120 - GET "/RailEase/admin/meals", parameters={}
2026-03-10 15:56:15 [DEBUG] RequestMappingHandlerMapping:522 - Mapped to com.railease.controller.AdminController#manageMeals(HttpSession, Model)
2026-03-10 15:56:15 [INFO ] MealServiceImpl:36 - Fetching all meals
2026-03-10 15:56:15 [INFO ] MealServiceImpl:36 - Fetching all meals
2026-03-10 15:56:15 [DEBUG] SQL:144 - 
    select
        meal0_.meal_id as meal_id1_1_,
        meal0_.availability_status as availabi2_1_,
        meal0_.created_at as created_3_1_,
        meal0_.description as descript4_1_,
        meal0_.image as image5_1_,
        meal0_.image_content_type as image_co6_1_,
        meal0_.image_url as image_ur7_1_,
        meal0_.is_available as is_avail8_1_,
        meal0_.meal_name as meal_nam9_1_,
        meal0_.meal_type as meal_ty10_1_,
        meal0_.preparation_time as prepara11_1_,
        meal0_.price as price12_1_,
        meal0_.updated_at as updated13_1_ 
    from
        meals meal0_
2026-03-10 15:56:16 [DEBUG] DispatcherServlet:1131 - Completed 200 OK
2026-03-10 15:56:17 [DEBUG] DispatcherServlet:120 - GET "/RailEase/admin/cancellations", parameters={}
2026-03-10 15:56:17 [DEBUG] RequestMappingHandlerMapping:522 - Mapped to com.railease.controller.AdminController#viewCancellationRequests(HttpSession, Model)
2026-03-10 15:56:17 [INFO ] CancellationServiceImpl:30 - Fetching ticket cancellation requests
2026-03-10 15:56:17 [INFO ] CancellationServiceImpl:30 - Fetching ticket cancellation requests
2026-03-10 15:56:17 [DEBUG] SQL:144 - 
    select
        ticket0_.ticket_id as ticket_i1_4_,
        ticket0_.booking_date as booking_2_4_,
        ticket0_.booking_status as booking_3_4_,
        ticket0_.cancellation_charges as cancella4_4_,
        ticket0_.cancellation_date as cancella5_4_,
        ticket0_.cancellation_reason as cancella6_4_,
        ticket0_.cancellation_requested_date as cancella7_4_,
        ticket0_.class_type as class_ty8_4_,
        ticket0_.destination_station as destinat9_4_,
        ticket0_.journey_date as journey10_4_,
        ticket0_.meal_id as meal_id11_4_,
        ticket0_.meal_quantity as meal_qu12_4_,
        ticket0_.number_of_seats as number_13_4_,
        ticket0_.passenger_age as passeng14_4_,
        ticket0_.passenger_gender as passeng15_4_,
        ticket0_.passenger_name as passeng16_4_,
        ticket0_.payment_id as payment17_4_,
        ticket0_.payment_method as payment18_4_,
        ticket0_.payment_status as payment19_4_,
        ticket0_.refund_amount as refund_20_4_,
        ticket0_.refund_date as refund_21_4_,
        ticket0_.refund_percentage as refund_22_4_,
        ticket0_.refund_processed_date as refund_23_4_,
        ticket0_.refund_status as refund_24_4_,
        ticket0_.refund_transaction_id as refund_25_4_,
        ticket0_.source_station as source_26_4_,
        ticket0_.ticket_status as ticket_27_4_,
        ticket0_.total_fare as total_f28_4_,
        ticket0_.train_no as train_n29_4_,
        ticket0_.user_id as user_id30_4_ 
    from
        tickets ticket0_ 
    where
        (
            ticket0_.cancellation_requested_date is not null
        ) 
        and ticket0_.refund_status='PENDING'
2026-03-10 15:56:17 [INFO ] CancellationServiceImpl:36 - Fetching meal cancellation requests
2026-03-10 15:56:17 [INFO ] CancellationServiceImpl:36 - Fetching meal cancellation requests
2026-03-10 15:56:17 [DEBUG] SQL:144 - 
    select
        mealorder0_.order_id as order_id1_0_,
        mealorder0_.cancellation_date as cancella2_0_,
        mealorder0_.cancellation_reason as cancella3_0_,
        mealorder0_.delivery_station as delivery4_0_,
        mealorder0_.delivery_status as delivery5_0_,
        mealorder0_.id as id6_0_,
        mealorder0_.meal_id as meal_id13_0_,
        mealorder0_.order_date as order_da7_0_,
        mealorder0_.quantity as quantity8_0_,
        mealorder0_.refund_amount as refund_a9_0_,
        mealorder0_.refund_status as refund_10_0_,
        mealorder0_.special_instructions as special11_0_,
        mealorder0_.ticket_id as ticket_14_0_,
        mealorder0_.total_price as total_p12_0_,
        mealorder0_.user_id as user_id15_0_ 
    from
        meal_orders mealorder0_ 
    where
        mealorder0_.refund_status=?
2026-03-10 15:56:17 [TRACE] BasicBinder:64 - binding parameter [1] as [VARCHAR] - [PENDING]
2026-03-10 15:56:17 [DEBUG] SQL:144 - 
    select
        ticket0_.ticket_id as ticket_i1_4_,
        ticket0_.booking_date as booking_2_4_,
        ticket0_.booking_status as booking_3_4_,
        ticket0_.cancellation_charges as cancella4_4_,
        ticket0_.cancellation_date as cancella5_4_,
        ticket0_.cancellation_reason as cancella6_4_,
        ticket0_.cancellation_requested_date as cancella7_4_,
        ticket0_.class_type as class_ty8_4_,
        ticket0_.destination_station as destinat9_4_,
        ticket0_.journey_date as journey10_4_,
        ticket0_.meal_id as meal_id11_4_,
        ticket0_.meal_quantity as meal_qu12_4_,
        ticket0_.number_of_seats as number_13_4_,
        ticket0_.passenger_age as passeng14_4_,
        ticket0_.passenger_gender as passeng15_4_,
        ticket0_.passenger_name as passeng16_4_,
        ticket0_.payment_id as payment17_4_,
        ticket0_.payment_method as payment18_4_,
        ticket0_.payment_status as payment19_4_,
        ticket0_.refund_amount as refund_20_4_,
        ticket0_.refund_date as refund_21_4_,
        ticket0_.refund_percentage as refund_22_4_,
        ticket0_.refund_processed_date as refund_23_4_,
        ticket0_.refund_status as refund_24_4_,
        ticket0_.refund_transaction_id as refund_25_4_,
        ticket0_.source_station as source_26_4_,
        ticket0_.ticket_status as ticket_27_4_,
        ticket0_.total_fare as total_f28_4_,
        ticket0_.train_no as train_n29_4_,
        ticket0_.user_id as user_id30_4_ 
    from
        tickets ticket0_ 
    where
        ticket0_.refund_status=?
2026-03-10 15:56:17 [TRACE] BasicBinder:64 - binding parameter [1] as [VARCHAR] - [PENDING]
2026-03-10 15:56:17 [DEBUG] SQL:144 - 
    select
        mealorder0_.order_id as order_id1_0_,
        mealorder0_.cancellation_date as cancella2_0_,
        mealorder0_.cancellation_reason as cancella3_0_,
        mealorder0_.delivery_station as delivery4_0_,
        mealorder0_.delivery_status as delivery5_0_,
        mealorder0_.id as id6_0_,
        mealorder0_.meal_id as meal_id13_0_,
        mealorder0_.order_date as order_da7_0_,
        mealorder0_.quantity as quantity8_0_,
        mealorder0_.refund_amount as refund_a9_0_,
        mealorder0_.refund_status as refund_10_0_,
        mealorder0_.special_instructions as special11_0_,
        mealorder0_.ticket_id as ticket_14_0_,
        mealorder0_.total_price as total_p12_0_,
        mealorder0_.user_id as user_id15_0_ 
    from
        meal_orders mealorder0_ 
    where
        mealorder0_.refund_status=?
2026-03-10 15:56:17 [TRACE] BasicBinder:64 - binding parameter [1] as [VARCHAR] - [PENDING]
2026-03-10 15:56:17 [DEBUG] DispatcherServlet:1131 - Completed 200 OK
2026-03-10 15:56:25 [DEBUG] DispatcherServlet:120 - GET "/RailEase/admin/users", parameters={}
2026-03-10 15:56:25 [DEBUG] RequestMappingHandlerMapping:522 - Mapped to com.railease.controller.AdminController#viewUsers(HttpSession, Model)
2026-03-10 15:56:25 [DEBUG] SQL:144 - 
    select
        user0_.user_id as user_id1_8_,
        user0_.created_at as created_2_8_,
        user0_.email as email3_8_,
        user0_.full_name as full_nam4_8_,
        user0_.is_enabled as is_enabl5_8_,
        user0_.last_login as last_log6_8_,
        user0_.mobile_number as mobile_n7_8_,
        user0_.password as password8_8_,
        user0_.profile_photo as profile_9_8_,
        user0_.profile_photo_content_type as profile10_8_,
        user0_.role as role11_8_,
        user0_.session_id as session12_8_,
        user0_.updated_at as updated13_8_,
        user0_.username as usernam14_8_ 
    from
        users user0_
2026-03-10 15:56:25 [DEBUG] SQL:144 - 
    select
        userprofil0_.profile_id as profile_1_7_0_,
        userprofil0_.address as address2_7_0_,
        userprofil0_.city as city3_7_0_,
        userprofil0_.date_of_birth as date_of_4_7_0_,
        userprofil0_.gender as gender5_7_0_,
        userprofil0_.id as id6_7_0_,
        userprofil0_.occupation as occupati7_7_0_,
        userprofil0_.pincode as pincode8_7_0_,
        userprofil0_.state as state9_7_0_,
        userprofil0_.user_id as user_id10_7_0_ 
    from
        user_profiles userprofil0_ 
    where
        userprofil0_.user_id=?
2026-03-10 15:56:25 [TRACE] BasicBinder:64 - binding parameter [1] as [BIGINT] - [30]
2026-03-10 15:56:25 [DEBUG] SQL:144 - 
    select
        userprofil0_.profile_id as profile_1_7_0_,
        userprofil0_.address as address2_7_0_,
        userprofil0_.city as city3_7_0_,
        userprofil0_.date_of_birth as date_of_4_7_0_,
        userprofil0_.gender as gender5_7_0_,
        userprofil0_.id as id6_7_0_,
        userprofil0_.occupation as occupati7_7_0_,
        userprofil0_.pincode as pincode8_7_0_,
        userprofil0_.state as state9_7_0_,
        userprofil0_.user_id as user_id10_7_0_ 
    from
        user_profiles userprofil0_ 
    where
        userprofil0_.user_id=?
2026-03-10 15:56:25 [TRACE] BasicBinder:64 - binding parameter [1] as [BIGINT] - [31]
2026-03-10 15:56:25 [DEBUG] SQL:144 - 
    select
        userprofil0_.profile_id as profile_1_7_0_,
        userprofil0_.address as address2_7_0_,
        userprofil0_.city as city3_7_0_,
        userprofil0_.date_of_birth as date_of_4_7_0_,
        userprofil0_.gender as gender5_7_0_,
        userprofil0_.id as id6_7_0_,
        userprofil0_.occupation as occupati7_7_0_,
        userprofil0_.pincode as pincode8_7_0_,
        userprofil0_.state as state9_7_0_,
        userprofil0_.user_id as user_id10_7_0_ 
    from
        user_profiles userprofil0_ 
    where
        userprofil0_.user_id=?
2026-03-10 15:56:25 [TRACE] BasicBinder:64 - binding parameter [1] as [BIGINT] - [35]
2026-03-10 15:56:25 [DEBUG] SQL:144 - 
    select
        userprofil0_.profile_id as profile_1_7_0_,
        userprofil0_.address as address2_7_0_,
        userprofil0_.city as city3_7_0_,
        userprofil0_.date_of_birth as date_of_4_7_0_,
        userprofil0_.gender as gender5_7_0_,
        userprofil0_.id as id6_7_0_,
        userprofil0_.occupation as occupati7_7_0_,
        userprofil0_.pincode as pincode8_7_0_,
        userprofil0_.state as state9_7_0_,
        userprofil0_.user_id as user_id10_7_0_ 
    from
        user_profiles userprofil0_ 
    where
        userprofil0_.user_id=?
2026-03-10 15:56:25 [TRACE] BasicBinder:64 - binding parameter [1] as [BIGINT] - [37]
2026-03-10 15:56:25 [DEBUG] DispatcherServlet:1131 - Completed 200 OK
2026-03-10 15:56:28 [DEBUG] DispatcherServlet:120 - GET "/RailEase/", parameters={}
2026-03-10 15:56:28 [DEBUG] RequestMappingHandlerMapping:522 - Mapped to com.railease.controller.HomeController#home(HttpSession)
2026-03-10 15:56:28 [DEBUG] RedirectView:309 - View name 'redirect:', model {}
2026-03-10 15:56:28 [DEBUG] DispatcherServlet:1131 - Completed 302 FOUND
2026-03-10 15:56:28 [DEBUG] DispatcherServlet:120 - GET "/RailEase/admin/dashboard", parameters={}
2026-03-10 15:56:28 [DEBUG] RequestMappingHandlerMapping:522 - Mapped to com.railease.controller.AdminController#dashboard(HttpSession, Model)
2026-03-10 15:56:28 [DEBUG] TrainServiceImpl:33 - Fetching all trains
2026-03-10 15:56:28 [DEBUG] TrainServiceImpl:33 - Fetching all trains
2026-03-10 15:56:28 [DEBUG] SQL:144 - 
    select
        train0_.train_no as train_no1_6_,
        train0_.ac_fare as ac_fare2_6_,
        train0_.ac_seats as ac_seats3_6_,
        train0_.arrival_time as arrival_4_6_,
        train0_.available_seats as availabl5_6_,
        train0_.created_at as created_6_6_,
        train0_.departure_time as departur7_6_,
        train0_.destination as destinat8_6_,
        train0_.destination_station as destinat9_6_,
        train0_.general_fare as general10_6_,
        train0_.general_seats as general11_6_,
        train0_.is_active as is_acti12_6_,
        train0_.journey_date as journey13_6_,
        train0_.sleeper_fare as sleeper14_6_,
        train0_.sleeper_seats as sleeper15_6_,
        train0_.source as source16_6_,
        train0_.source_station as source_17_6_,
        train0_.ticket_price as ticket_18_6_,
        train0_.train_name as train_n19_6_,
        train0_.travel_date as travel_20_6_,
        train0_.updated_at as updated21_6_ 
    from
        trains train0_
2026-03-10 15:56:28 [INFO ] MealServiceImpl:36 - Fetching all meals
2026-03-10 15:56:28 [INFO ] MealServiceImpl:36 - Fetching all meals
2026-03-10 15:56:28 [DEBUG] SQL:144 - 
    select
        meal0_.meal_id as meal_id1_1_,
        meal0_.availability_status as availabi2_1_,
        meal0_.created_at as created_3_1_,
        meal0_.description as descript4_1_,
        meal0_.image as image5_1_,
        meal0_.image_content_type as image_co6_1_,
        meal0_.image_url as image_ur7_1_,
        meal0_.is_available as is_avail8_1_,
        meal0_.meal_name as meal_nam9_1_,
        meal0_.meal_type as meal_ty10_1_,
        meal0_.preparation_time as prepara11_1_,
        meal0_.price as price12_1_,
        meal0_.updated_at as updated13_1_ 
    from
        meals meal0_
2026-03-10 15:56:28 [INFO ] MealServiceImpl:42 - Fetching available meals
2026-03-10 15:56:28 [INFO ] MealServiceImpl:42 - Fetching available meals
2026-03-10 15:56:28 [DEBUG] SQL:144 - 
    select
        meal0_.meal_id as meal_id1_1_,
        meal0_.availability_status as availabi2_1_,
        meal0_.created_at as created_3_1_,
        meal0_.description as descript4_1_,
        meal0_.image as image5_1_,
        meal0_.image_content_type as image_co6_1_,
        meal0_.image_url as image_ur7_1_,
        meal0_.is_available as is_avail8_1_,
        meal0_.meal_name as meal_nam9_1_,
        meal0_.meal_type as meal_ty10_1_,
        meal0_.preparation_time as prepara11_1_,
        meal0_.price as price12_1_,
        meal0_.updated_at as updated13_1_ 
    from
        meals meal0_ 
    where
        meal0_.availability_status=1
2026-03-10 15:56:28 [DEBUG] SQL:144 - 
    select
        user0_.user_id as user_id1_8_,
        user0_.created_at as created_2_8_,
        user0_.email as email3_8_,
        user0_.full_name as full_nam4_8_,
        user0_.is_enabled as is_enabl5_8_,
        user0_.last_login as last_log6_8_,
        user0_.mobile_number as mobile_n7_8_,
        user0_.password as password8_8_,
        user0_.profile_photo as profile_9_8_,
        user0_.profile_photo_content_type as profile10_8_,
        user0_.role as role11_8_,
        user0_.session_id as session12_8_,
        user0_.updated_at as updated13_8_,
        user0_.username as usernam14_8_ 
    from
        users user0_
2026-03-10 15:56:28 [DEBUG] SQL:144 - 
    select
        userprofil0_.profile_id as profile_1_7_0_,
        userprofil0_.address as address2_7_0_,
        userprofil0_.city as city3_7_0_,
        userprofil0_.date_of_birth as date_of_4_7_0_,
        userprofil0_.gender as gender5_7_0_,
        userprofil0_.id as id6_7_0_,
        userprofil0_.occupation as occupati7_7_0_,
        userprofil0_.pincode as pincode8_7_0_,
        userprofil0_.state as state9_7_0_,
        userprofil0_.user_id as user_id10_7_0_ 
    from
        user_profiles userprofil0_ 
    where
        userprofil0_.user_id=?
2026-03-10 15:56:28 [TRACE] BasicBinder:64 - binding parameter [1] as [BIGINT] - [30]
2026-03-10 15:56:28 [DEBUG] SQL:144 - 
    select
        userprofil0_.profile_id as profile_1_7_0_,
        userprofil0_.address as address2_7_0_,
        userprofil0_.city as city3_7_0_,
        userprofil0_.date_of_birth as date_of_4_7_0_,
        userprofil0_.gender as gender5_7_0_,
        userprofil0_.id as id6_7_0_,
        userprofil0_.occupation as occupati7_7_0_,
        userprofil0_.pincode as pincode8_7_0_,
        userprofil0_.state as state9_7_0_,
        userprofil0_.user_id as user_id10_7_0_ 
    from
        user_profiles userprofil0_ 
    where
        userprofil0_.user_id=?
2026-03-10 15:56:28 [TRACE] BasicBinder:64 - binding parameter [1] as [BIGINT] - [31]
2026-03-10 15:56:28 [DEBUG] SQL:144 - 
    select
        userprofil0_.profile_id as profile_1_7_0_,
        userprofil0_.address as address2_7_0_,
        userprofil0_.city as city3_7_0_,
        userprofil0_.date_of_birth as date_of_4_7_0_,
        userprofil0_.gender as gender5_7_0_,
        userprofil0_.id as id6_7_0_,
        userprofil0_.occupation as occupati7_7_0_,
        userprofil0_.pincode as pincode8_7_0_,
        userprofil0_.state as state9_7_0_,
        userprofil0_.user_id as user_id10_7_0_ 
    from
        user_profiles userprofil0_ 
    where
        userprofil0_.user_id=?
2026-03-10 15:56:28 [TRACE] BasicBinder:64 - binding parameter [1] as [BIGINT] - [35]
2026-03-10 15:56:28 [DEBUG] SQL:144 - 
    select
        userprofil0_.profile_id as profile_1_7_0_,
        userprofil0_.address as address2_7_0_,
        userprofil0_.city as city3_7_0_,
        userprofil0_.date_of_birth as date_of_4_7_0_,
        userprofil0_.gender as gender5_7_0_,
        userprofil0_.id as id6_7_0_,
        userprofil0_.occupation as occupati7_7_0_,
        userprofil0_.pincode as pincode8_7_0_,
        userprofil0_.state as state9_7_0_,
        userprofil0_.user_id as user_id10_7_0_ 
    from
        user_profiles userprofil0_ 
    where
        userprofil0_.user_id=?
2026-03-10 15:56:28 [TRACE] BasicBinder:64 - binding parameter [1] as [BIGINT] - [37]
2026-03-10 15:56:28 [DEBUG] SQL:144 - 
    select
        ticket0_.ticket_id as ticket_i1_4_,
        ticket0_.booking_date as booking_2_4_,
        ticket0_.booking_status as booking_3_4_,
        ticket0_.cancellation_charges as cancella4_4_,
        ticket0_.cancellation_date as cancella5_4_,
        ticket0_.cancellation_reason as cancella6_4_,
        ticket0_.cancellation_requested_date as cancella7_4_,
        ticket0_.class_type as class_ty8_4_,
        ticket0_.destination_station as destinat9_4_,
        ticket0_.journey_date as journey10_4_,
        ticket0_.meal_id as meal_id11_4_,
        ticket0_.meal_quantity as meal_qu12_4_,
        ticket0_.number_of_seats as number_13_4_,
        ticket0_.passenger_age as passeng14_4_,
        ticket0_.passenger_gender as passeng15_4_,
        ticket0_.passenger_name as passeng16_4_,
        ticket0_.payment_id as payment17_4_,
        ticket0_.payment_method as payment18_4_,
        ticket0_.payment_status as payment19_4_,
        ticket0_.refund_amount as refund_20_4_,
        ticket0_.refund_date as refund_21_4_,
        ticket0_.refund_percentage as refund_22_4_,
        ticket0_.refund_processed_date as refund_23_4_,
        ticket0_.refund_status as refund_24_4_,
        ticket0_.refund_transaction_id as refund_25_4_,
        ticket0_.source_station as source_26_4_,
        ticket0_.ticket_status as ticket_27_4_,
        ticket0_.total_fare as total_f28_4_,
        ticket0_.train_no as train_n29_4_,
        ticket0_.user_id as user_id30_4_ 
    from
        tickets ticket0_ 
    where
        ticket0_.refund_status=?
2026-03-10 15:56:28 [TRACE] BasicBinder:64 - binding parameter [1] as [VARCHAR] - [PENDING]
2026-03-10 15:56:28 [DEBUG] SQL:144 - 
    select
        mealorder0_.order_id as order_id1_0_,
        mealorder0_.cancellation_date as cancella2_0_,
        mealorder0_.cancellation_reason as cancella3_0_,
        mealorder0_.delivery_station as delivery4_0_,
        mealorder0_.delivery_status as delivery5_0_,
        mealorder0_.id as id6_0_,
        mealorder0_.meal_id as meal_id13_0_,
        mealorder0_.order_date as order_da7_0_,
        mealorder0_.quantity as quantity8_0_,
        mealorder0_.refund_amount as refund_a9_0_,
        mealorder0_.refund_status as refund_10_0_,
        mealorder0_.special_instructions as special11_0_,
        mealorder0_.ticket_id as ticket_14_0_,
        mealorder0_.total_price as total_p12_0_,
        mealorder0_.user_id as user_id15_0_ 
    from
        meal_orders mealorder0_ 
    where
        mealorder0_.refund_status=?
2026-03-10 15:56:28 [TRACE] BasicBinder:64 - binding parameter [1] as [VARCHAR] - [PENDING]
2026-03-10 15:56:28 [INFO ] CancellationServiceImpl:30 - Fetching ticket cancellation requests
2026-03-10 15:56:28 [INFO ] CancellationServiceImpl:30 - Fetching ticket cancellation requests
2026-03-10 15:56:28 [DEBUG] SQL:144 - 
    select
        ticket0_.ticket_id as ticket_i1_4_,
        ticket0_.booking_date as booking_2_4_,
        ticket0_.booking_status as booking_3_4_,
        ticket0_.cancellation_charges as cancella4_4_,
        ticket0_.cancellation_date as cancella5_4_,
        ticket0_.cancellation_reason as cancella6_4_,
        ticket0_.cancellation_requested_date as cancella7_4_,
        ticket0_.class_type as class_ty8_4_,
        ticket0_.destination_station as destinat9_4_,
        ticket0_.journey_date as journey10_4_,
        ticket0_.meal_id as meal_id11_4_,
        ticket0_.meal_quantity as meal_qu12_4_,
        ticket0_.number_of_seats as number_13_4_,
        ticket0_.passenger_age as passeng14_4_,
        ticket0_.passenger_gender as passeng15_4_,
        ticket0_.passenger_name as passeng16_4_,
        ticket0_.payment_id as payment17_4_,
        ticket0_.payment_method as payment18_4_,
        ticket0_.payment_status as payment19_4_,
        ticket0_.refund_amount as refund_20_4_,
        ticket0_.refund_date as refund_21_4_,
        ticket0_.refund_percentage as refund_22_4_,
        ticket0_.refund_processed_date as refund_23_4_,
        ticket0_.refund_status as refund_24_4_,
        ticket0_.refund_transaction_id as refund_25_4_,
        ticket0_.source_station as source_26_4_,
        ticket0_.ticket_status as ticket_27_4_,
        ticket0_.total_fare as total_f28_4_,
        ticket0_.train_no as train_n29_4_,
        ticket0_.user_id as user_id30_4_ 
    from
        tickets ticket0_ 
    where
        (
            ticket0_.cancellation_requested_date is not null
        ) 
        and ticket0_.refund_status='PENDING'
2026-03-10 15:56:28 [INFO ] CancellationServiceImpl:36 - Fetching meal cancellation requests
2026-03-10 15:56:28 [INFO ] CancellationServiceImpl:36 - Fetching meal cancellation requests
2026-03-10 15:56:28 [DEBUG] SQL:144 - 
    select
        mealorder0_.order_id as order_id1_0_,
        mealorder0_.cancellation_date as cancella2_0_,
        mealorder0_.cancellation_reason as cancella3_0_,
        mealorder0_.delivery_station as delivery4_0_,
        mealorder0_.delivery_status as delivery5_0_,
        mealorder0_.id as id6_0_,
        mealorder0_.meal_id as meal_id13_0_,
        mealorder0_.order_date as order_da7_0_,
        mealorder0_.quantity as quantity8_0_,
        mealorder0_.refund_amount as refund_a9_0_,
        mealorder0_.refund_status as refund_10_0_,
        mealorder0_.special_instructions as special11_0_,
        mealorder0_.ticket_id as ticket_14_0_,
        mealorder0_.total_price as total_p12_0_,
        mealorder0_.user_id as user_id15_0_ 
    from
        meal_orders mealorder0_ 
    where
        mealorder0_.refund_status=?
2026-03-10 15:56:28 [TRACE] BasicBinder:64 - binding parameter [1] as [VARCHAR] - [PENDING]
2026-03-10 15:56:28 [INFO ] CancellationServiceImpl:30 - Fetching ticket cancellation requests
2026-03-10 15:56:28 [INFO ] CancellationServiceImpl:30 - Fetching ticket cancellation requests
2026-03-10 15:56:28 [DEBUG] SQL:144 - 
    select
        ticket0_.ticket_id as ticket_i1_4_,
        ticket0_.booking_date as booking_2_4_,
        ticket0_.booking_status as booking_3_4_,
        ticket0_.cancellation_charges as cancella4_4_,
        ticket0_.cancellation_date as cancella5_4_,
        ticket0_.cancellation_reason as cancella6_4_,
        ticket0_.cancellation_requested_date as cancella7_4_,
        ticket0_.class_type as class_ty8_4_,
        ticket0_.destination_station as destinat9_4_,
        ticket0_.journey_date as journey10_4_,
        ticket0_.meal_id as meal_id11_4_,
        ticket0_.meal_quantity as meal_qu12_4_,
        ticket0_.number_of_seats as number_13_4_,
        ticket0_.passenger_age as passeng14_4_,
        ticket0_.passenger_gender as passeng15_4_,
        ticket0_.passenger_name as passeng16_4_,
        ticket0_.payment_id as payment17_4_,
        ticket0_.payment_method as payment18_4_,
        ticket0_.payment_status as payment19_4_,
        ticket0_.refund_amount as refund_20_4_,
        ticket0_.refund_date as refund_21_4_,
        ticket0_.refund_percentage as refund_22_4_,
        ticket0_.refund_processed_date as refund_23_4_,
        ticket0_.refund_status as refund_24_4_,
        ticket0_.refund_transaction_id as refund_25_4_,
        ticket0_.source_station as source_26_4_,
        ticket0_.ticket_status as ticket_27_4_,
        ticket0_.total_fare as total_f28_4_,
        ticket0_.train_no as train_n29_4_,
        ticket0_.user_id as user_id30_4_ 
    from
        tickets ticket0_ 
    where
        (
            ticket0_.cancellation_requested_date is not null
        ) 
        and ticket0_.refund_status='PENDING'
2026-03-10 15:56:28 [INFO ] CancellationServiceImpl:36 - Fetching meal cancellation requests
2026-03-10 15:56:28 [INFO ] CancellationServiceImpl:36 - Fetching meal cancellation requests
2026-03-10 15:56:28 [DEBUG] SQL:144 - 
    select
        mealorder0_.order_id as order_id1_0_,
        mealorder0_.cancellation_date as cancella2_0_,
        mealorder0_.cancellation_reason as cancella3_0_,
        mealorder0_.delivery_station as delivery4_0_,
        mealorder0_.delivery_status as delivery5_0_,
        mealorder0_.id as id6_0_,
        mealorder0_.meal_id as meal_id13_0_,
        mealorder0_.order_date as order_da7_0_,
        mealorder0_.quantity as quantity8_0_,
        mealorder0_.refund_amount as refund_a9_0_,
        mealorder0_.refund_status as refund_10_0_,
        mealorder0_.special_instructions as special11_0_,
        mealorder0_.ticket_id as ticket_14_0_,
        mealorder0_.total_price as total_p12_0_,
        mealorder0_.user_id as user_id15_0_ 
    from
        meal_orders mealorder0_ 
    where
        mealorder0_.refund_status=?
2026-03-10 15:56:28 [TRACE] BasicBinder:64 - binding parameter [1] as [VARCHAR] - [PENDING]
2026-03-10 15:56:28 [DEBUG] DispatcherServlet:1131 - Completed 200 OK
2026-03-10 15:56:48 [DEBUG] DispatcherServlet:120 - GET "/RailEase/user/my-bookings", parameters={}
2026-03-10 15:56:48 [DEBUG] RequestMappingHandlerMapping:522 - Mapped to com.railease.controller.UserController#myBookings(Model, HttpSession)
2026-03-10 15:56:48 [DEBUG] SQL:144 - 
    select
        user0_.user_id as user_id1_8_0_,
        user0_.created_at as created_2_8_0_,
        user0_.email as email3_8_0_,
        user0_.full_name as full_nam4_8_0_,
        user0_.is_enabled as is_enabl5_8_0_,
        user0_.last_login as last_log6_8_0_,
        user0_.mobile_number as mobile_n7_8_0_,
        user0_.password as password8_8_0_,
        user0_.profile_photo as profile_9_8_0_,
        user0_.profile_photo_content_type as profile10_8_0_,
        user0_.role as role11_8_0_,
        user0_.session_id as session12_8_0_,
        user0_.updated_at as updated13_8_0_,
        user0_.username as usernam14_8_0_ 
    from
        users user0_ 
    where
        user0_.user_id=?
2026-03-10 15:56:48 [TRACE] BasicBinder:64 - binding parameter [1] as [BIGINT] - [37]
2026-03-10 15:56:48 [DEBUG] SQL:144 - 
    select
        userprofil0_.profile_id as profile_1_7_0_,
        userprofil0_.address as address2_7_0_,
        userprofil0_.city as city3_7_0_,
        userprofil0_.date_of_birth as date_of_4_7_0_,
        userprofil0_.gender as gender5_7_0_,
        userprofil0_.id as id6_7_0_,
        userprofil0_.occupation as occupati7_7_0_,
        userprofil0_.pincode as pincode8_7_0_,
        userprofil0_.state as state9_7_0_,
        userprofil0_.user_id as user_id10_7_0_ 
    from
        user_profiles userprofil0_ 
    where
        userprofil0_.user_id=?
2026-03-10 15:56:48 [TRACE] BasicBinder:64 - binding parameter [1] as [BIGINT] - [37]
2026-03-10 15:56:48 [DEBUG] SQL:144 - 
    select
        ticket0_.ticket_id as ticket_i1_4_0_,
        train1_.train_no as train_no1_6_1_,
        ticket0_.booking_date as booking_2_4_0_,
        ticket0_.booking_status as booking_3_4_0_,
        ticket0_.cancellation_charges as cancella4_4_0_,
        ticket0_.cancellation_date as cancella5_4_0_,
        ticket0_.cancellation_reason as cancella6_4_0_,
        ticket0_.cancellation_requested_date as cancella7_4_0_,
        ticket0_.class_type as class_ty8_4_0_,
        ticket0_.destination_station as destinat9_4_0_,
        ticket0_.journey_date as journey10_4_0_,
        ticket0_.meal_id as meal_id11_4_0_,
        ticket0_.meal_quantity as meal_qu12_4_0_,
        ticket0_.number_of_seats as number_13_4_0_,
        ticket0_.passenger_age as passeng14_4_0_,
        ticket0_.passenger_gender as passeng15_4_0_,
        ticket0_.passenger_name as passeng16_4_0_,
        ticket0_.payment_id as payment17_4_0_,
        ticket0_.payment_method as payment18_4_0_,
        ticket0_.payment_status as payment19_4_0_,
        ticket0_.refund_amount as refund_20_4_0_,
        ticket0_.refund_date as refund_21_4_0_,
        ticket0_.refund_percentage as refund_22_4_0_,
        ticket0_.refund_processed_date as refund_23_4_0_,
        ticket0_.refund_status as refund_24_4_0_,
        ticket0_.refund_transaction_id as refund_25_4_0_,
        ticket0_.source_station as source_26_4_0_,
        ticket0_.ticket_status as ticket_27_4_0_,
        ticket0_.total_fare as total_f28_4_0_,
        ticket0_.train_no as train_n29_4_0_,
        ticket0_.user_id as user_id30_4_0_,
        train1_.ac_fare as ac_fare2_6_1_,
        train1_.ac_seats as ac_seats3_6_1_,
        train1_.arrival_time as arrival_4_6_1_,
        train1_.available_seats as availabl5_6_1_,
        train1_.created_at as created_6_6_1_,
        train1_.departure_time as departur7_6_1_,
        train1_.destination as destinat8_6_1_,
        train1_.destination_station as destinat9_6_1_,
        train1_.general_fare as general10_6_1_,
        train1_.general_seats as general11_6_1_,
        train1_.is_active as is_acti12_6_1_,
        train1_.journey_date as journey13_6_1_,
        train1_.sleeper_fare as sleeper14_6_1_,
        train1_.sleeper_seats as sleeper15_6_1_,
        train1_.source as source16_6_1_,
        train1_.source_station as source_17_6_1_,
        train1_.ticket_price as ticket_18_6_1_,
        train1_.train_name as train_n19_6_1_,
        train1_.travel_date as travel_20_6_1_,
        train1_.updated_at as updated21_6_1_ 
    from
        tickets ticket0_ 
    left outer join
        trains train1_ 
            on ticket0_.train_no=train1_.train_no 
    where
        ticket0_.user_id=? 
    order by
        ticket0_.booking_date DESC
2026-03-10 15:56:48 [TRACE] BasicBinder:64 - binding parameter [1] as [BIGINT] - [37]
2026-03-10 15:56:48 [INFO ] BookingServiceImpl:170 - Fetching active bookings for user: 37
2026-03-10 15:56:48 [INFO ] BookingServiceImpl:170 - Fetching active bookings for user: 37
2026-03-10 15:56:48 [DEBUG] SQL:144 - 
    select
        ticket0_.ticket_id as ticket_i1_4_0_,
        train1_.train_no as train_no1_6_1_,
        ticket0_.booking_date as booking_2_4_0_,
        ticket0_.booking_status as booking_3_4_0_,
        ticket0_.cancellation_charges as cancella4_4_0_,
        ticket0_.cancellation_date as cancella5_4_0_,
        ticket0_.cancellation_reason as cancella6_4_0_,
        ticket0_.cancellation_requested_date as cancella7_4_0_,
        ticket0_.class_type as class_ty8_4_0_,
        ticket0_.destination_station as destinat9_4_0_,
        ticket0_.journey_date as journey10_4_0_,
        ticket0_.meal_id as meal_id11_4_0_,
        ticket0_.meal_quantity as meal_qu12_4_0_,
        ticket0_.number_of_seats as number_13_4_0_,
        ticket0_.passenger_age as passeng14_4_0_,
        ticket0_.passenger_gender as passeng15_4_0_,
        ticket0_.passenger_name as passeng16_4_0_,
        ticket0_.payment_id as payment17_4_0_,
        ticket0_.payment_method as payment18_4_0_,
        ticket0_.payment_status as payment19_4_0_,
        ticket0_.refund_amount as refund_20_4_0_,
        ticket0_.refund_date as refund_21_4_0_,
        ticket0_.refund_percentage as refund_22_4_0_,
        ticket0_.refund_processed_date as refund_23_4_0_,
        ticket0_.refund_status as refund_24_4_0_,
        ticket0_.refund_transaction_id as refund_25_4_0_,
        ticket0_.source_station as source_26_4_0_,
        ticket0_.ticket_status as ticket_27_4_0_,
        ticket0_.total_fare as total_f28_4_0_,
        ticket0_.train_no as train_n29_4_0_,
        ticket0_.user_id as user_id30_4_0_,
        train1_.ac_fare as ac_fare2_6_1_,
        train1_.ac_seats as ac_seats3_6_1_,
        train1_.arrival_time as arrival_4_6_1_,
        train1_.available_seats as availabl5_6_1_,
        train1_.created_at as created_6_6_1_,
        train1_.departure_time as departur7_6_1_,
        train1_.destination as destinat8_6_1_,
        train1_.destination_station as destinat9_6_1_,
        train1_.general_fare as general10_6_1_,
        train1_.general_seats as general11_6_1_,
        train1_.is_active as is_acti12_6_1_,
        train1_.journey_date as journey13_6_1_,
        train1_.sleeper_fare as sleeper14_6_1_,
        train1_.sleeper_seats as sleeper15_6_1_,
        train1_.source as source16_6_1_,
        train1_.source_station as source_17_6_1_,
        train1_.ticket_price as ticket_18_6_1_,
        train1_.train_name as train_n19_6_1_,
        train1_.travel_date as travel_20_6_1_,
        train1_.updated_at as updated21_6_1_ 
    from
        tickets ticket0_ 
    left outer join
        trains train1_ 
            on ticket0_.train_no=train1_.train_no 
    where
        ticket0_.user_id=? 
        and ticket0_.journey_date>=CURRENT_DATE 
        and ticket0_.ticket_status='CONFIRMED'
2026-03-10 15:56:48 [TRACE] BasicBinder:64 - binding parameter [1] as [BIGINT] - [37]
2026-03-10 15:56:48 [INFO ] BookingServiceImpl:176 - Fetching past bookings for user: 37
2026-03-10 15:56:48 [INFO ] BookingServiceImpl:176 - Fetching past bookings for user: 37
2026-03-10 15:56:48 [DEBUG] SQL:144 - 
    select
        ticket0_.ticket_id as ticket_i1_4_0_,
        train1_.train_no as train_no1_6_1_,
        ticket0_.booking_date as booking_2_4_0_,
        ticket0_.booking_status as booking_3_4_0_,
        ticket0_.cancellation_charges as cancella4_4_0_,
        ticket0_.cancellation_date as cancella5_4_0_,
        ticket0_.cancellation_reason as cancella6_4_0_,
        ticket0_.cancellation_requested_date as cancella7_4_0_,
        ticket0_.class_type as class_ty8_4_0_,
        ticket0_.destination_station as destinat9_4_0_,
        ticket0_.journey_date as journey10_4_0_,
        ticket0_.meal_id as meal_id11_4_0_,
        ticket0_.meal_quantity as meal_qu12_4_0_,
        ticket0_.number_of_seats as number_13_4_0_,
        ticket0_.passenger_age as passeng14_4_0_,
        ticket0_.passenger_gender as passeng15_4_0_,
        ticket0_.passenger_name as passeng16_4_0_,
        ticket0_.payment_id as payment17_4_0_,
        ticket0_.payment_method as payment18_4_0_,
        ticket0_.payment_status as payment19_4_0_,
        ticket0_.refund_amount as refund_20_4_0_,
        ticket0_.refund_date as refund_21_4_0_,
        ticket0_.refund_percentage as refund_22_4_0_,
        ticket0_.refund_processed_date as refund_23_4_0_,
        ticket0_.refund_status as refund_24_4_0_,
        ticket0_.refund_transaction_id as refund_25_4_0_,
        ticket0_.source_station as source_26_4_0_,
        ticket0_.ticket_status as ticket_27_4_0_,
        ticket0_.total_fare as total_f28_4_0_,
        ticket0_.train_no as train_n29_4_0_,
        ticket0_.user_id as user_id30_4_0_,
        train1_.ac_fare as ac_fare2_6_1_,
        train1_.ac_seats as ac_seats3_6_1_,
        train1_.arrival_time as arrival_4_6_1_,
        train1_.available_seats as availabl5_6_1_,
        train1_.created_at as created_6_6_1_,
        train1_.departure_time as departur7_6_1_,
        train1_.destination as destinat8_6_1_,
        train1_.destination_station as destinat9_6_1_,
        train1_.general_fare as general10_6_1_,
        train1_.general_seats as general11_6_1_,
        train1_.is_active as is_acti12_6_1_,
        train1_.journey_date as journey13_6_1_,
        train1_.sleeper_fare as sleeper14_6_1_,
        train1_.sleeper_seats as sleeper15_6_1_,
        train1_.source as source16_6_1_,
        train1_.source_station as source_17_6_1_,
        train1_.ticket_price as ticket_18_6_1_,
        train1_.train_name as train_n19_6_1_,
        train1_.travel_date as travel_20_6_1_,
        train1_.updated_at as updated21_6_1_ 
    from
        tickets ticket0_ 
    left outer join
        trains train1_ 
            on ticket0_.train_no=train1_.train_no 
    where
        ticket0_.user_id=? 
        and ticket0_.journey_date<CURRENT_DATE
2026-03-10 15:56:48 [TRACE] BasicBinder:64 - binding parameter [1] as [BIGINT] - [37]
2026-03-10 15:56:48 [DEBUG] SQL:144 - 
    select
        ticket0_.ticket_id as ticket_i1_4_0_,
        train1_.train_no as train_no1_6_1_,
        ticket0_.booking_date as booking_2_4_0_,
        ticket0_.booking_status as booking_3_4_0_,
        ticket0_.cancellation_charges as cancella4_4_0_,
        ticket0_.cancellation_date as cancella5_4_0_,
        ticket0_.cancellation_reason as cancella6_4_0_,
        ticket0_.cancellation_requested_date as cancella7_4_0_,
        ticket0_.class_type as class_ty8_4_0_,
        ticket0_.destination_station as destinat9_4_0_,
        ticket0_.journey_date as journey10_4_0_,
        ticket0_.meal_id as meal_id11_4_0_,
        ticket0_.meal_quantity as meal_qu12_4_0_,
        ticket0_.number_of_seats as number_13_4_0_,
        ticket0_.passenger_age as passeng14_4_0_,
        ticket0_.passenger_gender as passeng15_4_0_,
        ticket0_.passenger_name as passeng16_4_0_,
        ticket0_.payment_id as payment17_4_0_,
        ticket0_.payment_method as payment18_4_0_,
        ticket0_.payment_status as payment19_4_0_,
        ticket0_.refund_amount as refund_20_4_0_,
        ticket0_.refund_date as refund_21_4_0_,
        ticket0_.refund_percentage as refund_22_4_0_,
        ticket0_.refund_processed_date as refund_23_4_0_,
        ticket0_.refund_status as refund_24_4_0_,
        ticket0_.refund_transaction_id as refund_25_4_0_,
        ticket0_.source_station as source_26_4_0_,
        ticket0_.ticket_status as ticket_27_4_0_,
        ticket0_.total_fare as total_f28_4_0_,
        ticket0_.train_no as train_n29_4_0_,
        ticket0_.user_id as user_id30_4_0_,
        train1_.ac_fare as ac_fare2_6_1_,
        train1_.ac_seats as ac_seats3_6_1_,
        train1_.arrival_time as arrival_4_6_1_,
        train1_.available_seats as availabl5_6_1_,
        train1_.created_at as created_6_6_1_,
        train1_.departure_time as departur7_6_1_,
        train1_.destination as destinat8_6_1_,
        train1_.destination_station as destinat9_6_1_,
        train1_.general_fare as general10_6_1_,
        train1_.general_seats as general11_6_1_,
        train1_.is_active as is_acti12_6_1_,
        train1_.journey_date as journey13_6_1_,
        train1_.sleeper_fare as sleeper14_6_1_,
        train1_.sleeper_seats as sleeper15_6_1_,
        train1_.source as source16_6_1_,
        train1_.source_station as source_17_6_1_,
        train1_.ticket_price as ticket_18_6_1_,
        train1_.train_name as train_n19_6_1_,
        train1_.travel_date as travel_20_6_1_,
        train1_.updated_at as updated21_6_1_ 
    from
        tickets ticket0_ 
    left outer join
        trains train1_ 
            on ticket0_.train_no=train1_.train_no 
    where
        ticket0_.user_id=? 
        and ticket0_.ticket_status='CANCELLED'
2026-03-10 15:56:48 [TRACE] BasicBinder:64 - binding parameter [1] as [BIGINT] - [37]
2026-03-10 15:56:48 [INFO ] UserController:173 - Loaded 11 total bookings for user
2026-03-10 15:56:48 [INFO ] UserController:173 - Loaded 11 total bookings for user
2026-03-10 15:56:48 [DEBUG] DispatcherServlet:120 - GET "/RailEase/webjars/datatables/1.13.6/css/dataTables.bootstrap5.min.css", parameters={}
2026-03-10 15:56:48 [DEBUG] SimpleUrlHandlerMapping:522 - Mapped to ResourceHttpRequestHandler [ServletContext [/webjars/]]
2026-03-10 15:56:48 [DEBUG] ResourceHttpRequestHandler:560 - Resource not found
2026-03-10 15:56:48 [DEBUG] DispatcherServlet:1131 - Completed 404 NOT_FOUND
2026-03-10 15:56:48 [DEBUG] DispatcherServlet:120 - "ERROR" dispatch for GET "/RailEase/error", parameters={}
2026-03-10 15:56:48 [DEBUG] RequestMappingHandlerMapping:522 - Mapped to org.springframework.boot.autoconfigure.web.servlet.error.BasicErrorController#error(HttpServletRequest)
2026-03-10 15:56:48 [DEBUG] HttpEntityMethodProcessor:268 - Using 'application/json;q=0.1', given [text/css, */*;q=0.1] and supported [application/json, application/*+json, application/json, application/*+json]
2026-03-10 15:56:48 [DEBUG] HttpEntityMethodProcessor:120 - Writing [{timestamp=Tue Mar 10 15:56:48 IST 2026, status=404, error=Not Found, message=No message available,  (truncated)...]
2026-03-10 15:56:48 [DEBUG] DispatcherServlet:1127 - Exiting from "ERROR" dispatch, status 404
2026-03-10 15:56:48 [DEBUG] DispatcherServlet:1131 - Completed 200 OK
2026-03-10 15:59:23 [DEBUG] DispatcherServlet:120 - GET "/RailEase/booking/download-pdf/TK2026031087891001", parameters={}
2026-03-10 15:59:23 [DEBUG] RequestMappingHandlerMapping:522 - Mapped to com.railease.controller.BookingController#downloadTicketPdf(String, HttpSession)
2026-03-10 15:59:23 [DEBUG] SQL:144 - 
    select
        ticket0_.ticket_id as ticket_i1_4_0_,
        train1_.train_no as train_no1_6_1_,
        user2_.user_id as user_id1_8_2_,
        ticket0_.booking_date as booking_2_4_0_,
        ticket0_.booking_status as booking_3_4_0_,
        ticket0_.cancellation_charges as cancella4_4_0_,
        ticket0_.cancellation_date as cancella5_4_0_,
        ticket0_.cancellation_reason as cancella6_4_0_,
        ticket0_.cancellation_requested_date as cancella7_4_0_,
        ticket0_.class_type as class_ty8_4_0_,
        ticket0_.destination_station as destinat9_4_0_,
        ticket0_.journey_date as journey10_4_0_,
        ticket0_.meal_id as meal_id11_4_0_,
        ticket0_.meal_quantity as meal_qu12_4_0_,
        ticket0_.number_of_seats as number_13_4_0_,
        ticket0_.passenger_age as passeng14_4_0_,
        ticket0_.passenger_gender as passeng15_4_0_,
        ticket0_.passenger_name as passeng16_4_0_,
        ticket0_.payment_id as payment17_4_0_,
        ticket0_.payment_method as payment18_4_0_,
        ticket0_.payment_status as payment19_4_0_,
        ticket0_.refund_amount as refund_20_4_0_,
        ticket0_.refund_date as refund_21_4_0_,
        ticket0_.refund_percentage as refund_22_4_0_,
        ticket0_.refund_processed_date as refund_23_4_0_,
        ticket0_.refund_status as refund_24_4_0_,
        ticket0_.refund_transaction_id as refund_25_4_0_,
        ticket0_.source_station as source_26_4_0_,
        ticket0_.ticket_status as ticket_27_4_0_,
        ticket0_.total_fare as total_f28_4_0_,
        ticket0_.train_no as train_n29_4_0_,
        ticket0_.user_id as user_id30_4_0_,
        train1_.ac_fare as ac_fare2_6_1_,
        train1_.ac_seats as ac_seats3_6_1_,
        train1_.arrival_time as arrival_4_6_1_,
        train1_.available_seats as availabl5_6_1_,
        train1_.created_at as created_6_6_1_,
        train1_.departure_time as departur7_6_1_,
        train1_.destination as destinat8_6_1_,
        train1_.destination_station as destinat9_6_1_,
        train1_.general_fare as general10_6_1_,
        train1_.general_seats as general11_6_1_,
        train1_.is_active as is_acti12_6_1_,
        train1_.journey_date as journey13_6_1_,
        train1_.sleeper_fare as sleeper14_6_1_,
        train1_.sleeper_seats as sleeper15_6_1_,
        train1_.source as source16_6_1_,
        train1_.source_station as source_17_6_1_,
        train1_.ticket_price as ticket_18_6_1_,
        train1_.train_name as train_n19_6_1_,
        train1_.travel_date as travel_20_6_1_,
        train1_.updated_at as updated21_6_1_,
        user2_.created_at as created_2_8_2_,
        user2_.email as email3_8_2_,
        user2_.full_name as full_nam4_8_2_,
        user2_.is_enabled as is_enabl5_8_2_,
        user2_.last_login as last_log6_8_2_,
        user2_.mobile_number as mobile_n7_8_2_,
        user2_.password as password8_8_2_,
        user2_.profile_photo as profile_9_8_2_,
        user2_.profile_photo_content_type as profile10_8_2_,
        user2_.role as role11_8_2_,
        user2_.session_id as session12_8_2_,
        user2_.updated_at as updated13_8_2_,
        user2_.username as usernam14_8_2_ 
    from
        tickets ticket0_ 
    left outer join
        trains train1_ 
            on ticket0_.train_no=train1_.train_no 
    left outer join
        users user2_ 
            on ticket0_.user_id=user2_.user_id 
    where
        ticket0_.ticket_id=?
2026-03-10 15:59:23 [TRACE] BasicBinder:64 - binding parameter [1] as [VARCHAR] - [TK2026031087891001]
2026-03-10 15:59:23 [DEBUG] SQL:144 - 
    select
        userprofil0_.profile_id as profile_1_7_0_,
        userprofil0_.address as address2_7_0_,
        userprofil0_.city as city3_7_0_,
        userprofil0_.date_of_birth as date_of_4_7_0_,
        userprofil0_.gender as gender5_7_0_,
        userprofil0_.id as id6_7_0_,
        userprofil0_.occupation as occupati7_7_0_,
        userprofil0_.pincode as pincode8_7_0_,
        userprofil0_.state as state9_7_0_,
        userprofil0_.user_id as user_id10_7_0_ 
    from
        user_profiles userprofil0_ 
    where
        userprofil0_.user_id=?
2026-03-10 15:59:23 [TRACE] BasicBinder:64 - binding parameter [1] as [BIGINT] - [37]
2026-03-10 15:59:24 [INFO ] PdfServiceImpl:45 - PDF generated successfully for ticket: TK2026031087891001
2026-03-10 15:59:24 [INFO ] PdfServiceImpl:45 - PDF generated successfully for ticket: TK2026031087891001
2026-03-10 15:59:24 [INFO ] BookingController:240 - PDF downloaded for ticket: TK2026031087891001
2026-03-10 15:59:24 [INFO ] BookingController:240 - PDF downloaded for ticket: TK2026031087891001
2026-03-10 15:59:24 [DEBUG] HttpEntityMethodProcessor:210 - Found 'Content-Type:application/pdf' in response
2026-03-10 15:59:24 [DEBUG] HttpEntityMethodProcessor:120 - Writing [{37, 80, 68, 70, 45, 49, 46, 53, 10, 37, -30, -29, -49, -45, 10, 52, 32, 48, 32, 111, 98, 106, 10, 6 (truncated)...]
2026-03-10 15:59:24 [DEBUG] DispatcherServlet:1131 - Completed 200 OK
2026-03-10 15:59:28 [DEBUG] DispatcherServlet:120 - GET "/RailEase/user/ticket/TK2026031097911002", parameters={}
2026-03-10 15:59:28 [DEBUG] RequestMappingHandlerMapping:522 - Mapped to com.railease.controller.UserController#viewTicket(String, HttpSession, Model)
2026-03-10 15:59:28 [DEBUG] SQL:144 - 
    select
        ticket0_.ticket_id as ticket_i1_4_0_,
        train1_.train_no as train_no1_6_1_,
        user2_.user_id as user_id1_8_2_,
        ticket0_.booking_date as booking_2_4_0_,
        ticket0_.booking_status as booking_3_4_0_,
        ticket0_.cancellation_charges as cancella4_4_0_,
        ticket0_.cancellation_date as cancella5_4_0_,
        ticket0_.cancellation_reason as cancella6_4_0_,
        ticket0_.cancellation_requested_date as cancella7_4_0_,
        ticket0_.class_type as class_ty8_4_0_,
        ticket0_.destination_station as destinat9_4_0_,
        ticket0_.journey_date as journey10_4_0_,
        ticket0_.meal_id as meal_id11_4_0_,
        ticket0_.meal_quantity as meal_qu12_4_0_,
        ticket0_.number_of_seats as number_13_4_0_,
        ticket0_.passenger_age as passeng14_4_0_,
        ticket0_.passenger_gender as passeng15_4_0_,
        ticket0_.passenger_name as passeng16_4_0_,
        ticket0_.payment_id as payment17_4_0_,
        ticket0_.payment_method as payment18_4_0_,
        ticket0_.payment_status as payment19_4_0_,
        ticket0_.refund_amount as refund_20_4_0_,
        ticket0_.refund_date as refund_21_4_0_,
        ticket0_.refund_percentage as refund_22_4_0_,
        ticket0_.refund_processed_date as refund_23_4_0_,
        ticket0_.refund_status as refund_24_4_0_,
        ticket0_.refund_transaction_id as refund_25_4_0_,
        ticket0_.source_station as source_26_4_0_,
        ticket0_.ticket_status as ticket_27_4_0_,
        ticket0_.total_fare as total_f28_4_0_,
        ticket0_.train_no as train_n29_4_0_,
        ticket0_.user_id as user_id30_4_0_,
        train1_.ac_fare as ac_fare2_6_1_,
        train1_.ac_seats as ac_seats3_6_1_,
        train1_.arrival_time as arrival_4_6_1_,
        train1_.available_seats as availabl5_6_1_,
        train1_.created_at as created_6_6_1_,
        train1_.departure_time as departur7_6_1_,
        train1_.destination as destinat8_6_1_,
        train1_.destination_station as destinat9_6_1_,
        train1_.general_fare as general10_6_1_,
        train1_.general_seats as general11_6_1_,
        train1_.is_active as is_acti12_6_1_,
        train1_.journey_date as journey13_6_1_,
        train1_.sleeper_fare as sleeper14_6_1_,
        train1_.sleeper_seats as sleeper15_6_1_,
        train1_.source as source16_6_1_,
        train1_.source_station as source_17_6_1_,
        train1_.ticket_price as ticket_18_6_1_,
        train1_.train_name as train_n19_6_1_,
        train1_.travel_date as travel_20_6_1_,
        train1_.updated_at as updated21_6_1_,
        user2_.created_at as created_2_8_2_,
        user2_.email as email3_8_2_,
        user2_.full_name as full_nam4_8_2_,
        user2_.is_enabled as is_enabl5_8_2_,
        user2_.last_login as last_log6_8_2_,
        user2_.mobile_number as mobile_n7_8_2_,
        user2_.password as password8_8_2_,
        user2_.profile_photo as profile_9_8_2_,
        user2_.profile_photo_content_type as profile10_8_2_,
        user2_.role as role11_8_2_,
        user2_.session_id as session12_8_2_,
        user2_.updated_at as updated13_8_2_,
        user2_.username as usernam14_8_2_ 
    from
        tickets ticket0_ 
    left outer join
        trains train1_ 
            on ticket0_.train_no=train1_.train_no 
    left outer join
        users user2_ 
            on ticket0_.user_id=user2_.user_id 
    where
        ticket0_.ticket_id=?
2026-03-10 15:59:28 [TRACE] BasicBinder:64 - binding parameter [1] as [VARCHAR] - [TK2026031097911002]
2026-03-10 15:59:28 [DEBUG] SQL:144 - 
    select
        userprofil0_.profile_id as profile_1_7_0_,
        userprofil0_.address as address2_7_0_,
        userprofil0_.city as city3_7_0_,
        userprofil0_.date_of_birth as date_of_4_7_0_,
        userprofil0_.gender as gender5_7_0_,
        userprofil0_.id as id6_7_0_,
        userprofil0_.occupation as occupati7_7_0_,
        userprofil0_.pincode as pincode8_7_0_,
        userprofil0_.state as state9_7_0_,
        userprofil0_.user_id as user_id10_7_0_ 
    from
        user_profiles userprofil0_ 
    where
        userprofil0_.user_id=?
2026-03-10 15:59:28 [TRACE] BasicBinder:64 - binding parameter [1] as [BIGINT] - [37]
2026-03-10 15:59:28 [DEBUG] DispatcherServlet:1131 - Completed 200 OK
2026-03-10 16:00:21 [DEBUG] DispatcherServlet:120 - GET "/RailEase/user/my-bookings", parameters={}
2026-03-10 16:00:21 [DEBUG] RequestMappingHandlerMapping:522 - Mapped to com.railease.controller.UserController#myBookings(Model, HttpSession)
2026-03-10 16:00:21 [DEBUG] SQL:144 - 
    select
        user0_.user_id as user_id1_8_0_,
        user0_.created_at as created_2_8_0_,
        user0_.email as email3_8_0_,
        user0_.full_name as full_nam4_8_0_,
        user0_.is_enabled as is_enabl5_8_0_,
        user0_.last_login as last_log6_8_0_,
        user0_.mobile_number as mobile_n7_8_0_,
        user0_.password as password8_8_0_,
        user0_.profile_photo as profile_9_8_0_,
        user0_.profile_photo_content_type as profile10_8_0_,
        user0_.role as role11_8_0_,
        user0_.session_id as session12_8_0_,
        user0_.updated_at as updated13_8_0_,
        user0_.username as usernam14_8_0_ 
    from
        users user0_ 
    where
        user0_.user_id=?
2026-03-10 16:00:21 [TRACE] BasicBinder:64 - binding parameter [1] as [BIGINT] - [37]
2026-03-10 16:00:21 [DEBUG] SQL:144 - 
    select
        userprofil0_.profile_id as profile_1_7_0_,
        userprofil0_.address as address2_7_0_,
        userprofil0_.city as city3_7_0_,
        userprofil0_.date_of_birth as date_of_4_7_0_,
        userprofil0_.gender as gender5_7_0_,
        userprofil0_.id as id6_7_0_,
        userprofil0_.occupation as occupati7_7_0_,
        userprofil0_.pincode as pincode8_7_0_,
        userprofil0_.state as state9_7_0_,
        userprofil0_.user_id as user_id10_7_0_ 
    from
        user_profiles userprofil0_ 
    where
        userprofil0_.user_id=?
2026-03-10 16:00:21 [TRACE] BasicBinder:64 - binding parameter [1] as [BIGINT] - [37]
2026-03-10 16:00:21 [DEBUG] SQL:144 - 
    select
        ticket0_.ticket_id as ticket_i1_4_0_,
        train1_.train_no as train_no1_6_1_,
        ticket0_.booking_date as booking_2_4_0_,
        ticket0_.booking_status as booking_3_4_0_,
        ticket0_.cancellation_charges as cancella4_4_0_,
        ticket0_.cancellation_date as cancella5_4_0_,
        ticket0_.cancellation_reason as cancella6_4_0_,
        ticket0_.cancellation_requested_date as cancella7_4_0_,
        ticket0_.class_type as class_ty8_4_0_,
        ticket0_.destination_station as destinat9_4_0_,
        ticket0_.journey_date as journey10_4_0_,
        ticket0_.meal_id as meal_id11_4_0_,
        ticket0_.meal_quantity as meal_qu12_4_0_,
        ticket0_.number_of_seats as number_13_4_0_,
        ticket0_.passenger_age as passeng14_4_0_,
        ticket0_.passenger_gender as passeng15_4_0_,
        ticket0_.passenger_name as passeng16_4_0_,
        ticket0_.payment_id as payment17_4_0_,
        ticket0_.payment_method as payment18_4_0_,
        ticket0_.payment_status as payment19_4_0_,
        ticket0_.refund_amount as refund_20_4_0_,
        ticket0_.refund_date as refund_21_4_0_,
        ticket0_.refund_percentage as refund_22_4_0_,
        ticket0_.refund_processed_date as refund_23_4_0_,
        ticket0_.refund_status as refund_24_4_0_,
        ticket0_.refund_transaction_id as refund_25_4_0_,
        ticket0_.source_station as source_26_4_0_,
        ticket0_.ticket_status as ticket_27_4_0_,
        ticket0_.total_fare as total_f28_4_0_,
        ticket0_.train_no as train_n29_4_0_,
        ticket0_.user_id as user_id30_4_0_,
        train1_.ac_fare as ac_fare2_6_1_,
        train1_.ac_seats as ac_seats3_6_1_,
        train1_.arrival_time as arrival_4_6_1_,
        train1_.available_seats as availabl5_6_1_,
        train1_.created_at as created_6_6_1_,
        train1_.departure_time as departur7_6_1_,
        train1_.destination as destinat8_6_1_,
        train1_.destination_station as destinat9_6_1_,
        train1_.general_fare as general10_6_1_,
        train1_.general_seats as general11_6_1_,
        train1_.is_active as is_acti12_6_1_,
        train1_.journey_date as journey13_6_1_,
        train1_.sleeper_fare as sleeper14_6_1_,
        train1_.sleeper_seats as sleeper15_6_1_,
        train1_.source as source16_6_1_,
        train1_.source_station as source_17_6_1_,
        train1_.ticket_price as ticket_18_6_1_,
        train1_.train_name as train_n19_6_1_,
        train1_.travel_date as travel_20_6_1_,
        train1_.updated_at as updated21_6_1_ 
    from
        tickets ticket0_ 
    left outer join
        trains train1_ 
            on ticket0_.train_no=train1_.train_no 
    where
        ticket0_.user_id=? 
    order by
        ticket0_.booking_date DESC
2026-03-10 16:00:21 [TRACE] BasicBinder:64 - binding parameter [1] as [BIGINT] - [37]
2026-03-10 16:00:21 [INFO ] BookingServiceImpl:170 - Fetching active bookings for user: 37
2026-03-10 16:00:21 [INFO ] BookingServiceImpl:170 - Fetching active bookings for user: 37
2026-03-10 16:00:21 [DEBUG] SQL:144 - 
    select
        ticket0_.ticket_id as ticket_i1_4_0_,
        train1_.train_no as train_no1_6_1_,
        ticket0_.booking_date as booking_2_4_0_,
        ticket0_.booking_status as booking_3_4_0_,
        ticket0_.cancellation_charges as cancella4_4_0_,
        ticket0_.cancellation_date as cancella5_4_0_,
        ticket0_.cancellation_reason as cancella6_4_0_,
        ticket0_.cancellation_requested_date as cancella7_4_0_,
        ticket0_.class_type as class_ty8_4_0_,
        ticket0_.destination_station as destinat9_4_0_,
        ticket0_.journey_date as journey10_4_0_,
        ticket0_.meal_id as meal_id11_4_0_,
        ticket0_.meal_quantity as meal_qu12_4_0_,
        ticket0_.number_of_seats as number_13_4_0_,
        ticket0_.passenger_age as passeng14_4_0_,
        ticket0_.passenger_gender as passeng15_4_0_,
        ticket0_.passenger_name as passeng16_4_0_,
        ticket0_.payment_id as payment17_4_0_,
        ticket0_.payment_method as payment18_4_0_,
        ticket0_.payment_status as payment19_4_0_,
        ticket0_.refund_amount as refund_20_4_0_,
        ticket0_.refund_date as refund_21_4_0_,
        ticket0_.refund_percentage as refund_22_4_0_,
        ticket0_.refund_processed_date as refund_23_4_0_,
        ticket0_.refund_status as refund_24_4_0_,
        ticket0_.refund_transaction_id as refund_25_4_0_,
        ticket0_.source_station as source_26_4_0_,
        ticket0_.ticket_status as ticket_27_4_0_,
        ticket0_.total_fare as total_f28_4_0_,
        ticket0_.train_no as train_n29_4_0_,
        ticket0_.user_id as user_id30_4_0_,
        train1_.ac_fare as ac_fare2_6_1_,
        train1_.ac_seats as ac_seats3_6_1_,
        train1_.arrival_time as arrival_4_6_1_,
        train1_.available_seats as availabl5_6_1_,
        train1_.created_at as created_6_6_1_,
        train1_.departure_time as departur7_6_1_,
        train1_.destination as destinat8_6_1_,
        train1_.destination_station as destinat9_6_1_,
        train1_.general_fare as general10_6_1_,
        train1_.general_seats as general11_6_1_,
        train1_.is_active as is_acti12_6_1_,
        train1_.journey_date as journey13_6_1_,
        train1_.sleeper_fare as sleeper14_6_1_,
        train1_.sleeper_seats as sleeper15_6_1_,
        train1_.source as source16_6_1_,
        train1_.source_station as source_17_6_1_,
        train1_.ticket_price as ticket_18_6_1_,
        train1_.train_name as train_n19_6_1_,
        train1_.travel_date as travel_20_6_1_,
        train1_.updated_at as updated21_6_1_ 
    from
        tickets ticket0_ 
    left outer join
        trains train1_ 
            on ticket0_.train_no=train1_.train_no 
    where
        ticket0_.user_id=? 
        and ticket0_.journey_date>=CURRENT_DATE 
        and ticket0_.ticket_status='CONFIRMED'
2026-03-10 16:00:21 [TRACE] BasicBinder:64 - binding parameter [1] as [BIGINT] - [37]
2026-03-10 16:00:21 [INFO ] BookingServiceImpl:176 - Fetching past bookings for user: 37
2026-03-10 16:00:21 [INFO ] BookingServiceImpl:176 - Fetching past bookings for user: 37
2026-03-10 16:00:21 [DEBUG] SQL:144 - 
    select
        ticket0_.ticket_id as ticket_i1_4_0_,
        train1_.train_no as train_no1_6_1_,
        ticket0_.booking_date as booking_2_4_0_,
        ticket0_.booking_status as booking_3_4_0_,
        ticket0_.cancellation_charges as cancella4_4_0_,
        ticket0_.cancellation_date as cancella5_4_0_,
        ticket0_.cancellation_reason as cancella6_4_0_,
        ticket0_.cancellation_requested_date as cancella7_4_0_,
        ticket0_.class_type as class_ty8_4_0_,
        ticket0_.destination_station as destinat9_4_0_,
        ticket0_.journey_date as journey10_4_0_,
        ticket0_.meal_id as meal_id11_4_0_,
        ticket0_.meal_quantity as meal_qu12_4_0_,
        ticket0_.number_of_seats as number_13_4_0_,
        ticket0_.passenger_age as passeng14_4_0_,
        ticket0_.passenger_gender as passeng15_4_0_,
        ticket0_.passenger_name as passeng16_4_0_,
        ticket0_.payment_id as payment17_4_0_,
        ticket0_.payment_method as payment18_4_0_,
        ticket0_.payment_status as payment19_4_0_,
        ticket0_.refund_amount as refund_20_4_0_,
        ticket0_.refund_date as refund_21_4_0_,
        ticket0_.refund_percentage as refund_22_4_0_,
        ticket0_.refund_processed_date as refund_23_4_0_,
        ticket0_.refund_status as refund_24_4_0_,
        ticket0_.refund_transaction_id as refund_25_4_0_,
        ticket0_.source_station as source_26_4_0_,
        ticket0_.ticket_status as ticket_27_4_0_,
        ticket0_.total_fare as total_f28_4_0_,
        ticket0_.train_no as train_n29_4_0_,
        ticket0_.user_id as user_id30_4_0_,
        train1_.ac_fare as ac_fare2_6_1_,
        train1_.ac_seats as ac_seats3_6_1_,
        train1_.arrival_time as arrival_4_6_1_,
        train1_.available_seats as availabl5_6_1_,
        train1_.created_at as created_6_6_1_,
        train1_.departure_time as departur7_6_1_,
        train1_.destination as destinat8_6_1_,
        train1_.destination_station as destinat9_6_1_,
        train1_.general_fare as general10_6_1_,
        train1_.general_seats as general11_6_1_,
        train1_.is_active as is_acti12_6_1_,
        train1_.journey_date as journey13_6_1_,
        train1_.sleeper_fare as sleeper14_6_1_,
        train1_.sleeper_seats as sleeper15_6_1_,
        train1_.source as source16_6_1_,
        train1_.source_station as source_17_6_1_,
        train1_.ticket_price as ticket_18_6_1_,
        train1_.train_name as train_n19_6_1_,
        train1_.travel_date as travel_20_6_1_,
        train1_.updated_at as updated21_6_1_ 
    from
        tickets ticket0_ 
    left outer join
        trains train1_ 
            on ticket0_.train_no=train1_.train_no 
    where
        ticket0_.user_id=? 
        and ticket0_.journey_date<CURRENT_DATE
2026-03-10 16:00:21 [TRACE] BasicBinder:64 - binding parameter [1] as [BIGINT] - [37]
2026-03-10 16:00:21 [DEBUG] SQL:144 - 
    select
        ticket0_.ticket_id as ticket_i1_4_0_,
        train1_.train_no as train_no1_6_1_,
        ticket0_.booking_date as booking_2_4_0_,
        ticket0_.booking_status as booking_3_4_0_,
        ticket0_.cancellation_charges as cancella4_4_0_,
        ticket0_.cancellation_date as cancella5_4_0_,
        ticket0_.cancellation_reason as cancella6_4_0_,
        ticket0_.cancellation_requested_date as cancella7_4_0_,
        ticket0_.class_type as class_ty8_4_0_,
        ticket0_.destination_station as destinat9_4_0_,
        ticket0_.journey_date as journey10_4_0_,
        ticket0_.meal_id as meal_id11_4_0_,
        ticket0_.meal_quantity as meal_qu12_4_0_,
        ticket0_.number_of_seats as number_13_4_0_,
        ticket0_.passenger_age as passeng14_4_0_,
        ticket0_.passenger_gender as passeng15_4_0_,
        ticket0_.passenger_name as passeng16_4_0_,
        ticket0_.payment_id as payment17_4_0_,
        ticket0_.payment_method as payment18_4_0_,
        ticket0_.payment_status as payment19_4_0_,
        ticket0_.refund_amount as refund_20_4_0_,
        ticket0_.refund_date as refund_21_4_0_,
        ticket0_.refund_percentage as refund_22_4_0_,
        ticket0_.refund_processed_date as refund_23_4_0_,
        ticket0_.refund_status as refund_24_4_0_,
        ticket0_.refund_transaction_id as refund_25_4_0_,
        ticket0_.source_station as source_26_4_0_,
        ticket0_.ticket_status as ticket_27_4_0_,
        ticket0_.total_fare as total_f28_4_0_,
        ticket0_.train_no as train_n29_4_0_,
        ticket0_.user_id as user_id30_4_0_,
        train1_.ac_fare as ac_fare2_6_1_,
        train1_.ac_seats as ac_seats3_6_1_,
        train1_.arrival_time as arrival_4_6_1_,
        train1_.available_seats as availabl5_6_1_,
        train1_.created_at as created_6_6_1_,
        train1_.departure_time as departur7_6_1_,
        train1_.destination as destinat8_6_1_,
        train1_.destination_station as destinat9_6_1_,
        train1_.general_fare as general10_6_1_,
        train1_.general_seats as general11_6_1_,
        train1_.is_active as is_acti12_6_1_,
        train1_.journey_date as journey13_6_1_,
        train1_.sleeper_fare as sleeper14_6_1_,
        train1_.sleeper_seats as sleeper15_6_1_,
        train1_.source as source16_6_1_,
        train1_.source_station as source_17_6_1_,
        train1_.ticket_price as ticket_18_6_1_,
        train1_.train_name as train_n19_6_1_,
        train1_.travel_date as travel_20_6_1_,
        train1_.updated_at as updated21_6_1_ 
    from
        tickets ticket0_ 
    left outer join
        trains train1_ 
            on ticket0_.train_no=train1_.train_no 
    where
        ticket0_.user_id=? 
        and ticket0_.ticket_status='CANCELLED'
2026-03-10 16:00:21 [TRACE] BasicBinder:64 - binding parameter [1] as [BIGINT] - [37]
2026-03-10 16:00:21 [INFO ] UserController:173 - Loaded 11 total bookings for user
2026-03-10 16:00:21 [INFO ] UserController:173 - Loaded 11 total bookings for user
2026-03-10 16:00:21 [DEBUG] DispatcherServlet:120 - GET "/RailEase/webjars/datatables/1.13.6/css/dataTables.bootstrap5.min.css", parameters={}
2026-03-10 16:00:21 [DEBUG] SimpleUrlHandlerMapping:522 - Mapped to ResourceHttpRequestHandler [ServletContext [/webjars/]]
2026-03-10 16:00:21 [DEBUG] ResourceHttpRequestHandler:560 - Resource not found
2026-03-10 16:00:21 [DEBUG] DispatcherServlet:1131 - Completed 404 NOT_FOUND
2026-03-10 16:00:21 [DEBUG] DispatcherServlet:120 - "ERROR" dispatch for GET "/RailEase/error", parameters={}
2026-03-10 16:00:21 [DEBUG] RequestMappingHandlerMapping:522 - Mapped to org.springframework.boot.autoconfigure.web.servlet.error.BasicErrorController#error(HttpServletRequest)
2026-03-10 16:00:21 [DEBUG] HttpEntityMethodProcessor:268 - Using 'application/json;q=0.1', given [text/css, */*;q=0.1] and supported [application/json, application/*+json, application/json, application/*+json]
2026-03-10 16:00:21 [DEBUG] HttpEntityMethodProcessor:120 - Writing [{timestamp=Tue Mar 10 16:00:21 IST 2026, status=404, error=Not Found, message=No message available,  (truncated)...]
2026-03-10 16:00:21 [DEBUG] DispatcherServlet:1127 - Exiting from "ERROR" dispatch, status 404
2026-03-10 16:00:21 [DEBUG] DispatcherServlet:1131 - Completed 200 OK
2026-03-10 16:00:43 [DEBUG] DispatcherServlet:120 - GET "/RailEase/user/dashboard", parameters={}
2026-03-10 16:00:43 [DEBUG] RequestMappingHandlerMapping:522 - Mapped to com.railease.controller.UserController#dashboard(HttpSession, Model)
2026-03-10 16:00:43 [DEBUG] SQL:144 - 
    select
        count(ticket0_.ticket_id) as col_0_0_ 
    from
        tickets ticket0_ 
    where
        ticket0_.user_id=?
2026-03-10 16:00:43 [TRACE] BasicBinder:64 - binding parameter [1] as [BIGINT] - [37]
2026-03-10 16:00:43 [DEBUG] SQL:144 - 
    select
        count(ticket0_.ticket_id) as col_0_0_ 
    from
        tickets ticket0_ 
    where
        ticket0_.user_id=? 
        and ticket0_.journey_date>=CURRENT_DATE 
        and ticket0_.ticket_status='CONFIRMED'
2026-03-10 16:00:43 [TRACE] BasicBinder:64 - binding parameter [1] as [BIGINT] - [37]
2026-03-10 16:00:43 [INFO ] BookingServiceImpl:752 - Calculating total spent for user: 37
2026-03-10 16:00:43 [INFO ] BookingServiceImpl:752 - Calculating total spent for user: 37
2026-03-10 16:00:43 [DEBUG] SQL:144 - 
    select
        user0_.user_id as user_id1_8_0_,
        user0_.created_at as created_2_8_0_,
        user0_.email as email3_8_0_,
        user0_.full_name as full_nam4_8_0_,
        user0_.is_enabled as is_enabl5_8_0_,
        user0_.last_login as last_log6_8_0_,
        user0_.mobile_number as mobile_n7_8_0_,
        user0_.password as password8_8_0_,
        user0_.profile_photo as profile_9_8_0_,
        user0_.profile_photo_content_type as profile10_8_0_,
        user0_.role as role11_8_0_,
        user0_.session_id as session12_8_0_,
        user0_.updated_at as updated13_8_0_,
        user0_.username as usernam14_8_0_ 
    from
        users user0_ 
    where
        user0_.user_id=?
2026-03-10 16:00:43 [TRACE] BasicBinder:64 - binding parameter [1] as [BIGINT] - [37]
2026-03-10 16:00:43 [DEBUG] SQL:144 - 
    select
        userprofil0_.profile_id as profile_1_7_0_,
        userprofil0_.address as address2_7_0_,
        userprofil0_.city as city3_7_0_,
        userprofil0_.date_of_birth as date_of_4_7_0_,
        userprofil0_.gender as gender5_7_0_,
        userprofil0_.id as id6_7_0_,
        userprofil0_.occupation as occupati7_7_0_,
        userprofil0_.pincode as pincode8_7_0_,
        userprofil0_.state as state9_7_0_,
        userprofil0_.user_id as user_id10_7_0_ 
    from
        user_profiles userprofil0_ 
    where
        userprofil0_.user_id=?
2026-03-10 16:00:43 [TRACE] BasicBinder:64 - binding parameter [1] as [BIGINT] - [37]
2026-03-10 16:00:43 [DEBUG] SQL:144 - 
    select
        ticket0_.ticket_id as ticket_i1_4_0_,
        train1_.train_no as train_no1_6_1_,
        ticket0_.booking_date as booking_2_4_0_,
        ticket0_.booking_status as booking_3_4_0_,
        ticket0_.cancellation_charges as cancella4_4_0_,
        ticket0_.cancellation_date as cancella5_4_0_,
        ticket0_.cancellation_reason as cancella6_4_0_,
        ticket0_.cancellation_requested_date as cancella7_4_0_,
        ticket0_.class_type as class_ty8_4_0_,
        ticket0_.destination_station as destinat9_4_0_,
        ticket0_.journey_date as journey10_4_0_,
        ticket0_.meal_id as meal_id11_4_0_,
        ticket0_.meal_quantity as meal_qu12_4_0_,
        ticket0_.number_of_seats as number_13_4_0_,
        ticket0_.passenger_age as passeng14_4_0_,
        ticket0_.passenger_gender as passeng15_4_0_,
        ticket0_.passenger_name as passeng16_4_0_,
        ticket0_.payment_id as payment17_4_0_,
        ticket0_.payment_method as payment18_4_0_,
        ticket0_.payment_status as payment19_4_0_,
        ticket0_.refund_amount as refund_20_4_0_,
        ticket0_.refund_date as refund_21_4_0_,
        ticket0_.refund_percentage as refund_22_4_0_,
        ticket0_.refund_processed_date as refund_23_4_0_,
        ticket0_.refund_status as refund_24_4_0_,
        ticket0_.refund_transaction_id as refund_25_4_0_,
        ticket0_.source_station as source_26_4_0_,
        ticket0_.ticket_status as ticket_27_4_0_,
        ticket0_.total_fare as total_f28_4_0_,
        ticket0_.train_no as train_n29_4_0_,
        ticket0_.user_id as user_id30_4_0_,
        train1_.ac_fare as ac_fare2_6_1_,
        train1_.ac_seats as ac_seats3_6_1_,
        train1_.arrival_time as arrival_4_6_1_,
        train1_.available_seats as availabl5_6_1_,
        train1_.created_at as created_6_6_1_,
        train1_.departure_time as departur7_6_1_,
        train1_.destination as destinat8_6_1_,
        train1_.destination_station as destinat9_6_1_,
        train1_.general_fare as general10_6_1_,
        train1_.general_seats as general11_6_1_,
        train1_.is_active as is_acti12_6_1_,
        train1_.journey_date as journey13_6_1_,
        train1_.sleeper_fare as sleeper14_6_1_,
        train1_.sleeper_seats as sleeper15_6_1_,
        train1_.source as source16_6_1_,
        train1_.source_station as source_17_6_1_,
        train1_.ticket_price as ticket_18_6_1_,
        train1_.train_name as train_n19_6_1_,
        train1_.travel_date as travel_20_6_1_,
        train1_.updated_at as updated21_6_1_ 
    from
        tickets ticket0_ 
    left outer join
        trains train1_ 
            on ticket0_.train_no=train1_.train_no 
    where
        ticket0_.user_id=? 
    order by
        ticket0_.booking_date DESC
2026-03-10 16:00:43 [TRACE] BasicBinder:64 - binding parameter [1] as [BIGINT] - [37]
2026-03-10 16:00:43 [DEBUG] SQL:144 - 
    select
        user0_.user_id as user_id1_8_0_,
        user0_.created_at as created_2_8_0_,
        user0_.email as email3_8_0_,
        user0_.full_name as full_nam4_8_0_,
        user0_.is_enabled as is_enabl5_8_0_,
        user0_.last_login as last_log6_8_0_,
        user0_.mobile_number as mobile_n7_8_0_,
        user0_.password as password8_8_0_,
        user0_.profile_photo as profile_9_8_0_,
        user0_.profile_photo_content_type as profile10_8_0_,
        user0_.role as role11_8_0_,
        user0_.session_id as session12_8_0_,
        user0_.updated_at as updated13_8_0_,
        user0_.username as usernam14_8_0_ 
    from
        users user0_ 
    where
        user0_.user_id=?
2026-03-10 16:00:43 [TRACE] BasicBinder:64 - binding parameter [1] as [BIGINT] - [37]
2026-03-10 16:00:43 [DEBUG] SQL:144 - 
    select
        userprofil0_.profile_id as profile_1_7_0_,
        userprofil0_.address as address2_7_0_,
        userprofil0_.city as city3_7_0_,
        userprofil0_.date_of_birth as date_of_4_7_0_,
        userprofil0_.gender as gender5_7_0_,
        userprofil0_.id as id6_7_0_,
        userprofil0_.occupation as occupati7_7_0_,
        userprofil0_.pincode as pincode8_7_0_,
        userprofil0_.state as state9_7_0_,
        userprofil0_.user_id as user_id10_7_0_ 
    from
        user_profiles userprofil0_ 
    where
        userprofil0_.user_id=?
2026-03-10 16:00:43 [TRACE] BasicBinder:64 - binding parameter [1] as [BIGINT] - [37]
2026-03-10 16:00:43 [DEBUG] SQL:144 - 
    select
        ticket0_.ticket_id as ticket_i1_4_0_,
        train1_.train_no as train_no1_6_1_,
        ticket0_.booking_date as booking_2_4_0_,
        ticket0_.booking_status as booking_3_4_0_,
        ticket0_.cancellation_charges as cancella4_4_0_,
        ticket0_.cancellation_date as cancella5_4_0_,
        ticket0_.cancellation_reason as cancella6_4_0_,
        ticket0_.cancellation_requested_date as cancella7_4_0_,
        ticket0_.class_type as class_ty8_4_0_,
        ticket0_.destination_station as destinat9_4_0_,
        ticket0_.journey_date as journey10_4_0_,
        ticket0_.meal_id as meal_id11_4_0_,
        ticket0_.meal_quantity as meal_qu12_4_0_,
        ticket0_.number_of_seats as number_13_4_0_,
        ticket0_.passenger_age as passeng14_4_0_,
        ticket0_.passenger_gender as passeng15_4_0_,
        ticket0_.passenger_name as passeng16_4_0_,
        ticket0_.payment_id as payment17_4_0_,
        ticket0_.payment_method as payment18_4_0_,
        ticket0_.payment_status as payment19_4_0_,
        ticket0_.refund_amount as refund_20_4_0_,
        ticket0_.refund_date as refund_21_4_0_,
        ticket0_.refund_percentage as refund_22_4_0_,
        ticket0_.refund_processed_date as refund_23_4_0_,
        ticket0_.refund_status as refund_24_4_0_,
        ticket0_.refund_transaction_id as refund_25_4_0_,
        ticket0_.source_station as source_26_4_0_,
        ticket0_.ticket_status as ticket_27_4_0_,
        ticket0_.total_fare as total_f28_4_0_,
        ticket0_.train_no as train_n29_4_0_,
        ticket0_.user_id as user_id30_4_0_,
        train1_.ac_fare as ac_fare2_6_1_,
        train1_.ac_seats as ac_seats3_6_1_,
        train1_.arrival_time as arrival_4_6_1_,
        train1_.available_seats as availabl5_6_1_,
        train1_.created_at as created_6_6_1_,
        train1_.departure_time as departur7_6_1_,
        train1_.destination as destinat8_6_1_,
        train1_.destination_station as destinat9_6_1_,
        train1_.general_fare as general10_6_1_,
        train1_.general_seats as general11_6_1_,
        train1_.is_active as is_acti12_6_1_,
        train1_.journey_date as journey13_6_1_,
        train1_.sleeper_fare as sleeper14_6_1_,
        train1_.sleeper_seats as sleeper15_6_1_,
        train1_.source as source16_6_1_,
        train1_.source_station as source_17_6_1_,
        train1_.ticket_price as ticket_18_6_1_,
        train1_.train_name as train_n19_6_1_,
        train1_.travel_date as travel_20_6_1_,
        train1_.updated_at as updated21_6_1_ 
    from
        tickets ticket0_ 
    left outer join
        trains train1_ 
            on ticket0_.train_no=train1_.train_no 
    where
        ticket0_.user_id=? 
    order by
        ticket0_.booking_date DESC limit ?
2026-03-10 16:00:43 [TRACE] BasicBinder:64 - binding parameter [1] as [BIGINT] - [37]
2026-03-10 16:00:43 [INFO ] BookingServiceImpl:170 - Fetching active bookings for user: 37
2026-03-10 16:00:43 [INFO ] BookingServiceImpl:170 - Fetching active bookings for user: 37
2026-03-10 16:00:43 [DEBUG] SQL:144 - 
    select
        ticket0_.ticket_id as ticket_i1_4_0_,
        train1_.train_no as train_no1_6_1_,
        ticket0_.booking_date as booking_2_4_0_,
        ticket0_.booking_status as booking_3_4_0_,
        ticket0_.cancellation_charges as cancella4_4_0_,
        ticket0_.cancellation_date as cancella5_4_0_,
        ticket0_.cancellation_reason as cancella6_4_0_,
        ticket0_.cancellation_requested_date as cancella7_4_0_,
        ticket0_.class_type as class_ty8_4_0_,
        ticket0_.destination_station as destinat9_4_0_,
        ticket0_.journey_date as journey10_4_0_,
        ticket0_.meal_id as meal_id11_4_0_,
        ticket0_.meal_quantity as meal_qu12_4_0_,
        ticket0_.number_of_seats as number_13_4_0_,
        ticket0_.passenger_age as passeng14_4_0_,
        ticket0_.passenger_gender as passeng15_4_0_,
        ticket0_.passenger_name as passeng16_4_0_,
        ticket0_.payment_id as payment17_4_0_,
        ticket0_.payment_method as payment18_4_0_,
        ticket0_.payment_status as payment19_4_0_,
        ticket0_.refund_amount as refund_20_4_0_,
        ticket0_.refund_date as refund_21_4_0_,
        ticket0_.refund_percentage as refund_22_4_0_,
        ticket0_.refund_processed_date as refund_23_4_0_,
        ticket0_.refund_status as refund_24_4_0_,
        ticket0_.refund_transaction_id as refund_25_4_0_,
        ticket0_.source_station as source_26_4_0_,
        ticket0_.ticket_status as ticket_27_4_0_,
        ticket0_.total_fare as total_f28_4_0_,
        ticket0_.train_no as train_n29_4_0_,
        ticket0_.user_id as user_id30_4_0_,
        train1_.ac_fare as ac_fare2_6_1_,
        train1_.ac_seats as ac_seats3_6_1_,
        train1_.arrival_time as arrival_4_6_1_,
        train1_.available_seats as availabl5_6_1_,
        train1_.created_at as created_6_6_1_,
        train1_.departure_time as departur7_6_1_,
        train1_.destination as destinat8_6_1_,
        train1_.destination_station as destinat9_6_1_,
        train1_.general_fare as general10_6_1_,
        train1_.general_seats as general11_6_1_,
        train1_.is_active as is_acti12_6_1_,
        train1_.journey_date as journey13_6_1_,
        train1_.sleeper_fare as sleeper14_6_1_,
        train1_.sleeper_seats as sleeper15_6_1_,
        train1_.source as source16_6_1_,
        train1_.source_station as source_17_6_1_,
        train1_.ticket_price as ticket_18_6_1_,
        train1_.train_name as train_n19_6_1_,
        train1_.travel_date as travel_20_6_1_,
        train1_.updated_at as updated21_6_1_ 
    from
        tickets ticket0_ 
    left outer join
        trains train1_ 
            on ticket0_.train_no=train1_.train_no 
    where
        ticket0_.user_id=? 
        and ticket0_.journey_date>=CURRENT_DATE 
        and ticket0_.ticket_status='CONFIRMED'
2026-03-10 16:00:43 [TRACE] BasicBinder:64 - binding parameter [1] as [BIGINT] - [37]
2026-03-10 16:00:43 [INFO ] BookingServiceImpl:176 - Fetching past bookings for user: 37
2026-03-10 16:00:43 [INFO ] BookingServiceImpl:176 - Fetching past bookings for user: 37
2026-03-10 16:00:43 [DEBUG] SQL:144 - 
    select
        ticket0_.ticket_id as ticket_i1_4_0_,
        train1_.train_no as train_no1_6_1_,
        ticket0_.booking_date as booking_2_4_0_,
        ticket0_.booking_status as booking_3_4_0_,
        ticket0_.cancellation_charges as cancella4_4_0_,
        ticket0_.cancellation_date as cancella5_4_0_,
        ticket0_.cancellation_reason as cancella6_4_0_,
        ticket0_.cancellation_requested_date as cancella7_4_0_,
        ticket0_.class_type as class_ty8_4_0_,
        ticket0_.destination_station as destinat9_4_0_,
        ticket0_.journey_date as journey10_4_0_,
        ticket0_.meal_id as meal_id11_4_0_,
        ticket0_.meal_quantity as meal_qu12_4_0_,
        ticket0_.number_of_seats as number_13_4_0_,
        ticket0_.passenger_age as passeng14_4_0_,
        ticket0_.passenger_gender as passeng15_4_0_,
        ticket0_.passenger_name as passeng16_4_0_,
        ticket0_.payment_id as payment17_4_0_,
        ticket0_.payment_method as payment18_4_0_,
        ticket0_.payment_status as payment19_4_0_,
        ticket0_.refund_amount as refund_20_4_0_,
        ticket0_.refund_date as refund_21_4_0_,
        ticket0_.refund_percentage as refund_22_4_0_,
        ticket0_.refund_processed_date as refund_23_4_0_,
        ticket0_.refund_status as refund_24_4_0_,
        ticket0_.refund_transaction_id as refund_25_4_0_,
        ticket0_.source_station as source_26_4_0_,
        ticket0_.ticket_status as ticket_27_4_0_,
        ticket0_.total_fare as total_f28_4_0_,
        ticket0_.train_no as train_n29_4_0_,
        ticket0_.user_id as user_id30_4_0_,
        train1_.ac_fare as ac_fare2_6_1_,
        train1_.ac_seats as ac_seats3_6_1_,
        train1_.arrival_time as arrival_4_6_1_,
        train1_.available_seats as availabl5_6_1_,
        train1_.created_at as created_6_6_1_,
        train1_.departure_time as departur7_6_1_,
        train1_.destination as destinat8_6_1_,
        train1_.destination_station as destinat9_6_1_,
        train1_.general_fare as general10_6_1_,
        train1_.general_seats as general11_6_1_,
        train1_.is_active as is_acti12_6_1_,
        train1_.journey_date as journey13_6_1_,
        train1_.sleeper_fare as sleeper14_6_1_,
        train1_.sleeper_seats as sleeper15_6_1_,
        train1_.source as source16_6_1_,
        train1_.source_station as source_17_6_1_,
        train1_.ticket_price as ticket_18_6_1_,
        train1_.train_name as train_n19_6_1_,
        train1_.travel_date as travel_20_6_1_,
        train1_.updated_at as updated21_6_1_ 
    from
        tickets ticket0_ 
    left outer join
        trains train1_ 
            on ticket0_.train_no=train1_.train_no 
    where
        ticket0_.user_id=? 
        and ticket0_.journey_date<CURRENT_DATE
2026-03-10 16:00:43 [TRACE] BasicBinder:64 - binding parameter [1] as [BIGINT] - [37]
2026-03-10 16:00:43 [INFO ] MealServiceImpl:180 - Fetching meal orders for user: 37
2026-03-10 16:00:43 [INFO ] MealServiceImpl:180 - Fetching meal orders for user: 37
2026-03-10 16:00:43 [DEBUG] SQL:144 - 
    select
        user0_.user_id as user_id1_8_0_,
        user0_.created_at as created_2_8_0_,
        user0_.email as email3_8_0_,
        user0_.full_name as full_nam4_8_0_,
        user0_.is_enabled as is_enabl5_8_0_,
        user0_.last_login as last_log6_8_0_,
        user0_.mobile_number as mobile_n7_8_0_,
        user0_.password as password8_8_0_,
        user0_.profile_photo as profile_9_8_0_,
        user0_.profile_photo_content_type as profile10_8_0_,
        user0_.role as role11_8_0_,
        user0_.session_id as session12_8_0_,
        user0_.updated_at as updated13_8_0_,
        user0_.username as usernam14_8_0_ 
    from
        users user0_ 
    where
        user0_.user_id=?
2026-03-10 16:00:43 [TRACE] BasicBinder:64 - binding parameter [1] as [BIGINT] - [37]
2026-03-10 16:00:43 [DEBUG] SQL:144 - 
    select
        userprofil0_.profile_id as profile_1_7_0_,
        userprofil0_.address as address2_7_0_,
        userprofil0_.city as city3_7_0_,
        userprofil0_.date_of_birth as date_of_4_7_0_,
        userprofil0_.gender as gender5_7_0_,
        userprofil0_.id as id6_7_0_,
        userprofil0_.occupation as occupati7_7_0_,
        userprofil0_.pincode as pincode8_7_0_,
        userprofil0_.state as state9_7_0_,
        userprofil0_.user_id as user_id10_7_0_ 
    from
        user_profiles userprofil0_ 
    where
        userprofil0_.user_id=?
2026-03-10 16:00:43 [TRACE] BasicBinder:64 - binding parameter [1] as [BIGINT] - [37]
2026-03-10 16:00:43 [DEBUG] SQL:144 - 
    select
        mealorder0_.order_id as order_id1_0_,
        mealorder0_.cancellation_date as cancella2_0_,
        mealorder0_.cancellation_reason as cancella3_0_,
        mealorder0_.delivery_station as delivery4_0_,
        mealorder0_.delivery_status as delivery5_0_,
        mealorder0_.id as id6_0_,
        mealorder0_.meal_id as meal_id13_0_,
        mealorder0_.order_date as order_da7_0_,
        mealorder0_.quantity as quantity8_0_,
        mealorder0_.refund_amount as refund_a9_0_,
        mealorder0_.refund_status as refund_10_0_,
        mealorder0_.special_instructions as special11_0_,
        mealorder0_.ticket_id as ticket_14_0_,
        mealorder0_.total_price as total_p12_0_,
        mealorder0_.user_id as user_id15_0_ 
    from
        meal_orders mealorder0_ 
    where
        mealorder0_.user_id=? 
    order by
        mealorder0_.order_date desc
2026-03-10 16:00:43 [TRACE] BasicBinder:64 - binding parameter [1] as [BIGINT] - [37]
2026-03-10 16:00:43 [INFO ] MealServiceImpl:42 - Fetching available meals
2026-03-10 16:00:43 [INFO ] MealServiceImpl:42 - Fetching available meals
2026-03-10 16:00:43 [DEBUG] SQL:144 - 
    select
        meal0_.meal_id as meal_id1_1_,
        meal0_.availability_status as availabi2_1_,
        meal0_.created_at as created_3_1_,
        meal0_.description as descript4_1_,
        meal0_.image as image5_1_,
        meal0_.image_content_type as image_co6_1_,
        meal0_.image_url as image_ur7_1_,
        meal0_.is_available as is_avail8_1_,
        meal0_.meal_name as meal_nam9_1_,
        meal0_.meal_type as meal_ty10_1_,
        meal0_.preparation_time as prepara11_1_,
        meal0_.price as price12_1_,
        meal0_.updated_at as updated13_1_ 
    from
        meals meal0_ 
    where
        meal0_.availability_status=1
2026-03-10 16:00:43 [DEBUG] SQL:144 - 
    select
        count(ticket0_.ticket_id) as col_0_0_ 
    from
        tickets ticket0_ 
    where
        ticket0_.user_id=? 
        and ticket0_.refund_status='PENDING'
2026-03-10 16:00:43 [TRACE] BasicBinder:64 - binding parameter [1] as [BIGINT] - [37]
2026-03-10 16:00:43 [DEBUG] SQL:144 - 
    select
        count(ticket0_.ticket_id) as col_0_0_ 
    from
        tickets ticket0_ 
    where
        ticket0_.user_id=? 
        and ticket0_.refund_status='PROCESSING'
2026-03-10 16:00:43 [TRACE] BasicBinder:64 - binding parameter [1] as [BIGINT] - [37]
2026-03-10 16:00:43 [DEBUG] SQL:144 - 
    select
        count(ticket0_.ticket_id) as col_0_0_ 
    from
        tickets ticket0_ 
    where
        ticket0_.user_id=? 
        and ticket0_.refund_status='COMPLETED'
2026-03-10 16:00:43 [TRACE] BasicBinder:64 - binding parameter [1] as [BIGINT] - [37]
2026-03-10 16:00:43 [DEBUG] DispatcherServlet:1131 - Completed 200 OK
2026-03-10 16:00:59 [DEBUG] DispatcherServlet:120 - GET "/RailEase/user/view-trains", parameters={}
2026-03-10 16:00:59 [DEBUG] RequestMappingHandlerMapping:522 - Mapped to com.railease.controller.UserController#viewTrains(Model, HttpSession)
2026-03-10 16:00:59 [INFO ] UserController:110 - Loaded 4 active trains
2026-03-10 16:00:59 [INFO ] UserController:110 - Loaded 4 active trains
2026-03-10 16:00:59 [DEBUG] DispatcherServlet:1131 - Completed 200 OK
2026-03-10 16:00:59 [DEBUG] DispatcherServlet:120 - GET "/RailEase/webjars/datatables/1.13.6/css/dataTables.bootstrap5.min.css", parameters={}
2026-03-10 16:00:59 [DEBUG] SimpleUrlHandlerMapping:522 - Mapped to ResourceHttpRequestHandler [ServletContext [/webjars/]]
2026-03-10 16:00:59 [DEBUG] ResourceHttpRequestHandler:560 - Resource not found
2026-03-10 16:00:59 [DEBUG] DispatcherServlet:1131 - Completed 404 NOT_FOUND
2026-03-10 16:00:59 [DEBUG] DispatcherServlet:120 - "ERROR" dispatch for GET "/RailEase/error", parameters={}
2026-03-10 16:00:59 [DEBUG] RequestMappingHandlerMapping:522 - Mapped to org.springframework.boot.autoconfigure.web.servlet.error.BasicErrorController#error(HttpServletRequest)
2026-03-10 16:00:59 [DEBUG] HttpEntityMethodProcessor:268 - Using 'application/json;q=0.1', given [text/css, */*;q=0.1] and supported [application/json, application/*+json, application/json, application/*+json]
2026-03-10 16:00:59 [DEBUG] HttpEntityMethodProcessor:120 - Writing [{timestamp=Tue Mar 10 16:00:59 IST 2026, status=404, error=Not Found, message=No message available,  (truncated)...]
2026-03-10 16:00:59 [DEBUG] DispatcherServlet:1127 - Exiting from "ERROR" dispatch, status 404
2026-03-10 16:01:20 [INFO ] HikariDataSource:350 - HikariPool-1 - Shutdown initiated...
2026-03-10 16:01:20 [INFO ] HikariDataSource:352 - HikariPool-1 - Shutdown completed.
