2026-02-16 21:53:53 [TRACE] BasicBinder:64 - binding parameter [8] as [VARCHAR] - [image/png]
2026-02-16 21:53:53 [TRACE] BasicBinder:64 - binding parameter [9] as [VARCHAR] - [ADMIN]
2026-02-16 21:53:53 [TRACE] BasicBinder:52 - binding parameter [10] as [VARCHAR] - [null]
2026-02-16 21:53:53 [TRACE] BasicBinder:64 - binding parameter [11] as [TIMESTAMP] - [2026-02-16T21:53:49.667202]
2026-02-16 21:53:53 [TRACE] BasicBinder:64 - binding parameter [12] as [VARCHAR] - [siya123]
2026-02-16 21:53:53 [TRACE] BasicBinder:64 - binding parameter [13] as [BIGINT] - [5]
2026-02-16 21:53:54 [INFO ] LoginServiceImpl:40 - User authenticated successfully: siya123
2026-02-16 21:53:54 [INFO ] LoginServiceImpl:40 - User authenticated successfully: siya123
2026-02-16 21:53:54 [INFO ] LoginController:62 - User logged in successfully: siya123
2026-02-16 21:53:54 [INFO ] LoginController:62 - User logged in successfully: siya123
2026-02-16 21:53:55 [DEBUG] SQL:144 - 
    select
        user0_.user_id as user_id1_5_0_,
        user0_.created_at as created_2_5_0_,
        user0_.email as email3_5_0_,
        user0_.full_name as full_nam4_5_0_,
        user0_.is_enabled as is_enabl5_5_0_,
        user0_.last_login as last_log6_5_0_,
        user0_.mobile_number as mobile_n7_5_0_,
        user0_.password as password8_5_0_,
        user0_.profile_photo as profile_9_5_0_,
        user0_.profile_photo_content_type as profile10_5_0_,
        user0_.role as role11_5_0_,
        user0_.session_id as session12_5_0_,
        user0_.updated_at as updated13_5_0_,
        user0_.username as usernam14_5_0_ 
    from
        users user0_ 
    where
        user0_.user_id=?
2026-02-16 21:53:55 [TRACE] BasicBinder:64 - binding parameter [1] as [BIGINT] - [5]
2026-02-16 21:53:55 [DEBUG] SQL:144 - 
    select
        userprofil0_.profile_id as profile_1_4_0_,
        userprofil0_.address as address2_4_0_,
        userprofil0_.city as city3_4_0_,
        userprofil0_.date_of_birth as date_of_4_4_0_,
        userprofil0_.gender as gender5_4_0_,
        userprofil0_.occupation as occupati6_4_0_,
        userprofil0_.pincode as pincode7_4_0_,
        userprofil0_.state as state8_4_0_,
        userprofil0_.user_id as user_id9_4_0_ 
    from
        user_profiles userprofil0_ 
    where
        userprofil0_.user_id=?
2026-02-16 21:53:55 [TRACE] BasicBinder:64 - binding parameter [1] as [BIGINT] - [5]
2026-02-16 21:53:55 [DEBUG] SQL:144 - 
    select
        ticket0_.ticket_id as ticket_i1_1_,
        ticket0_.booking_date as booking_2_1_,
        ticket0_.booking_status as booking_3_1_,
        ticket0_.cancellation_date as cancella4_1_,
        ticket0_.class_type as class_ty5_1_,
        ticket0_.destination_station as destinat6_1_,
        ticket0_.journey_date as journey_7_1_,
        ticket0_.number_of_seats as number_o8_1_,
        ticket0_.passenger_age as passenge9_1_,
        ticket0_.passenger_gender as passeng10_1_,
        ticket0_.passenger_name as passeng11_1_,
        ticket0_.payment_id as payment12_1_,
        ticket0_.payment_status as payment13_1_,
        ticket0_.refund_amount as refund_14_1_,
        ticket0_.source_station as source_15_1_,
        ticket0_.ticket_status as ticket_16_1_,
        ticket0_.total_fare as total_f17_1_,
        ticket0_.train_no as train_n18_1_,
        ticket0_.user_id as user_id19_1_ 
    from
        tickets ticket0_ 
    where
        ticket0_.user_id=? 
    order by
        ticket0_.booking_date DESC limit ?
2026-02-16 21:53:55 [TRACE] BasicBinder:64 - binding parameter [1] as [BIGINT] - [5]
2026-02-16 21:53:55 [DEBUG] SQL:144 - 
    select
        count(ticket0_.ticket_id) as col_0_0_ 
    from
        tickets ticket0_ 
    where
        ticket0_.user_id=?
2026-02-16 21:53:55 [TRACE] BasicBinder:64 - binding parameter [1] as [BIGINT] - [5]
2026-02-16 21:53:55 [DEBUG] SQL:144 - 
    select
        count(ticket0_.ticket_id) as col_0_0_ 
    from
        tickets ticket0_ 
    where
        ticket0_.user_id=? 
        and ticket0_.journey_date>=?
2026-02-16 21:53:55 [TRACE] BasicBinder:64 - binding parameter [1] as [BIGINT] - [5]
2026-02-16 21:53:55 [TRACE] BasicBinder:64 - binding parameter [2] as [DATE] - [2026-02-16]
2026-02-16 21:54:30 [DEBUG] SQL:144 - 
    select
        train0_.train_no as train_no1_3_,
        train0_.ac_fare as ac_fare2_3_,
        train0_.ac_seats as ac_seats3_3_,
        train0_.arrival_time as arrival_4_3_,
        train0_.departure_time as departur5_3_,
        train0_.destination_station as destinat6_3_,
        train0_.general_fare as general_7_3_,
        train0_.general_seats as general_8_3_,
        train0_.is_active as is_activ9_3_,
        train0_.journey_date as journey10_3_,
        train0_.sleeper_fare as sleeper11_3_,
        train0_.sleeper_seats as sleeper12_3_,
        train0_.source_station as source_13_3_,
        train0_.train_name as train_n14_3_ 
    from
        trains train0_ 
    where
        train0_.is_active=1
2026-02-16 21:54:30 [ERROR] TemplateEngine:1136 - [THYMELEAF][http-nio-8080-exec-6] Exception processing template "user/view-trains": An error happened during template parsing (template: "class path resource [templates/user/view-trains.html]")
org.thymeleaf.exceptions.TemplateInputException: An error happened during template parsing (template: "class path resource [templates/user/view-trains.html]")
	at org.thymeleaf.templateparser.markup.AbstractMarkupTemplateParser.parse(AbstractMarkupTemplateParser.java:241) ~[thymeleaf-3.0.15.RELEASE.jar:3.0.15.RELEASE]
	at org.thymeleaf.templateparser.markup.AbstractMarkupTemplateParser.parseStandalone(AbstractMarkupTemplateParser.java:100) ~[thymeleaf-3.0.15.RELEASE.jar:3.0.15.RELEASE]
	at org.thymeleaf.engine.TemplateManager.parseAndProcess(TemplateManager.java:666) ~[thymeleaf-3.0.15.RELEASE.jar:3.0.15.RELEASE]
	at org.thymeleaf.TemplateEngine.process(TemplateEngine.java:1098) ~[thymeleaf-3.0.15.RELEASE.jar:3.0.15.RELEASE]
	at org.thymeleaf.TemplateEngine.process(TemplateEngine.java:1072) ~[thymeleaf-3.0.15.RELEASE.jar:3.0.15.RELEASE]
	at org.thymeleaf.spring5.view.ThymeleafView.renderFragment(ThymeleafView.java:366) ~[thymeleaf-spring5-3.0.15.RELEASE.jar:3.0.15.RELEASE]
	at org.thymeleaf.spring5.view.ThymeleafView.render(ThymeleafView.java:190) ~[thymeleaf-spring5-3.0.15.RELEASE.jar:3.0.15.RELEASE]
	at org.springframework.web.servlet.DispatcherServlet.render(DispatcherServlet.java:1406) ~[spring-webmvc-5.3.28.jar:5.3.28]
	at org.springframework.web.servlet.DispatcherServlet.processDispatchResult(DispatcherServlet.java:1150) ~[spring-webmvc-5.3.28.jar:5.3.28]
	at org.springframework.web.servlet.DispatcherServlet.doDispatch(DispatcherServlet.java:1089) ~[spring-webmvc-5.3.28.jar:5.3.28]
	at org.springframework.web.servlet.DispatcherServlet.doService(DispatcherServlet.java:965) ~[spring-webmvc-5.3.28.jar:5.3.28]
	at org.springframework.web.servlet.FrameworkServlet.processRequest(FrameworkServlet.java:1006) ~[spring-webmvc-5.3.28.jar:5.3.28]
	at org.springframework.web.servlet.FrameworkServlet.doGet(FrameworkServlet.java:898) ~[spring-webmvc-5.3.28.jar:5.3.28]
	at javax.servlet.http.HttpServlet.service(HttpServlet.java:529) ~[tomcat-embed-core-9.0.76.jar:4.0.FR]
	at org.springframework.web.servlet.FrameworkServlet.service(FrameworkServlet.java:883) ~[spring-webmvc-5.3.28.jar:5.3.28]
	at javax.servlet.http.HttpServlet.service(HttpServlet.java:623) ~[tomcat-embed-core-9.0.76.jar:4.0.FR]
	at org.apache.catalina.core.ApplicationFilterChain.internalDoFilter(ApplicationFilterChain.java:209) ~[tomcat-embed-core-9.0.76.jar:9.0.76]
	at org.apache.catalina.core.ApplicationFilterChain.doFilter(ApplicationFilterChain.java:153) ~[tomcat-embed-core-9.0.76.jar:9.0.76]
	at org.apache.tomcat.websocket.server.WsFilter.doFilter(WsFilter.java:51) ~[tomcat-embed-websocket-9.0.76.jar:9.0.76]
	at org.apache.catalina.core.ApplicationFilterChain.internalDoFilter(ApplicationFilterChain.java:178) ~[tomcat-embed-core-9.0.76.jar:9.0.76]
	at org.apache.catalina.core.ApplicationFilterChain.doFilter(ApplicationFilterChain.java:153) ~[tomcat-embed-core-9.0.76.jar:9.0.76]
	at org.springframework.web.servlet.resource.ResourceUrlEncodingFilter.doFilter(ResourceUrlEncodingFilter.java:67) ~[spring-webmvc-5.3.28.jar:5.3.28]
	at org.apache.catalina.core.ApplicationFilterChain.internalDoFilter(ApplicationFilterChain.java:178) ~[tomcat-embed-core-9.0.76.jar:9.0.76]
	at org.apache.catalina.core.ApplicationFilterChain.doFilter(ApplicationFilterChain.java:153) ~[tomcat-embed-core-9.0.76.jar:9.0.76]
	at org.springframework.web.filter.RequestContextFilter.doFilterInternal(RequestContextFilter.java:100) ~[spring-web-5.3.28.jar:5.3.28]
	at org.springframework.web.filter.OncePerRequestFilter.doFilter(OncePerRequestFilter.java:117) ~[spring-web-5.3.28.jar:5.3.28]
	at org.apache.catalina.core.ApplicationFilterChain.internalDoFilter(ApplicationFilterChain.java:178) ~[tomcat-embed-core-9.0.76.jar:9.0.76]
	at org.apache.catalina.core.ApplicationFilterChain.doFilter(ApplicationFilterChain.java:153) ~[tomcat-embed-core-9.0.76.jar:9.0.76]
	at org.springframework.web.filter.FormContentFilter.doFilterInternal(FormContentFilter.java:93) ~[spring-web-5.3.28.jar:5.3.28]
	at org.springframework.web.filter.OncePerRequestFilter.doFilter(OncePerRequestFilter.java:117) ~[spring-web-5.3.28.jar:5.3.28]
	at org.apache.catalina.core.ApplicationFilterChain.internalDoFilter(ApplicationFilterChain.java:178) ~[tomcat-embed-core-9.0.76.jar:9.0.76]
	at org.apache.catalina.core.ApplicationFilterChain.doFilter(ApplicationFilterChain.java:153) ~[tomcat-embed-core-9.0.76.jar:9.0.76]
	at org.springframework.web.filter.CharacterEncodingFilter.doFilterInternal(CharacterEncodingFilter.java:201) ~[spring-web-5.3.28.jar:5.3.28]
	at org.springframework.web.filter.OncePerRequestFilter.doFilter(OncePerRequestFilter.java:117) ~[spring-web-5.3.28.jar:5.3.28]
	at org.apache.catalina.core.ApplicationFilterChain.internalDoFilter(ApplicationFilterChain.java:178) ~[tomcat-embed-core-9.0.76.jar:9.0.76]
	at org.apache.catalina.core.ApplicationFilterChain.doFilter(ApplicationFilterChain.java:153) ~[tomcat-embed-core-9.0.76.jar:9.0.76]
	at org.apache.catalina.core.StandardWrapperValve.invoke(StandardWrapperValve.java:167) ~[tomcat-embed-core-9.0.76.jar:9.0.76]
	at org.apache.catalina.core.StandardContextValve.invoke(StandardContextValve.java:90) ~[tomcat-embed-core-9.0.76.jar:9.0.76]
	at org.apache.catalina.authenticator.AuthenticatorBase.invoke(AuthenticatorBase.java:481) ~[tomcat-embed-core-9.0.76.jar:9.0.76]
	at org.apache.catalina.core.StandardHostValve.invoke(StandardHostValve.java:130) ~[tomcat-embed-core-9.0.76.jar:9.0.76]
	at org.apache.catalina.valves.ErrorReportValve.invoke(ErrorReportValve.java:93) ~[tomcat-embed-core-9.0.76.jar:9.0.76]
	at org.apache.catalina.core.StandardEngineValve.invoke(StandardEngineValve.java:74) ~[tomcat-embed-core-9.0.76.jar:9.0.76]
	at org.apache.catalina.connector.CoyoteAdapter.service(CoyoteAdapter.java:343) ~[tomcat-embed-core-9.0.76.jar:9.0.76]
	at org.apache.coyote.http11.Http11Processor.service(Http11Processor.java:390) ~[tomcat-embed-core-9.0.76.jar:9.0.76]
	at org.apache.coyote.AbstractProcessorLight.process(AbstractProcessorLight.java:63) ~[tomcat-embed-core-9.0.76.jar:9.0.76]
	at org.apache.coyote.AbstractProtocol$ConnectionHandler.process(AbstractProtocol.java:926) ~[tomcat-embed-core-9.0.76.jar:9.0.76]
	at org.apache.tomcat.util.net.NioEndpoint$SocketProcessor.doRun(NioEndpoint.java:1791) ~[tomcat-embed-core-9.0.76.jar:9.0.76]
	at org.apache.tomcat.util.net.SocketProcessorBase.run(SocketProcessorBase.java:52) ~[tomcat-embed-core-9.0.76.jar:9.0.76]
	at org.apache.tomcat.util.threads.ThreadPoolExecutor.runWorker(ThreadPoolExecutor.java:1191) ~[tomcat-embed-core-9.0.76.jar:9.0.76]
	at org.apache.tomcat.util.threads.ThreadPoolExecutor$Worker.run(ThreadPoolExecutor.java:659) ~[tomcat-embed-core-9.0.76.jar:9.0.76]
	at org.apache.tomcat.util.threads.TaskThread$WrappingRunnable.run(TaskThread.java:61) ~[tomcat-embed-core-9.0.76.jar:9.0.76]
	at java.lang.Thread.run(Thread.java:1583) ~[?:?]
Caused by: org.attoparser.ParseException: Could not parse as expression: "0, 'asc'" (template: "user/view-trains" - line 137, col 26)
	at org.attoparser.MarkupParser.parseDocument(MarkupParser.java:393) ~[attoparser-2.0.5.RELEASE.jar:2.0.5.RELEASE]
	at org.attoparser.MarkupParser.parse(MarkupParser.java:257) ~[attoparser-2.0.5.RELEASE.jar:2.0.5.RELEASE]
	at org.thymeleaf.templateparser.markup.AbstractMarkupTemplateParser.parse(AbstractMarkupTemplateParser.java:230) ~[thymeleaf-3.0.15.RELEASE.jar:3.0.15.RELEASE]
	... 51 more
Caused by: org.thymeleaf.exceptions.TemplateProcessingException: Could not parse as expression: "0, 'asc'" (template: "user/view-trains" - line 137, col 26)
	at org.thymeleaf.standard.expression.StandardExpressionParser.parseExpression(StandardExpressionParser.java:131) ~[thymeleaf-3.0.15.RELEASE.jar:3.0.15.RELEASE]
	at org.thymeleaf.standard.expression.StandardExpressionParser.parseExpression(StandardExpressionParser.java:62) ~[thymeleaf-3.0.15.RELEASE.jar:3.0.15.RELEASE]
	at org.thymeleaf.standard.expression.StandardExpressionParser.parseExpression(StandardExpressionParser.java:44) ~[thymeleaf-3.0.15.RELEASE.jar:3.0.15.RELEASE]
	at org.thymeleaf.engine.EngineEventUtils.parseAttributeExpression(EngineEventUtils.java:220) ~[thymeleaf-3.0.15.RELEASE.jar:3.0.15.RELEASE]
	at org.thymeleaf.engine.EngineEventUtils.computeAttributeExpression(EngineEventUtils.java:207) ~[thymeleaf-3.0.15.RELEASE.jar:3.0.15.RELEASE]
	at org.thymeleaf.standard.processor.AbstractStandardExpressionAttributeTagProcessor.doProcess(AbstractStandardExpressionAttributeTagProcessor.java:125) ~[thymeleaf-3.0.15.RELEASE.jar:3.0.15.RELEASE]
	at org.thymeleaf.processor.element.AbstractAttributeTagProcessor.doProcess(AbstractAttributeTagProcessor.java:74) ~[thymeleaf-3.0.15.RELEASE.jar:3.0.15.RELEASE]
	at org.thymeleaf.processor.element.AbstractElementTagProcessor.process(AbstractElementTagProcessor.java:95) ~[thymeleaf-3.0.15.RELEASE.jar:3.0.15.RELEASE]
	at org.thymeleaf.util.ProcessorConfigurationUtils$ElementTagProcessorWrapper.process(ProcessorConfigurationUtils.java:633) ~[thymeleaf-3.0.15.RELEASE.jar:3.0.15.RELEASE]
	at org.thymeleaf.engine.ProcessorTemplateHandler.handleOpenElement(ProcessorTemplateHandler.java:1314) ~[thymeleaf-3.0.15.RELEASE.jar:3.0.15.RELEASE]
	at org.thymeleaf.engine.OpenElementTag.beHandled(OpenElementTag.java:205) ~[thymeleaf-3.0.15.RELEASE.jar:3.0.15.RELEASE]
	at org.thymeleaf.engine.Model.process(Model.java:282) ~[thymeleaf-3.0.15.RELEASE.jar:3.0.15.RELEASE]
	at org.thymeleaf.engine.ProcessorTemplateHandler.handleOpenElement(ProcessorTemplateHandler.java:1587) ~[thymeleaf-3.0.15.RELEASE.jar:3.0.15.RELEASE]
	at org.thymeleaf.engine.OpenElementTag.beHandled(OpenElementTag.java:205) ~[thymeleaf-3.0.15.RELEASE.jar:3.0.15.RELEASE]
	at org.thymeleaf.engine.Model.process(Model.java:282) ~[thymeleaf-3.0.15.RELEASE.jar:3.0.15.RELEASE]
	at org.thymeleaf.engine.ProcessorTemplateHandler.handleOpenElement(ProcessorTemplateHandler.java:1587) ~[thymeleaf-3.0.15.RELEASE.jar:3.0.15.RELEASE]
	at org.thymeleaf.engine.OpenElementTag.beHandled(OpenElementTag.java:205) ~[thymeleaf-3.0.15.RELEASE.jar:3.0.15.RELEASE]
	at org.thymeleaf.engine.Model.process(Model.java:282) ~[thymeleaf-3.0.15.RELEASE.jar:3.0.15.RELEASE]
	at org.thymeleaf.engine.Model.process(Model.java:290) ~[thymeleaf-3.0.15.RELEASE.jar:3.0.15.RELEASE]
	at org.thymeleaf.engine.GatheringModelProcessable.process(GatheringModelProcessable.java:78) ~[thymeleaf-3.0.15.RELEASE.jar:3.0.15.RELEASE]
	at org.thymeleaf.engine.ProcessorTemplateHandler.handleCloseElement(ProcessorTemplateHandler.java:1640) ~[thymeleaf-3.0.15.RELEASE.jar:3.0.15.RELEASE]
	at org.thymeleaf.engine.TemplateHandlerAdapterMarkupHandler.handleCloseElementEnd(TemplateHandlerAdapterMarkupHandler.java:388) ~[thymeleaf-3.0.15.RELEASE.jar:3.0.15.RELEASE]
	at org.thymeleaf.templateparser.markup.InlinedOutputExpressionMarkupHandler$InlineMarkupAdapterPreProcessorHandler.handleCloseElementEnd(InlinedOutputExpressionMarkupHandler.java:322) ~[thymeleaf-3.0.15.RELEASE.jar:3.0.15.RELEASE]
	at org.thymeleaf.standard.inline.OutputExpressionInlinePreProcessorHandler.handleCloseElementEnd(OutputExpressionInlinePreProcessorHandler.java:220) ~[thymeleaf-3.0.15.RELEASE.jar:3.0.15.RELEASE]
	at org.thymeleaf.templateparser.markup.InlinedOutputExpressionMarkupHandler.handleCloseElementEnd(InlinedOutputExpressionMarkupHandler.java:164) ~[thymeleaf-3.0.15.RELEASE.jar:3.0.15.RELEASE]
	at org.attoparser.HtmlElement.handleCloseElementEnd(HtmlElement.java:169) ~[attoparser-2.0.5.RELEASE.jar:2.0.5.RELEASE]
	at org.attoparser.HtmlMarkupHandler.handleCloseElementEnd(HtmlMarkupHandler.java:412) ~[attoparser-2.0.5.RELEASE.jar:2.0.5.RELEASE]
	at org.attoparser.MarkupEventProcessorHandler.handleCloseElementEnd(MarkupEventProcessorHandler.java:473) ~[attoparser-2.0.5.RELEASE.jar:2.0.5.RELEASE]
	at org.attoparser.ParsingElementMarkupUtil.parseCloseElement(ParsingElementMarkupUtil.java:201) ~[attoparser-2.0.5.RELEASE.jar:2.0.5.RELEASE]
	at org.attoparser.MarkupParser.parseBuffer(MarkupParser.java:725) ~[attoparser-2.0.5.RELEASE.jar:2.0.5.RELEASE]
	at org.attoparser.MarkupParser.parseDocument(MarkupParser.java:301) ~[attoparser-2.0.5.RELEASE.jar:2.0.5.RELEASE]
	at org.attoparser.MarkupParser.parse(MarkupParser.java:257) ~[attoparser-2.0.5.RELEASE.jar:2.0.5.RELEASE]
	at org.thymeleaf.templateparser.markup.AbstractMarkupTemplateParser.parse(AbstractMarkupTemplateParser.java:230) ~[thymeleaf-3.0.15.RELEASE.jar:3.0.15.RELEASE]
	... 51 more
2026-02-16 21:54:30 [ERROR] [dispatcherServlet]:175 - Servlet.service() for servlet [dispatcherServlet] in context with path [/RailEase] threw exception [Request processing failed; nested exception is org.thymeleaf.exceptions.TemplateInputException: An error happened during template parsing (template: "class path resource [templates/user/view-trains.html]")] with root cause
org.thymeleaf.exceptions.TemplateProcessingException: Could not parse as expression: "0, 'asc'" (template: "user/view-trains" - line 137, col 26)
	at org.thymeleaf.standard.expression.StandardExpressionParser.parseExpression(StandardExpressionParser.java:131) ~[thymeleaf-3.0.15.RELEASE.jar:3.0.15.RELEASE]
	at org.thymeleaf.standard.expression.StandardExpressionParser.parseExpression(StandardExpressionParser.java:62) ~[thymeleaf-3.0.15.RELEASE.jar:3.0.15.RELEASE]
	at org.thymeleaf.standard.expression.StandardExpressionParser.parseExpression(StandardExpressionParser.java:44) ~[thymeleaf-3.0.15.RELEASE.jar:3.0.15.RELEASE]
	at org.thymeleaf.engine.EngineEventUtils.parseAttributeExpression(EngineEventUtils.java:220) ~[thymeleaf-3.0.15.RELEASE.jar:3.0.15.RELEASE]
	at org.thymeleaf.engine.EngineEventUtils.computeAttributeExpression(EngineEventUtils.java:207) ~[thymeleaf-3.0.15.RELEASE.jar:3.0.15.RELEASE]
	at org.thymeleaf.standard.processor.AbstractStandardExpressionAttributeTagProcessor.doProcess(AbstractStandardExpressionAttributeTagProcessor.java:125) ~[thymeleaf-3.0.15.RELEASE.jar:3.0.15.RELEASE]
	at org.thymeleaf.processor.element.AbstractAttributeTagProcessor.doProcess(AbstractAttributeTagProcessor.java:74) ~[thymeleaf-3.0.15.RELEASE.jar:3.0.15.RELEASE]
	at org.thymeleaf.processor.element.AbstractElementTagProcessor.process(AbstractElementTagProcessor.java:95) ~[thymeleaf-3.0.15.RELEASE.jar:3.0.15.RELEASE]
	at org.thymeleaf.util.ProcessorConfigurationUtils$ElementTagProcessorWrapper.process(ProcessorConfigurationUtils.java:633) ~[thymeleaf-3.0.15.RELEASE.jar:3.0.15.RELEASE]
	at org.thymeleaf.engine.ProcessorTemplateHandler.handleOpenElement(ProcessorTemplateHandler.java:1314) ~[thymeleaf-3.0.15.RELEASE.jar:3.0.15.RELEASE]
	at org.thymeleaf.engine.OpenElementTag.beHandled(OpenElementTag.java:205) ~[thymeleaf-3.0.15.RELEASE.jar:3.0.15.RELEASE]
	at org.thymeleaf.engine.Model.process(Model.java:282) ~[thymeleaf-3.0.15.RELEASE.jar:3.0.15.RELEASE]
	at org.thymeleaf.engine.ProcessorTemplateHandler.handleOpenElement(ProcessorTemplateHandler.java:1587) ~[thymeleaf-3.0.15.RELEASE.jar:3.0.15.RELEASE]
	at org.thymeleaf.engine.OpenElementTag.beHandled(OpenElementTag.java:205) ~[thymeleaf-3.0.15.RELEASE.jar:3.0.15.RELEASE]
	at org.thymeleaf.engine.Model.process(Model.java:282) ~[thymeleaf-3.0.15.RELEASE.jar:3.0.15.RELEASE]
	at org.thymeleaf.engine.ProcessorTemplateHandler.handleOpenElement(ProcessorTemplateHandler.java:1587) ~[thymeleaf-3.0.15.RELEASE.jar:3.0.15.RELEASE]
	at org.thymeleaf.engine.OpenElementTag.beHandled(OpenElementTag.java:205) ~[thymeleaf-3.0.15.RELEASE.jar:3.0.15.RELEASE]
	at org.thymeleaf.engine.Model.process(Model.java:282) ~[thymeleaf-3.0.15.RELEASE.jar:3.0.15.RELEASE]
	at org.thymeleaf.engine.Model.process(Model.java:290) ~[thymeleaf-3.0.15.RELEASE.jar:3.0.15.RELEASE]
	at org.thymeleaf.engine.GatheringModelProcessable.process(GatheringModelProcessable.java:78) ~[thymeleaf-3.0.15.RELEASE.jar:3.0.15.RELEASE]
	at org.thymeleaf.engine.ProcessorTemplateHandler.handleCloseElement(ProcessorTemplateHandler.java:1640) ~[thymeleaf-3.0.15.RELEASE.jar:3.0.15.RELEASE]
	at org.thymeleaf.engine.TemplateHandlerAdapterMarkupHandler.handleCloseElementEnd(TemplateHandlerAdapterMarkupHandler.java:388) ~[thymeleaf-3.0.15.RELEASE.jar:3.0.15.RELEASE]
	at org.thymeleaf.templateparser.markup.InlinedOutputExpressionMarkupHandler$InlineMarkupAdapterPreProcessorHandler.handleCloseElementEnd(InlinedOutputExpressionMarkupHandler.java:322) ~[thymeleaf-3.0.15.RELEASE.jar:3.0.15.RELEASE]
	at org.thymeleaf.standard.inline.OutputExpressionInlinePreProcessorHandler.handleCloseElementEnd(OutputExpressionInlinePreProcessorHandler.java:220) ~[thymeleaf-3.0.15.RELEASE.jar:3.0.15.RELEASE]
	at org.thymeleaf.templateparser.markup.InlinedOutputExpressionMarkupHandler.handleCloseElementEnd(InlinedOutputExpressionMarkupHandler.java:164) ~[thymeleaf-3.0.15.RELEASE.jar:3.0.15.RELEASE]
	at org.attoparser.HtmlElement.handleCloseElementEnd(HtmlElement.java:169) ~[attoparser-2.0.5.RELEASE.jar:2.0.5.RELEASE]
	at org.attoparser.HtmlMarkupHandler.handleCloseElementEnd(HtmlMarkupHandler.java:412) ~[attoparser-2.0.5.RELEASE.jar:2.0.5.RELEASE]
	at org.attoparser.MarkupEventProcessorHandler.handleCloseElementEnd(MarkupEventProcessorHandler.java:473) ~[attoparser-2.0.5.RELEASE.jar:2.0.5.RELEASE]
	at org.attoparser.ParsingElementMarkupUtil.parseCloseElement(ParsingElementMarkupUtil.java:201) ~[attoparser-2.0.5.RELEASE.jar:2.0.5.RELEASE]
	at org.attoparser.MarkupParser.parseBuffer(MarkupParser.java:725) ~[attoparser-2.0.5.RELEASE.jar:2.0.5.RELEASE]
	at org.attoparser.MarkupParser.parseDocument(MarkupParser.java:301) ~[attoparser-2.0.5.RELEASE.jar:2.0.5.RELEASE]
	at org.attoparser.MarkupParser.parse(MarkupParser.java:257) ~[attoparser-2.0.5.RELEASE.jar:2.0.5.RELEASE]
	at org.thymeleaf.templateparser.markup.AbstractMarkupTemplateParser.parse(AbstractMarkupTemplateParser.java:230) ~[thymeleaf-3.0.15.RELEASE.jar:3.0.15.RELEASE]
	at org.thymeleaf.templateparser.markup.AbstractMarkupTemplateParser.parseStandalone(AbstractMarkupTemplateParser.java:100) ~[thymeleaf-3.0.15.RELEASE.jar:3.0.15.RELEASE]
	at org.thymeleaf.engine.TemplateManager.parseAndProcess(TemplateManager.java:666) ~[thymeleaf-3.0.15.RELEASE.jar:3.0.15.RELEASE]
	at org.thymeleaf.TemplateEngine.process(TemplateEngine.java:1098) ~[thymeleaf-3.0.15.RELEASE.jar:3.0.15.RELEASE]
	at org.thymeleaf.TemplateEngine.process(TemplateEngine.java:1072) ~[thymeleaf-3.0.15.RELEASE.jar:3.0.15.RELEASE]
	at org.thymeleaf.spring5.view.ThymeleafView.renderFragment(ThymeleafView.java:366) ~[thymeleaf-spring5-3.0.15.RELEASE.jar:3.0.15.RELEASE]
	at org.thymeleaf.spring5.view.ThymeleafView.render(ThymeleafView.java:190) ~[thymeleaf-spring5-3.0.15.RELEASE.jar:3.0.15.RELEASE]
	at org.springframework.web.servlet.DispatcherServlet.render(DispatcherServlet.java:1406) ~[spring-webmvc-5.3.28.jar:5.3.28]
	at org.springframework.web.servlet.DispatcherServlet.processDispatchResult(DispatcherServlet.java:1150) ~[spring-webmvc-5.3.28.jar:5.3.28]
	at org.springframework.web.servlet.DispatcherServlet.doDispatch(DispatcherServlet.java:1089) ~[spring-webmvc-5.3.28.jar:5.3.28]
	at org.springframework.web.servlet.DispatcherServlet.doService(DispatcherServlet.java:965) ~[spring-webmvc-5.3.28.jar:5.3.28]
	at org.springframework.web.servlet.FrameworkServlet.processRequest(FrameworkServlet.java:1006) ~[spring-webmvc-5.3.28.jar:5.3.28]
	at org.springframework.web.servlet.FrameworkServlet.doGet(FrameworkServlet.java:898) ~[spring-webmvc-5.3.28.jar:5.3.28]
	at javax.servlet.http.HttpServlet.service(HttpServlet.java:529) ~[tomcat-embed-core-9.0.76.jar:4.0.FR]
	at org.springframework.web.servlet.FrameworkServlet.service(FrameworkServlet.java:883) ~[spring-webmvc-5.3.28.jar:5.3.28]
	at javax.servlet.http.HttpServlet.service(HttpServlet.java:623) ~[tomcat-embed-core-9.0.76.jar:4.0.FR]
	at org.apache.catalina.core.ApplicationFilterChain.internalDoFilter(ApplicationFilterChain.java:209) ~[tomcat-embed-core-9.0.76.jar:9.0.76]
	at org.apache.catalina.core.ApplicationFilterChain.doFilter(ApplicationFilterChain.java:153) ~[tomcat-embed-core-9.0.76.jar:9.0.76]
	at org.apache.tomcat.websocket.server.WsFilter.doFilter(WsFilter.java:51) ~[tomcat-embed-websocket-9.0.76.jar:9.0.76]
	at org.apache.catalina.core.ApplicationFilterChain.internalDoFilter(ApplicationFilterChain.java:178) ~[tomcat-embed-core-9.0.76.jar:9.0.76]
	at org.apache.catalina.core.ApplicationFilterChain.doFilter(ApplicationFilterChain.java:153) ~[tomcat-embed-core-9.0.76.jar:9.0.76]
	at org.springframework.web.servlet.resource.ResourceUrlEncodingFilter.doFilter(ResourceUrlEncodingFilter.java:67) ~[spring-webmvc-5.3.28.jar:5.3.28]
	at org.apache.catalina.core.ApplicationFilterChain.internalDoFilter(ApplicationFilterChain.java:178) ~[tomcat-embed-core-9.0.76.jar:9.0.76]
	at org.apache.catalina.core.ApplicationFilterChain.doFilter(ApplicationFilterChain.java:153) ~[tomcat-embed-core-9.0.76.jar:9.0.76]
	at org.springframework.web.filter.RequestContextFilter.doFilterInternal(RequestContextFilter.java:100) ~[spring-web-5.3.28.jar:5.3.28]
	at org.springframework.web.filter.OncePerRequestFilter.doFilter(OncePerRequestFilter.java:117) ~[spring-web-5.3.28.jar:5.3.28]
	at org.apache.catalina.core.ApplicationFilterChain.internalDoFilter(ApplicationFilterChain.java:178) ~[tomcat-embed-core-9.0.76.jar:9.0.76]
	at org.apache.catalina.core.ApplicationFilterChain.doFilter(ApplicationFilterChain.java:153) ~[tomcat-embed-core-9.0.76.jar:9.0.76]
	at org.springframework.web.filter.FormContentFilter.doFilterInternal(FormContentFilter.java:93) ~[spring-web-5.3.28.jar:5.3.28]
	at org.springframework.web.filter.OncePerRequestFilter.doFilter(OncePerRequestFilter.java:117) ~[spring-web-5.3.28.jar:5.3.28]
	at org.apache.catalina.core.ApplicationFilterChain.internalDoFilter(ApplicationFilterChain.java:178) ~[tomcat-embed-core-9.0.76.jar:9.0.76]
	at org.apache.catalina.core.ApplicationFilterChain.doFilter(ApplicationFilterChain.java:153) ~[tomcat-embed-core-9.0.76.jar:9.0.76]
	at org.springframework.web.filter.CharacterEncodingFilter.doFilterInternal(CharacterEncodingFilter.java:201) ~[spring-web-5.3.28.jar:5.3.28]
	at org.springframework.web.filter.OncePerRequestFilter.doFilter(OncePerRequestFilter.java:117) ~[spring-web-5.3.28.jar:5.3.28]
	at org.apache.catalina.core.ApplicationFilterChain.internalDoFilter(ApplicationFilterChain.java:178) ~[tomcat-embed-core-9.0.76.jar:9.0.76]
	at org.apache.catalina.core.ApplicationFilterChain.doFilter(ApplicationFilterChain.java:153) ~[tomcat-embed-core-9.0.76.jar:9.0.76]
	at org.apache.catalina.core.StandardWrapperValve.invoke(StandardWrapperValve.java:167) ~[tomcat-embed-core-9.0.76.jar:9.0.76]
	at org.apache.catalina.core.StandardContextValve.invoke(StandardContextValve.java:90) ~[tomcat-embed-core-9.0.76.jar:9.0.76]
	at org.apache.catalina.authenticator.AuthenticatorBase.invoke(AuthenticatorBase.java:481) ~[tomcat-embed-core-9.0.76.jar:9.0.76]
	at org.apache.catalina.core.StandardHostValve.invoke(StandardHostValve.java:130) ~[tomcat-embed-core-9.0.76.jar:9.0.76]
	at org.apache.catalina.valves.ErrorReportValve.invoke(ErrorReportValve.java:93) ~[tomcat-embed-core-9.0.76.jar:9.0.76]
	at org.apache.catalina.core.StandardEngineValve.invoke(StandardEngineValve.java:74) ~[tomcat-embed-core-9.0.76.jar:9.0.76]
	at org.apache.catalina.connector.CoyoteAdapter.service(CoyoteAdapter.java:343) ~[tomcat-embed-core-9.0.76.jar:9.0.76]
	at org.apache.coyote.http11.Http11Processor.service(Http11Processor.java:390) ~[tomcat-embed-core-9.0.76.jar:9.0.76]
	at org.apache.coyote.AbstractProcessorLight.process(AbstractProcessorLight.java:63) ~[tomcat-embed-core-9.0.76.jar:9.0.76]
	at org.apache.coyote.AbstractProtocol$ConnectionHandler.process(AbstractProtocol.java:926) ~[tomcat-embed-core-9.0.76.jar:9.0.76]
	at org.apache.tomcat.util.net.NioEndpoint$SocketProcessor.doRun(NioEndpoint.java:1791) ~[tomcat-embed-core-9.0.76.jar:9.0.76]
	at org.apache.tomcat.util.net.SocketProcessorBase.run(SocketProcessorBase.java:52) ~[tomcat-embed-core-9.0.76.jar:9.0.76]
	at org.apache.tomcat.util.threads.ThreadPoolExecutor.runWorker(ThreadPoolExecutor.java:1191) ~[tomcat-embed-core-9.0.76.jar:9.0.76]
	at org.apache.tomcat.util.threads.ThreadPoolExecutor$Worker.run(ThreadPoolExecutor.java:659) ~[tomcat-embed-core-9.0.76.jar:9.0.76]
	at org.apache.tomcat.util.threads.TaskThread$WrappingRunnable.run(TaskThread.java:61) ~[tomcat-embed-core-9.0.76.jar:9.0.76]
	at java.lang.Thread.run(Thread.java:1583) ~[?:?]
2026-02-16 21:54:30 [ERROR] TemplateEngine:1136 - [THYMELEAF][http-nio-8080-exec-6] Exception processing template "error": An error happened during template parsing (template: "class path resource [templates/error.html]")
org.thymeleaf.exceptions.TemplateInputException: An error happened during template parsing (template: "class path resource [templates/error.html]")
	at org.thymeleaf.templateparser.markup.AbstractMarkupTemplateParser.parse(AbstractMarkupTemplateParser.java:235) ~[thymeleaf-3.0.15.RELEASE.jar:3.0.15.RELEASE]
	at org.thymeleaf.templateparser.markup.AbstractMarkupTemplateParser.parseStandalone(AbstractMarkupTemplateParser.java:100) ~[thymeleaf-3.0.15.RELEASE.jar:3.0.15.RELEASE]
	at org.thymeleaf.engine.TemplateManager.parseAndProcess(TemplateManager.java:666) ~[thymeleaf-3.0.15.RELEASE.jar:3.0.15.RELEASE]
	at org.thymeleaf.TemplateEngine.process(TemplateEngine.java:1098) ~[thymeleaf-3.0.15.RELEASE.jar:3.0.15.RELEASE]
	at org.thymeleaf.TemplateEngine.process(TemplateEngine.java:1072) ~[thymeleaf-3.0.15.RELEASE.jar:3.0.15.RELEASE]
	at org.thymeleaf.spring5.view.ThymeleafView.renderFragment(ThymeleafView.java:366) ~[thymeleaf-spring5-3.0.15.RELEASE.jar:3.0.15.RELEASE]
	at org.thymeleaf.spring5.view.ThymeleafView.render(ThymeleafView.java:190) ~[thymeleaf-spring5-3.0.15.RELEASE.jar:3.0.15.RELEASE]
	at org.springframework.web.servlet.DispatcherServlet.render(DispatcherServlet.java:1406) ~[spring-webmvc-5.3.28.jar:5.3.28]
	at org.springframework.web.servlet.DispatcherServlet.processDispatchResult(DispatcherServlet.java:1150) ~[spring-webmvc-5.3.28.jar:5.3.28]
	at org.springframework.web.servlet.DispatcherServlet.doDispatch(DispatcherServlet.java:1089) ~[spring-webmvc-5.3.28.jar:5.3.28]
	at org.springframework.web.servlet.DispatcherServlet.doService(DispatcherServlet.java:965) ~[spring-webmvc-5.3.28.jar:5.3.28]
	at org.springframework.web.servlet.FrameworkServlet.processRequest(FrameworkServlet.java:1006) ~[spring-webmvc-5.3.28.jar:5.3.28]
	at org.springframework.web.servlet.FrameworkServlet.doGet(FrameworkServlet.java:898) ~[spring-webmvc-5.3.28.jar:5.3.28]
	at javax.servlet.http.HttpServlet.service(HttpServlet.java:529) ~[tomcat-embed-core-9.0.76.jar:4.0.FR]
	at org.springframework.web.servlet.FrameworkServlet.service(FrameworkServlet.java:883) ~[spring-webmvc-5.3.28.jar:5.3.28]
	at javax.servlet.http.HttpServlet.service(HttpServlet.java:623) ~[tomcat-embed-core-9.0.76.jar:4.0.FR]
	at org.apache.catalina.core.ApplicationFilterChain.internalDoFilter(ApplicationFilterChain.java:209) ~[tomcat-embed-core-9.0.76.jar:9.0.76]
	at org.apache.catalina.core.ApplicationFilterChain.doFilter(ApplicationFilterChain.java:153) ~[tomcat-embed-core-9.0.76.jar:9.0.76]
	at org.springframework.web.filter.RequestContextFilter.doFilterInternal(RequestContextFilter.java:100) ~[spring-web-5.3.28.jar:5.3.28]
	at org.springframework.web.filter.OncePerRequestFilter.doFilter(OncePerRequestFilter.java:117) ~[spring-web-5.3.28.jar:5.3.28]
	at org.apache.catalina.core.ApplicationFilterChain.internalDoFilter(ApplicationFilterChain.java:178) ~[tomcat-embed-core-9.0.76.jar:9.0.76]
	at org.apache.catalina.core.ApplicationFilterChain.doFilter(ApplicationFilterChain.java:153) ~[tomcat-embed-core-9.0.76.jar:9.0.76]
	at org.springframework.web.filter.OncePerRequestFilter.doFilter(OncePerRequestFilter.java:102) ~[spring-web-5.3.28.jar:5.3.28]
	at org.apache.catalina.core.ApplicationFilterChain.internalDoFilter(ApplicationFilterChain.java:178) ~[tomcat-embed-core-9.0.76.jar:9.0.76]
	at org.apache.catalina.core.ApplicationFilterChain.doFilter(ApplicationFilterChain.java:153) ~[tomcat-embed-core-9.0.76.jar:9.0.76]
	at org.springframework.web.filter.OncePerRequestFilter.doFilter(OncePerRequestFilter.java:102) ~[spring-web-5.3.28.jar:5.3.28]
	at org.apache.catalina.core.ApplicationFilterChain.internalDoFilter(ApplicationFilterChain.java:178) ~[tomcat-embed-core-9.0.76.jar:9.0.76]
	at org.apache.catalina.core.ApplicationFilterChain.doFilter(ApplicationFilterChain.java:153) ~[tomcat-embed-core-9.0.76.jar:9.0.76]
	at org.apache.catalina.core.ApplicationDispatcher.invoke(ApplicationDispatcher.java:661) ~[tomcat-embed-core-9.0.76.jar:9.0.76]
	at org.apache.catalina.core.ApplicationDispatcher.doInclude(ApplicationDispatcher.java:537) ~[tomcat-embed-core-9.0.76.jar:9.0.76]
	at org.apache.catalina.core.ApplicationDispatcher.include(ApplicationDispatcher.java:480) ~[tomcat-embed-core-9.0.76.jar:9.0.76]
	at org.apache.catalina.core.StandardHostValve.custom(StandardHostValve.java:354) ~[tomcat-embed-core-9.0.76.jar:9.0.76]
	at org.apache.catalina.core.StandardHostValve.status(StandardHostValve.java:237) ~[tomcat-embed-core-9.0.76.jar:9.0.76]
	at org.apache.catalina.core.StandardHostValve.throwable(StandardHostValve.java:319) ~[tomcat-embed-core-9.0.76.jar:9.0.76]
	at org.apache.catalina.core.StandardHostValve.invoke(StandardHostValve.java:164) ~[tomcat-embed-core-9.0.76.jar:9.0.76]
	at org.apache.catalina.valves.ErrorReportValve.invoke(ErrorReportValve.java:93) ~[tomcat-embed-core-9.0.76.jar:9.0.76]
	at org.apache.catalina.core.StandardEngineValve.invoke(StandardEngineValve.java:74) ~[tomcat-embed-core-9.0.76.jar:9.0.76]
	at org.apache.catalina.connector.CoyoteAdapter.service(CoyoteAdapter.java:343) ~[tomcat-embed-core-9.0.76.jar:9.0.76]
	at org.apache.coyote.http11.Http11Processor.service(Http11Processor.java:390) ~[tomcat-embed-core-9.0.76.jar:9.0.76]
	at org.apache.coyote.AbstractProcessorLight.process(AbstractProcessorLight.java:63) ~[tomcat-embed-core-9.0.76.jar:9.0.76]
	at org.apache.coyote.AbstractProtocol$ConnectionHandler.process(AbstractProtocol.java:926) ~[tomcat-embed-core-9.0.76.jar:9.0.76]
	at org.apache.tomcat.util.net.NioEndpoint$SocketProcessor.doRun(NioEndpoint.java:1791) ~[tomcat-embed-core-9.0.76.jar:9.0.76]
	at org.apache.tomcat.util.net.SocketProcessorBase.run(SocketProcessorBase.java:52) ~[tomcat-embed-core-9.0.76.jar:9.0.76]
	at org.apache.tomcat.util.threads.ThreadPoolExecutor.runWorker(ThreadPoolExecutor.java:1191) ~[tomcat-embed-core-9.0.76.jar:9.0.76]
	at org.apache.tomcat.util.threads.ThreadPoolExecutor$Worker.run(ThreadPoolExecutor.java:659) ~[tomcat-embed-core-9.0.76.jar:9.0.76]
	at org.apache.tomcat.util.threads.TaskThread$WrappingRunnable.run(TaskThread.java:61) ~[tomcat-embed-core-9.0.76.jar:9.0.76]
	at java.lang.Thread.run(Thread.java:1583) ~[?:?]
Caused by: java.io.FileNotFoundException: class path resource [templates/error.html] cannot be opened because it does not exist
	at org.springframework.core.io.ClassPathResource.getInputStream(ClassPathResource.java:199) ~[spring-core-5.3.28.jar:5.3.28]
	at org.thymeleaf.spring5.templateresource.SpringResourceTemplateResource.reader(SpringResourceTemplateResource.java:103) ~[thymeleaf-spring5-3.0.15.RELEASE.jar:3.0.15.RELEASE]
	at org.thymeleaf.templateparser.markup.AbstractMarkupTemplateParser.parse(AbstractMarkupTemplateParser.java:223) ~[thymeleaf-3.0.15.RELEASE.jar:3.0.15.RELEASE]
	... 46 more
2026-02-16 21:54:30 [ERROR] [dispatcherServlet]:175 - Servlet.service() for servlet [dispatcherServlet] threw exception
java.io.FileNotFoundException: class path resource [templates/error.html] cannot be opened because it does not exist
	at org.springframework.core.io.ClassPathResource.getInputStream(ClassPathResource.java:199) ~[spring-core-5.3.28.jar:5.3.28]
	at org.thymeleaf.spring5.templateresource.SpringResourceTemplateResource.reader(SpringResourceTemplateResource.java:103) ~[thymeleaf-spring5-3.0.15.RELEASE.jar:3.0.15.RELEASE]
	at org.thymeleaf.templateparser.markup.AbstractMarkupTemplateParser.parse(AbstractMarkupTemplateParser.java:223) ~[thymeleaf-3.0.15.RELEASE.jar:3.0.15.RELEASE]
	at org.thymeleaf.templateparser.markup.AbstractMarkupTemplateParser.parseStandalone(AbstractMarkupTemplateParser.java:100) ~[thymeleaf-3.0.15.RELEASE.jar:3.0.15.RELEASE]
	at org.thymeleaf.engine.TemplateManager.parseAndProcess(TemplateManager.java:666) ~[thymeleaf-3.0.15.RELEASE.jar:3.0.15.RELEASE]
	at org.thymeleaf.TemplateEngine.process(TemplateEngine.java:1098) ~[thymeleaf-3.0.15.RELEASE.jar:3.0.15.RELEASE]
	at org.thymeleaf.TemplateEngine.process(TemplateEngine.java:1072) ~[thymeleaf-3.0.15.RELEASE.jar:3.0.15.RELEASE]
	at org.thymeleaf.spring5.view.ThymeleafView.renderFragment(ThymeleafView.java:366) ~[thymeleaf-spring5-3.0.15.RELEASE.jar:3.0.15.RELEASE]
	at org.thymeleaf.spring5.view.ThymeleafView.render(ThymeleafView.java:190) ~[thymeleaf-spring5-3.0.15.RELEASE.jar:3.0.15.RELEASE]
	at org.springframework.web.servlet.DispatcherServlet.render(DispatcherServlet.java:1406) ~[spring-webmvc-5.3.28.jar:5.3.28]
	at org.springframework.web.servlet.DispatcherServlet.processDispatchResult(DispatcherServlet.java:1150) ~[spring-webmvc-5.3.28.jar:5.3.28]
	at org.springframework.web.servlet.DispatcherServlet.doDispatch(DispatcherServlet.java:1089) ~[spring-webmvc-5.3.28.jar:5.3.28]
	at org.springframework.web.servlet.DispatcherServlet.doService(DispatcherServlet.java:965) ~[spring-webmvc-5.3.28.jar:5.3.28]
	at org.springframework.web.servlet.FrameworkServlet.processRequest(FrameworkServlet.java:1006) ~[spring-webmvc-5.3.28.jar:5.3.28]
	at org.springframework.web.servlet.FrameworkServlet.doGet(FrameworkServlet.java:898) ~[spring-webmvc-5.3.28.jar:5.3.28]
	at javax.servlet.http.HttpServlet.service(HttpServlet.java:529) ~[tomcat-embed-core-9.0.76.jar:4.0.FR]
	at org.springframework.web.servlet.FrameworkServlet.service(FrameworkServlet.java:883) ~[spring-webmvc-5.3.28.jar:5.3.28]
	at javax.servlet.http.HttpServlet.service(HttpServlet.java:623) ~[tomcat-embed-core-9.0.76.jar:4.0.FR]
	at org.apache.catalina.core.ApplicationFilterChain.internalDoFilter(ApplicationFilterChain.java:209) ~[tomcat-embed-core-9.0.76.jar:9.0.76]
	at org.apache.catalina.core.ApplicationFilterChain.doFilter(ApplicationFilterChain.java:153) ~[tomcat-embed-core-9.0.76.jar:9.0.76]
	at org.springframework.web.filter.RequestContextFilter.doFilterInternal(RequestContextFilter.java:100) ~[spring-web-5.3.28.jar:5.3.28]
	at org.springframework.web.filter.OncePerRequestFilter.doFilter(OncePerRequestFilter.java:117) ~[spring-web-5.3.28.jar:5.3.28]
	at org.apache.catalina.core.ApplicationFilterChain.internalDoFilter(ApplicationFilterChain.java:178) ~[tomcat-embed-core-9.0.76.jar:9.0.76]
	at org.apache.catalina.core.ApplicationFilterChain.doFilter(ApplicationFilterChain.java:153) ~[tomcat-embed-core-9.0.76.jar:9.0.76]
	at org.springframework.web.filter.OncePerRequestFilter.doFilter(OncePerRequestFilter.java:102) ~[spring-web-5.3.28.jar:5.3.28]
	at org.apache.catalina.core.ApplicationFilterChain.internalDoFilter(ApplicationFilterChain.java:178) ~[tomcat-embed-core-9.0.76.jar:9.0.76]
	at org.apache.catalina.core.ApplicationFilterChain.doFilter(ApplicationFilterChain.java:153) ~[tomcat-embed-core-9.0.76.jar:9.0.76]
	at org.springframework.web.filter.OncePerRequestFilter.doFilter(OncePerRequestFilter.java:102) ~[spring-web-5.3.28.jar:5.3.28]
	at org.apache.catalina.core.ApplicationFilterChain.internalDoFilter(ApplicationFilterChain.java:178) ~[tomcat-embed-core-9.0.76.jar:9.0.76]
	at org.apache.catalina.core.ApplicationFilterChain.doFilter(ApplicationFilterChain.java:153) ~[tomcat-embed-core-9.0.76.jar:9.0.76]
	at org.apache.catalina.core.ApplicationDispatcher.invoke(ApplicationDispatcher.java:661) ~[tomcat-embed-core-9.0.76.jar:9.0.76]
	at org.apache.catalina.core.ApplicationDispatcher.doInclude(ApplicationDispatcher.java:537) ~[tomcat-embed-core-9.0.76.jar:9.0.76]
	at org.apache.catalina.core.ApplicationDispatcher.include(ApplicationDispatcher.java:480) ~[tomcat-embed-core-9.0.76.jar:9.0.76]
	at org.apache.catalina.core.StandardHostValve.custom(StandardHostValve.java:354) ~[tomcat-embed-core-9.0.76.jar:9.0.76]
	at org.apache.catalina.core.StandardHostValve.status(StandardHostValve.java:237) ~[tomcat-embed-core-9.0.76.jar:9.0.76]
	at org.apache.catalina.core.StandardHostValve.throwable(StandardHostValve.java:319) ~[tomcat-embed-core-9.0.76.jar:9.0.76]
	at org.apache.catalina.core.StandardHostValve.invoke(StandardHostValve.java:164) ~[tomcat-embed-core-9.0.76.jar:9.0.76]
	at org.apache.catalina.valves.ErrorReportValve.invoke(ErrorReportValve.java:93) ~[tomcat-embed-core-9.0.76.jar:9.0.76]
	at org.apache.catalina.core.StandardEngineValve.invoke(StandardEngineValve.java:74) ~[tomcat-embed-core-9.0.76.jar:9.0.76]
	at org.apache.catalina.connector.CoyoteAdapter.service(CoyoteAdapter.java:343) ~[tomcat-embed-core-9.0.76.jar:9.0.76]
	at org.apache.coyote.http11.Http11Processor.service(Http11Processor.java:390) ~[tomcat-embed-core-9.0.76.jar:9.0.76]
	at org.apache.coyote.AbstractProcessorLight.process(AbstractProcessorLight.java:63) ~[tomcat-embed-core-9.0.76.jar:9.0.76]
	at org.apache.coyote.AbstractProtocol$ConnectionHandler.process(AbstractProtocol.java:926) ~[tomcat-embed-core-9.0.76.jar:9.0.76]
	at org.apache.tomcat.util.net.NioEndpoint$SocketProcessor.doRun(NioEndpoint.java:1791) ~[tomcat-embed-core-9.0.76.jar:9.0.76]
	at org.apache.tomcat.util.net.SocketProcessorBase.run(SocketProcessorBase.java:52) ~[tomcat-embed-core-9.0.76.jar:9.0.76]
	at org.apache.tomcat.util.threads.ThreadPoolExecutor.runWorker(ThreadPoolExecutor.java:1191) ~[tomcat-embed-core-9.0.76.jar:9.0.76]
	at org.apache.tomcat.util.threads.ThreadPoolExecutor$Worker.run(ThreadPoolExecutor.java:659) ~[tomcat-embed-core-9.0.76.jar:9.0.76]
	at org.apache.tomcat.util.threads.TaskThread$WrappingRunnable.run(TaskThread.java:61) ~[tomcat-embed-core-9.0.76.jar:9.0.76]
	at java.lang.Thread.run(Thread.java:1583) ~[?:?]
2026-02-16 21:54:30 [ERROR] [localhost]:175 - Exception Processing ErrorPage[errorCode=0, location=/error]
org.springframework.web.util.NestedServletException: Request processing failed; nested exception is org.thymeleaf.exceptions.TemplateInputException: An error happened during template parsing (template: "class path resource [templates/error.html]")
	at org.springframework.web.servlet.FrameworkServlet.processRequest(FrameworkServlet.java:1014) ~[spring-webmvc-5.3.28.jar:5.3.28]
	at org.springframework.web.servlet.FrameworkServlet.doGet(FrameworkServlet.java:898) ~[spring-webmvc-5.3.28.jar:5.3.28]
	at javax.servlet.http.HttpServlet.service(HttpServlet.java:529) ~[tomcat-embed-core-9.0.76.jar:4.0.FR]
	at org.springframework.web.servlet.FrameworkServlet.service(FrameworkServlet.java:883) ~[spring-webmvc-5.3.28.jar:5.3.28]
	at javax.servlet.http.HttpServlet.service(HttpServlet.java:623) ~[tomcat-embed-core-9.0.76.jar:4.0.FR]
	at org.apache.catalina.core.ApplicationFilterChain.internalDoFilter(ApplicationFilterChain.java:209) ~[tomcat-embed-core-9.0.76.jar:9.0.76]
	at org.apache.catalina.core.ApplicationFilterChain.doFilter(ApplicationFilterChain.java:153) ~[tomcat-embed-core-9.0.76.jar:9.0.76]
	at org.springframework.web.filter.RequestContextFilter.doFilterInternal(RequestContextFilter.java:100) ~[spring-web-5.3.28.jar:5.3.28]
	at org.springframework.web.filter.OncePerRequestFilter.doFilter(OncePerRequestFilter.java:117) ~[spring-web-5.3.28.jar:5.3.28]
	at org.apache.catalina.core.ApplicationFilterChain.internalDoFilter(ApplicationFilterChain.java:178) ~[tomcat-embed-core-9.0.76.jar:9.0.76]
	at org.apache.catalina.core.ApplicationFilterChain.doFilter(ApplicationFilterChain.java:153) ~[tomcat-embed-core-9.0.76.jar:9.0.76]
	at org.springframework.web.filter.OncePerRequestFilter.doFilter(OncePerRequestFilter.java:102) ~[spring-web-5.3.28.jar:5.3.28]
	at org.apache.catalina.core.ApplicationFilterChain.internalDoFilter(ApplicationFilterChain.java:178) ~[tomcat-embed-core-9.0.76.jar:9.0.76]
	at org.apache.catalina.core.ApplicationFilterChain.doFilter(ApplicationFilterChain.java:153) ~[tomcat-embed-core-9.0.76.jar:9.0.76]
	at org.springframework.web.filter.OncePerRequestFilter.doFilter(OncePerRequestFilter.java:102) ~[spring-web-5.3.28.jar:5.3.28]
	at org.apache.catalina.core.ApplicationFilterChain.internalDoFilter(ApplicationFilterChain.java:178) ~[tomcat-embed-core-9.0.76.jar:9.0.76]
	at org.apache.catalina.core.ApplicationFilterChain.doFilter(ApplicationFilterChain.java:153) ~[tomcat-embed-core-9.0.76.jar:9.0.76]
	at org.apache.catalina.core.ApplicationDispatcher.invoke(ApplicationDispatcher.java:661) ~[tomcat-embed-core-9.0.76.jar:9.0.76]
	at org.apache.catalina.core.ApplicationDispatcher.doInclude(ApplicationDispatcher.java:537) ~[tomcat-embed-core-9.0.76.jar:9.0.76]
	at org.apache.catalina.core.ApplicationDispatcher.include(ApplicationDispatcher.java:480) ~[tomcat-embed-core-9.0.76.jar:9.0.76]
	at org.apache.catalina.core.StandardHostValve.custom(StandardHostValve.java:354) ~[tomcat-embed-core-9.0.76.jar:9.0.76]
	at org.apache.catalina.core.StandardHostValve.status(StandardHostValve.java:237) ~[tomcat-embed-core-9.0.76.jar:9.0.76]
	at org.apache.catalina.core.StandardHostValve.throwable(StandardHostValve.java:319) ~[tomcat-embed-core-9.0.76.jar:9.0.76]
	at org.apache.catalina.core.StandardHostValve.invoke(StandardHostValve.java:164) ~[tomcat-embed-core-9.0.76.jar:9.0.76]
	at org.apache.catalina.valves.ErrorReportValve.invoke(ErrorReportValve.java:93) ~[tomcat-embed-core-9.0.76.jar:9.0.76]
	at org.apache.catalina.core.StandardEngineValve.invoke(StandardEngineValve.java:74) ~[tomcat-embed-core-9.0.76.jar:9.0.76]
	at org.apache.catalina.connector.CoyoteAdapter.service(CoyoteAdapter.java:343) ~[tomcat-embed-core-9.0.76.jar:9.0.76]
	at org.apache.coyote.http11.Http11Processor.service(Http11Processor.java:390) ~[tomcat-embed-core-9.0.76.jar:9.0.76]
	at org.apache.coyote.AbstractProcessorLight.process(AbstractProcessorLight.java:63) ~[tomcat-embed-core-9.0.76.jar:9.0.76]
	at org.apache.coyote.AbstractProtocol$ConnectionHandler.process(AbstractProtocol.java:926) ~[tomcat-embed-core-9.0.76.jar:9.0.76]
	at org.apache.tomcat.util.net.NioEndpoint$SocketProcessor.doRun(NioEndpoint.java:1791) ~[tomcat-embed-core-9.0.76.jar:9.0.76]
	at org.apache.tomcat.util.net.SocketProcessorBase.run(SocketProcessorBase.java:52) ~[tomcat-embed-core-9.0.76.jar:9.0.76]
	at org.apache.tomcat.util.threads.ThreadPoolExecutor.runWorker(ThreadPoolExecutor.java:1191) ~[tomcat-embed-core-9.0.76.jar:9.0.76]
	at org.apache.tomcat.util.threads.ThreadPoolExecutor$Worker.run(ThreadPoolExecutor.java:659) ~[tomcat-embed-core-9.0.76.jar:9.0.76]
	at org.apache.tomcat.util.threads.TaskThread$WrappingRunnable.run(TaskThread.java:61) ~[tomcat-embed-core-9.0.76.jar:9.0.76]
	at java.lang.Thread.run(Thread.java:1583) ~[?:?]
Caused by: org.thymeleaf.exceptions.TemplateInputException: An error happened during template parsing (template: "class path resource [templates/error.html]")
	at org.thymeleaf.templateparser.markup.AbstractMarkupTemplateParser.parse(AbstractMarkupTemplateParser.java:235) ~[thymeleaf-3.0.15.RELEASE.jar:3.0.15.RELEASE]
	at org.thymeleaf.templateparser.markup.AbstractMarkupTemplateParser.parseStandalone(AbstractMarkupTemplateParser.java:100) ~[thymeleaf-3.0.15.RELEASE.jar:3.0.15.RELEASE]
	at org.thymeleaf.engine.TemplateManager.parseAndProcess(TemplateManager.java:666) ~[thymeleaf-3.0.15.RELEASE.jar:3.0.15.RELEASE]
	at org.thymeleaf.TemplateEngine.process(TemplateEngine.java:1098) ~[thymeleaf-3.0.15.RELEASE.jar:3.0.15.RELEASE]
	at org.thymeleaf.TemplateEngine.process(TemplateEngine.java:1072) ~[thymeleaf-3.0.15.RELEASE.jar:3.0.15.RELEASE]
	at org.thymeleaf.spring5.view.ThymeleafView.renderFragment(ThymeleafView.java:366) ~[thymeleaf-spring5-3.0.15.RELEASE.jar:3.0.15.RELEASE]
	at org.thymeleaf.spring5.view.ThymeleafView.render(ThymeleafView.java:190) ~[thymeleaf-spring5-3.0.15.RELEASE.jar:3.0.15.RELEASE]
	at org.springframework.web.servlet.DispatcherServlet.render(DispatcherServlet.java:1406) ~[spring-webmvc-5.3.28.jar:5.3.28]
	at org.springframework.web.servlet.DispatcherServlet.processDispatchResult(DispatcherServlet.java:1150) ~[spring-webmvc-5.3.28.jar:5.3.28]
	at org.springframework.web.servlet.DispatcherServlet.doDispatch(DispatcherServlet.java:1089) ~[spring-webmvc-5.3.28.jar:5.3.28]
	at org.springframework.web.servlet.DispatcherServlet.doService(DispatcherServlet.java:965) ~[spring-webmvc-5.3.28.jar:5.3.28]
	at org.springframework.web.servlet.FrameworkServlet.processRequest(FrameworkServlet.java:1006) ~[spring-webmvc-5.3.28.jar:5.3.28]
	... 35 more
Caused by: java.io.FileNotFoundException: class path resource [templates/error.html] cannot be opened because it does not exist
	at org.springframework.core.io.ClassPathResource.getInputStream(ClassPathResource.java:199) ~[spring-core-5.3.28.jar:5.3.28]
	at org.thymeleaf.spring5.templateresource.SpringResourceTemplateResource.reader(SpringResourceTemplateResource.java:103) ~[thymeleaf-spring5-3.0.15.RELEASE.jar:3.0.15.RELEASE]
	at org.thymeleaf.templateparser.markup.AbstractMarkupTemplateParser.parse(AbstractMarkupTemplateParser.java:223) ~[thymeleaf-3.0.15.RELEASE.jar:3.0.15.RELEASE]
	at org.thymeleaf.templateparser.markup.AbstractMarkupTemplateParser.parseStandalone(AbstractMarkupTemplateParser.java:100) ~[thymeleaf-3.0.15.RELEASE.jar:3.0.15.RELEASE]
	at org.thymeleaf.engine.TemplateManager.parseAndProcess(TemplateManager.java:666) ~[thymeleaf-3.0.15.RELEASE.jar:3.0.15.RELEASE]
	at org.thymeleaf.TemplateEngine.process(TemplateEngine.java:1098) ~[thymeleaf-3.0.15.RELEASE.jar:3.0.15.RELEASE]
	at org.thymeleaf.TemplateEngine.process(TemplateEngine.java:1072) ~[thymeleaf-3.0.15.RELEASE.jar:3.0.15.RELEASE]
	at org.thymeleaf.spring5.view.ThymeleafView.renderFragment(ThymeleafView.java:366) ~[thymeleaf-spring5-3.0.15.RELEASE.jar:3.0.15.RELEASE]
	at org.thymeleaf.spring5.view.ThymeleafView.render(ThymeleafView.java:190) ~[thymeleaf-spring5-3.0.15.RELEASE.jar:3.0.15.RELEASE]
	at org.springframework.web.servlet.DispatcherServlet.render(DispatcherServlet.java:1406) ~[spring-webmvc-5.3.28.jar:5.3.28]
	at org.springframework.web.servlet.DispatcherServlet.processDispatchResult(DispatcherServlet.java:1150) ~[spring-webmvc-5.3.28.jar:5.3.28]
	at org.springframework.web.servlet.DispatcherServlet.doDispatch(DispatcherServlet.java:1089) ~[spring-webmvc-5.3.28.jar:5.3.28]
	at org.springframework.web.servlet.DispatcherServlet.doService(DispatcherServlet.java:965) ~[spring-webmvc-5.3.28.jar:5.3.28]
	at org.springframework.web.servlet.FrameworkServlet.processRequest(FrameworkServlet.java:1006) ~[spring-webmvc-5.3.28.jar:5.3.28]
	... 35 more
2026-02-16 21:54:35 [ERROR] TemplateEngine:1136 - [THYMELEAF][http-nio-8080-exec-2] Exception processing template "user/view-trains": An error happened during template parsing (template: "class path resource [templates/user/view-trains.html]")
org.thymeleaf.exceptions.TemplateInputException: An error happened during template parsing (template: "class path resource [templates/user/view-trains.html]")
	at org.thymeleaf.templateparser.markup.AbstractMarkupTemplateParser.parse(AbstractMarkupTemplateParser.java:241) ~[thymeleaf-3.0.15.RELEASE.jar:3.0.15.RELEASE]
	at org.thymeleaf.templateparser.markup.AbstractMarkupTemplateParser.parseStandalone(AbstractMarkupTemplateParser.java:100) ~[thymeleaf-3.0.15.RELEASE.jar:3.0.15.RELEASE]
	at org.thymeleaf.engine.TemplateManager.parseAndProcess(TemplateManager.java:666) ~[thymeleaf-3.0.15.RELEASE.jar:3.0.15.RELEASE]
	at org.thymeleaf.TemplateEngine.process(TemplateEngine.java:1098) ~[thymeleaf-3.0.15.RELEASE.jar:3.0.15.RELEASE]
	at org.thymeleaf.TemplateEngine.process(TemplateEngine.java:1072) ~[thymeleaf-3.0.15.RELEASE.jar:3.0.15.RELEASE]
	at org.thymeleaf.spring5.view.ThymeleafView.renderFragment(ThymeleafView.java:366) ~[thymeleaf-spring5-3.0.15.RELEASE.jar:3.0.15.RELEASE]
	at org.thymeleaf.spring5.view.ThymeleafView.render(ThymeleafView.java:190) ~[thymeleaf-spring5-3.0.15.RELEASE.jar:3.0.15.RELEASE]
	at org.springframework.web.servlet.DispatcherServlet.render(DispatcherServlet.java:1406) ~[spring-webmvc-5.3.28.jar:5.3.28]
	at org.springframework.web.servlet.DispatcherServlet.processDispatchResult(DispatcherServlet.java:1150) ~[spring-webmvc-5.3.28.jar:5.3.28]
	at org.springframework.web.servlet.DispatcherServlet.doDispatch(DispatcherServlet.java:1089) ~[spring-webmvc-5.3.28.jar:5.3.28]
	at org.springframework.web.servlet.DispatcherServlet.doService(DispatcherServlet.java:965) ~[spring-webmvc-5.3.28.jar:5.3.28]
	at org.springframework.web.servlet.FrameworkServlet.processRequest(FrameworkServlet.java:1006) ~[spring-webmvc-5.3.28.jar:5.3.28]
	at org.springframework.web.servlet.FrameworkServlet.doGet(FrameworkServlet.java:898) ~[spring-webmvc-5.3.28.jar:5.3.28]
	at javax.servlet.http.HttpServlet.service(HttpServlet.java:529) ~[tomcat-embed-core-9.0.76.jar:4.0.FR]
	at org.springframework.web.servlet.FrameworkServlet.service(FrameworkServlet.java:883) ~[spring-webmvc-5.3.28.jar:5.3.28]
	at javax.servlet.http.HttpServlet.service(HttpServlet.java:623) ~[tomcat-embed-core-9.0.76.jar:4.0.FR]
	at org.apache.catalina.core.ApplicationFilterChain.internalDoFilter(ApplicationFilterChain.java:209) ~[tomcat-embed-core-9.0.76.jar:9.0.76]
	at org.apache.catalina.core.ApplicationFilterChain.doFilter(ApplicationFilterChain.java:153) ~[tomcat-embed-core-9.0.76.jar:9.0.76]
	at org.apache.tomcat.websocket.server.WsFilter.doFilter(WsFilter.java:51) ~[tomcat-embed-websocket-9.0.76.jar:9.0.76]
	at org.apache.catalina.core.ApplicationFilterChain.internalDoFilter(ApplicationFilterChain.java:178) ~[tomcat-embed-core-9.0.76.jar:9.0.76]
	at org.apache.catalina.core.ApplicationFilterChain.doFilter(ApplicationFilterChain.java:153) ~[tomcat-embed-core-9.0.76.jar:9.0.76]
	at org.springframework.web.servlet.resource.ResourceUrlEncodingFilter.doFilter(ResourceUrlEncodingFilter.java:67) ~[spring-webmvc-5.3.28.jar:5.3.28]
	at org.apache.catalina.core.ApplicationFilterChain.internalDoFilter(ApplicationFilterChain.java:178) ~[tomcat-embed-core-9.0.76.jar:9.0.76]
	at org.apache.catalina.core.ApplicationFilterChain.doFilter(ApplicationFilterChain.java:153) ~[tomcat-embed-core-9.0.76.jar:9.0.76]
	at org.springframework.web.filter.RequestContextFilter.doFilterInternal(RequestContextFilter.java:100) ~[spring-web-5.3.28.jar:5.3.28]
	at org.springframework.web.filter.OncePerRequestFilter.doFilter(OncePerRequestFilter.java:117) ~[spring-web-5.3.28.jar:5.3.28]
	at org.apache.catalina.core.ApplicationFilterChain.internalDoFilter(ApplicationFilterChain.java:178) ~[tomcat-embed-core-9.0.76.jar:9.0.76]
	at org.apache.catalina.core.ApplicationFilterChain.doFilter(ApplicationFilterChain.java:153) ~[tomcat-embed-core-9.0.76.jar:9.0.76]
	at org.springframework.web.filter.FormContentFilter.doFilterInternal(FormContentFilter.java:93) ~[spring-web-5.3.28.jar:5.3.28]
	at org.springframework.web.filter.OncePerRequestFilter.doFilter(OncePerRequestFilter.java:117) ~[spring-web-5.3.28.jar:5.3.28]
	at org.apache.catalina.core.ApplicationFilterChain.internalDoFilter(ApplicationFilterChain.java:178) ~[tomcat-embed-core-9.0.76.jar:9.0.76]
	at org.apache.catalina.core.ApplicationFilterChain.doFilter(ApplicationFilterChain.java:153) ~[tomcat-embed-core-9.0.76.jar:9.0.76]
	at org.springframework.web.filter.CharacterEncodingFilter.doFilterInternal(CharacterEncodingFilter.java:201) ~[spring-web-5.3.28.jar:5.3.28]
	at org.springframework.web.filter.OncePerRequestFilter.doFilter(OncePerRequestFilter.java:117) ~[spring-web-5.3.28.jar:5.3.28]
	at org.apache.catalina.core.ApplicationFilterChain.internalDoFilter(ApplicationFilterChain.java:178) ~[tomcat-embed-core-9.0.76.jar:9.0.76]
	at org.apache.catalina.core.ApplicationFilterChain.doFilter(ApplicationFilterChain.java:153) ~[tomcat-embed-core-9.0.76.jar:9.0.76]
	at org.apache.catalina.core.StandardWrapperValve.invoke(StandardWrapperValve.java:167) ~[tomcat-embed-core-9.0.76.jar:9.0.76]
	at org.apache.catalina.core.StandardContextValve.invoke(StandardContextValve.java:90) ~[tomcat-embed-core-9.0.76.jar:9.0.76]
	at org.apache.catalina.authenticator.AuthenticatorBase.invoke(AuthenticatorBase.java:481) ~[tomcat-embed-core-9.0.76.jar:9.0.76]
	at org.apache.catalina.core.StandardHostValve.invoke(StandardHostValve.java:130) ~[tomcat-embed-core-9.0.76.jar:9.0.76]
	at org.apache.catalina.valves.ErrorReportValve.invoke(ErrorReportValve.java:93) ~[tomcat-embed-core-9.0.76.jar:9.0.76]
	at org.apache.catalina.core.StandardEngineValve.invoke(StandardEngineValve.java:74) ~[tomcat-embed-core-9.0.76.jar:9.0.76]
	at org.apache.catalina.connector.CoyoteAdapter.service(CoyoteAdapter.java:343) ~[tomcat-embed-core-9.0.76.jar:9.0.76]
	at org.apache.coyote.http11.Http11Processor.service(Http11Processor.java:390) ~[tomcat-embed-core-9.0.76.jar:9.0.76]
	at org.apache.coyote.AbstractProcessorLight.process(AbstractProcessorLight.java:63) ~[tomcat-embed-core-9.0.76.jar:9.0.76]
	at org.apache.coyote.AbstractProtocol$ConnectionHandler.process(AbstractProtocol.java:926) ~[tomcat-embed-core-9.0.76.jar:9.0.76]
	at org.apache.tomcat.util.net.NioEndpoint$SocketProcessor.doRun(NioEndpoint.java:1791) ~[tomcat-embed-core-9.0.76.jar:9.0.76]
	at org.apache.tomcat.util.net.SocketProcessorBase.run(SocketProcessorBase.java:52) ~[tomcat-embed-core-9.0.76.jar:9.0.76]
	at org.apache.tomcat.util.threads.ThreadPoolExecutor.runWorker(ThreadPoolExecutor.java:1191) ~[tomcat-embed-core-9.0.76.jar:9.0.76]
	at org.apache.tomcat.util.threads.ThreadPoolExecutor$Worker.run(ThreadPoolExecutor.java:659) ~[tomcat-embed-core-9.0.76.jar:9.0.76]
	at org.apache.tomcat.util.threads.TaskThread$WrappingRunnable.run(TaskThread.java:61) ~[tomcat-embed-core-9.0.76.jar:9.0.76]
	at java.lang.Thread.run(Thread.java:1583) ~[?:?]
Caused by: org.attoparser.ParseException: Could not parse as expression: "0, 'asc'" (template: "user/view-trains" - line 137, col 26)
	at org.attoparser.MarkupParser.parseDocument(MarkupParser.java:393) ~[attoparser-2.0.5.RELEASE.jar:2.0.5.RELEASE]
	at org.attoparser.MarkupParser.parse(MarkupParser.java:257) ~[attoparser-2.0.5.RELEASE.jar:2.0.5.RELEASE]
	at org.thymeleaf.templateparser.markup.AbstractMarkupTemplateParser.parse(AbstractMarkupTemplateParser.java:230) ~[thymeleaf-3.0.15.RELEASE.jar:3.0.15.RELEASE]
	... 51 more
Caused by: org.thymeleaf.exceptions.TemplateProcessingException: Could not parse as expression: "0, 'asc'" (template: "user/view-trains" - line 137, col 26)
	at org.thymeleaf.standard.expression.StandardExpressionParser.parseExpression(StandardExpressionParser.java:131) ~[thymeleaf-3.0.15.RELEASE.jar:3.0.15.RELEASE]
	at org.thymeleaf.standard.expression.StandardExpressionParser.parseExpression(StandardExpressionParser.java:62) ~[thymeleaf-3.0.15.RELEASE.jar:3.0.15.RELEASE]
	at org.thymeleaf.standard.expression.StandardExpressionParser.parseExpression(StandardExpressionParser.java:44) ~[thymeleaf-3.0.15.RELEASE.jar:3.0.15.RELEASE]
	at org.thymeleaf.engine.EngineEventUtils.parseAttributeExpression(EngineEventUtils.java:220) ~[thymeleaf-3.0.15.RELEASE.jar:3.0.15.RELEASE]
	at org.thymeleaf.engine.EngineEventUtils.computeAttributeExpression(EngineEventUtils.java:207) ~[thymeleaf-3.0.15.RELEASE.jar:3.0.15.RELEASE]
	at org.thymeleaf.standard.processor.AbstractStandardExpressionAttributeTagProcessor.doProcess(AbstractStandardExpressionAttributeTagProcessor.java:125) ~[thymeleaf-3.0.15.RELEASE.jar:3.0.15.RELEASE]
	at org.thymeleaf.processor.element.AbstractAttributeTagProcessor.doProcess(AbstractAttributeTagProcessor.java:74) ~[thymeleaf-3.0.15.RELEASE.jar:3.0.15.RELEASE]
	at org.thymeleaf.processor.element.AbstractElementTagProcessor.process(AbstractElementTagProcessor.java:95) ~[thymeleaf-3.0.15.RELEASE.jar:3.0.15.RELEASE]
	at org.thymeleaf.util.ProcessorConfigurationUtils$ElementTagProcessorWrapper.process(ProcessorConfigurationUtils.java:633) ~[thymeleaf-3.0.15.RELEASE.jar:3.0.15.RELEASE]
	at org.thymeleaf.engine.ProcessorTemplateHandler.handleOpenElement(ProcessorTemplateHandler.java:1314) ~[thymeleaf-3.0.15.RELEASE.jar:3.0.15.RELEASE]
	at org.thymeleaf.engine.OpenElementTag.beHandled(OpenElementTag.java:205) ~[thymeleaf-3.0.15.RELEASE.jar:3.0.15.RELEASE]
	at org.thymeleaf.engine.Model.process(Model.java:282) ~[thymeleaf-3.0.15.RELEASE.jar:3.0.15.RELEASE]
	at org.thymeleaf.engine.ProcessorTemplateHandler.handleOpenElement(ProcessorTemplateHandler.java:1587) ~[thymeleaf-3.0.15.RELEASE.jar:3.0.15.RELEASE]
	at org.thymeleaf.engine.OpenElementTag.beHandled(OpenElementTag.java:205) ~[thymeleaf-3.0.15.RELEASE.jar:3.0.15.RELEASE]
	at org.thymeleaf.engine.Model.process(Model.java:282) ~[thymeleaf-3.0.15.RELEASE.jar:3.0.15.RELEASE]
	at org.thymeleaf.engine.ProcessorTemplateHandler.handleOpenElement(ProcessorTemplateHandler.java:1587) ~[thymeleaf-3.0.15.RELEASE.jar:3.0.15.RELEASE]
	at org.thymeleaf.engine.OpenElementTag.beHandled(OpenElementTag.java:205) ~[thymeleaf-3.0.15.RELEASE.jar:3.0.15.RELEASE]
	at org.thymeleaf.engine.Model.process(Model.java:282) ~[thymeleaf-3.0.15.RELEASE.jar:3.0.15.RELEASE]
	at org.thymeleaf.engine.Model.process(Model.java:290) ~[thymeleaf-3.0.15.RELEASE.jar:3.0.15.RELEASE]
	at org.thymeleaf.engine.GatheringModelProcessable.process(GatheringModelProcessable.java:78) ~[thymeleaf-3.0.15.RELEASE.jar:3.0.15.RELEASE]
	at org.thymeleaf.engine.ProcessorTemplateHandler.handleCloseElement(ProcessorTemplateHandler.java:1640) ~[thymeleaf-3.0.15.RELEASE.jar:3.0.15.RELEASE]
	at org.thymeleaf.engine.TemplateHandlerAdapterMarkupHandler.handleCloseElementEnd(TemplateHandlerAdapterMarkupHandler.java:388) ~[thymeleaf-3.0.15.RELEASE.jar:3.0.15.RELEASE]
	at org.thymeleaf.templateparser.markup.InlinedOutputExpressionMarkupHandler$InlineMarkupAdapterPreProcessorHandler.handleCloseElementEnd(InlinedOutputExpressionMarkupHandler.java:322) ~[thymeleaf-3.0.15.RELEASE.jar:3.0.15.RELEASE]
	at org.thymeleaf.standard.inline.OutputExpressionInlinePreProcessorHandler.handleCloseElementEnd(OutputExpressionInlinePreProcessorHandler.java:220) ~[thymeleaf-3.0.15.RELEASE.jar:3.0.15.RELEASE]
	at org.thymeleaf.templateparser.markup.InlinedOutputExpressionMarkupHandler.handleCloseElementEnd(InlinedOutputExpressionMarkupHandler.java:164) ~[thymeleaf-3.0.15.RELEASE.jar:3.0.15.RELEASE]
	at org.attoparser.HtmlElement.handleCloseElementEnd(HtmlElement.java:169) ~[attoparser-2.0.5.RELEASE.jar:2.0.5.RELEASE]
	at org.attoparser.HtmlMarkupHandler.handleCloseElementEnd(HtmlMarkupHandler.java:412) ~[attoparser-2.0.5.RELEASE.jar:2.0.5.RELEASE]
	at org.attoparser.MarkupEventProcessorHandler.handleCloseElementEnd(MarkupEventProcessorHandler.java:473) ~[attoparser-2.0.5.RELEASE.jar:2.0.5.RELEASE]
	at org.attoparser.ParsingElementMarkupUtil.parseCloseElement(ParsingElementMarkupUtil.java:201) ~[attoparser-2.0.5.RELEASE.jar:2.0.5.RELEASE]
	at org.attoparser.MarkupParser.parseBuffer(MarkupParser.java:725) ~[attoparser-2.0.5.RELEASE.jar:2.0.5.RELEASE]
	at org.attoparser.MarkupParser.parseDocument(MarkupParser.java:301) ~[attoparser-2.0.5.RELEASE.jar:2.0.5.RELEASE]
	at org.attoparser.MarkupParser.parse(MarkupParser.java:257) ~[attoparser-2.0.5.RELEASE.jar:2.0.5.RELEASE]
	at org.thymeleaf.templateparser.markup.AbstractMarkupTemplateParser.parse(AbstractMarkupTemplateParser.java:230) ~[thymeleaf-3.0.15.RELEASE.jar:3.0.15.RELEASE]
	... 51 more
2026-02-16 21:54:35 [ERROR] [dispatcherServlet]:175 - Servlet.service() for servlet [dispatcherServlet] in context with path [/RailEase] threw exception [Request processing failed; nested exception is org.thymeleaf.exceptions.TemplateInputException: An error happened during template parsing (template: "class path resource [templates/user/view-trains.html]")] with root cause
org.thymeleaf.exceptions.TemplateProcessingException: Could not parse as expression: "0, 'asc'" (template: "user/view-trains" - line 137, col 26)
	at org.thymeleaf.standard.expression.StandardExpressionParser.parseExpression(StandardExpressionParser.java:131) ~[thymeleaf-3.0.15.RELEASE.jar:3.0.15.RELEASE]
	at org.thymeleaf.standard.expression.StandardExpressionParser.parseExpression(StandardExpressionParser.java:62) ~[thymeleaf-3.0.15.RELEASE.jar:3.0.15.RELEASE]
	at org.thymeleaf.standard.expression.StandardExpressionParser.parseExpression(StandardExpressionParser.java:44) ~[thymeleaf-3.0.15.RELEASE.jar:3.0.15.RELEASE]
	at org.thymeleaf.engine.EngineEventUtils.parseAttributeExpression(EngineEventUtils.java:220) ~[thymeleaf-3.0.15.RELEASE.jar:3.0.15.RELEASE]
	at org.thymeleaf.engine.EngineEventUtils.computeAttributeExpression(EngineEventUtils.java:207) ~[thymeleaf-3.0.15.RELEASE.jar:3.0.15.RELEASE]
	at org.thymeleaf.standard.processor.AbstractStandardExpressionAttributeTagProcessor.doProcess(AbstractStandardExpressionAttributeTagProcessor.java:125) ~[thymeleaf-3.0.15.RELEASE.jar:3.0.15.RELEASE]
	at org.thymeleaf.processor.element.AbstractAttributeTagProcessor.doProcess(AbstractAttributeTagProcessor.java:74) ~[thymeleaf-3.0.15.RELEASE.jar:3.0.15.RELEASE]
	at org.thymeleaf.processor.element.AbstractElementTagProcessor.process(AbstractElementTagProcessor.java:95) ~[thymeleaf-3.0.15.RELEASE.jar:3.0.15.RELEASE]
	at org.thymeleaf.util.ProcessorConfigurationUtils$ElementTagProcessorWrapper.process(ProcessorConfigurationUtils.java:633) ~[thymeleaf-3.0.15.RELEASE.jar:3.0.15.RELEASE]
	at org.thymeleaf.engine.ProcessorTemplateHandler.handleOpenElement(ProcessorTemplateHandler.java:1314) ~[thymeleaf-3.0.15.RELEASE.jar:3.0.15.RELEASE]
	at org.thymeleaf.engine.OpenElementTag.beHandled(OpenElementTag.java:205) ~[thymeleaf-3.0.15.RELEASE.jar:3.0.15.RELEASE]
	at org.thymeleaf.engine.Model.process(Model.java:282) ~[thymeleaf-3.0.15.RELEASE.jar:3.0.15.RELEASE]
	at org.thymeleaf.engine.ProcessorTemplateHandler.handleOpenElement(ProcessorTemplateHandler.java:1587) ~[thymeleaf-3.0.15.RELEASE.jar:3.0.15.RELEASE]
	at org.thymeleaf.engine.OpenElementTag.beHandled(OpenElementTag.java:205) ~[thymeleaf-3.0.15.RELEASE.jar:3.0.15.RELEASE]
	at org.thymeleaf.engine.Model.process(Model.java:282) ~[thymeleaf-3.0.15.RELEASE.jar:3.0.15.RELEASE]
	at org.thymeleaf.engine.ProcessorTemplateHandler.handleOpenElement(ProcessorTemplateHandler.java:1587) ~[thymeleaf-3.0.15.RELEASE.jar:3.0.15.RELEASE]
	at org.thymeleaf.engine.OpenElementTag.beHandled(OpenElementTag.java:205) ~[thymeleaf-3.0.15.RELEASE.jar:3.0.15.RELEASE]
	at org.thymeleaf.engine.Model.process(Model.java:282) ~[thymeleaf-3.0.15.RELEASE.jar:3.0.15.RELEASE]
	at org.thymeleaf.engine.Model.process(Model.java:290) ~[thymeleaf-3.0.15.RELEASE.jar:3.0.15.RELEASE]
	at org.thymeleaf.engine.GatheringModelProcessable.process(GatheringModelProcessable.java:78) ~[thymeleaf-3.0.15.RELEASE.jar:3.0.15.RELEASE]
	at org.thymeleaf.engine.ProcessorTemplateHandler.handleCloseElement(ProcessorTemplateHandler.java:1640) ~[thymeleaf-3.0.15.RELEASE.jar:3.0.15.RELEASE]
	at org.thymeleaf.engine.TemplateHandlerAdapterMarkupHandler.handleCloseElementEnd(TemplateHandlerAdapterMarkupHandler.java:388) ~[thymeleaf-3.0.15.RELEASE.jar:3.0.15.RELEASE]
	at org.thymeleaf.templateparser.markup.InlinedOutputExpressionMarkupHandler$InlineMarkupAdapterPreProcessorHandler.handleCloseElementEnd(InlinedOutputExpressionMarkupHandler.java:322) ~[thymeleaf-3.0.15.RELEASE.jar:3.0.15.RELEASE]
	at org.thymeleaf.standard.inline.OutputExpressionInlinePreProcessorHandler.handleCloseElementEnd(OutputExpressionInlinePreProcessorHandler.java:220) ~[thymeleaf-3.0.15.RELEASE.jar:3.0.15.RELEASE]
	at org.thymeleaf.templateparser.markup.InlinedOutputExpressionMarkupHandler.handleCloseElementEnd(InlinedOutputExpressionMarkupHandler.java:164) ~[thymeleaf-3.0.15.RELEASE.jar:3.0.15.RELEASE]
	at org.attoparser.HtmlElement.handleCloseElementEnd(HtmlElement.java:169) ~[attoparser-2.0.5.RELEASE.jar:2.0.5.RELEASE]
	at org.attoparser.HtmlMarkupHandler.handleCloseElementEnd(HtmlMarkupHandler.java:412) ~[attoparser-2.0.5.RELEASE.jar:2.0.5.RELEASE]
	at org.attoparser.MarkupEventProcessorHandler.handleCloseElementEnd(MarkupEventProcessorHandler.java:473) ~[attoparser-2.0.5.RELEASE.jar:2.0.5.RELEASE]
	at org.attoparser.ParsingElementMarkupUtil.parseCloseElement(ParsingElementMarkupUtil.java:201) ~[attoparser-2.0.5.RELEASE.jar:2.0.5.RELEASE]
	at org.attoparser.MarkupParser.parseBuffer(MarkupParser.java:725) ~[attoparser-2.0.5.RELEASE.jar:2.0.5.RELEASE]
	at org.attoparser.MarkupParser.parseDocument(MarkupParser.java:301) ~[attoparser-2.0.5.RELEASE.jar:2.0.5.RELEASE]
	at org.attoparser.MarkupParser.parse(MarkupParser.java:257) ~[attoparser-2.0.5.RELEASE.jar:2.0.5.RELEASE]
	at org.thymeleaf.templateparser.markup.AbstractMarkupTemplateParser.parse(AbstractMarkupTemplateParser.java:230) ~[thymeleaf-3.0.15.RELEASE.jar:3.0.15.RELEASE]
	at org.thymeleaf.templateparser.markup.AbstractMarkupTemplateParser.parseStandalone(AbstractMarkupTemplateParser.java:100) ~[thymeleaf-3.0.15.RELEASE.jar:3.0.15.RELEASE]
	at org.thymeleaf.engine.TemplateManager.parseAndProcess(TemplateManager.java:666) ~[thymeleaf-3.0.15.RELEASE.jar:3.0.15.RELEASE]
	at org.thymeleaf.TemplateEngine.process(TemplateEngine.java:1098) ~[thymeleaf-3.0.15.RELEASE.jar:3.0.15.RELEASE]
	at org.thymeleaf.TemplateEngine.process(TemplateEngine.java:1072) ~[thymeleaf-3.0.15.RELEASE.jar:3.0.15.RELEASE]
	at org.thymeleaf.spring5.view.ThymeleafView.renderFragment(ThymeleafView.java:366) ~[thymeleaf-spring5-3.0.15.RELEASE.jar:3.0.15.RELEASE]
	at org.thymeleaf.spring5.view.ThymeleafView.render(ThymeleafView.java:190) ~[thymeleaf-spring5-3.0.15.RELEASE.jar:3.0.15.RELEASE]
	at org.springframework.web.servlet.DispatcherServlet.render(DispatcherServlet.java:1406) ~[spring-webmvc-5.3.28.jar:5.3.28]
	at org.springframework.web.servlet.DispatcherServlet.processDispatchResult(DispatcherServlet.java:1150) ~[spring-webmvc-5.3.28.jar:5.3.28]
	at org.springframework.web.servlet.DispatcherServlet.doDispatch(DispatcherServlet.java:1089) ~[spring-webmvc-5.3.28.jar:5.3.28]
	at org.springframework.web.servlet.DispatcherServlet.doService(DispatcherServlet.java:965) ~[spring-webmvc-5.3.28.jar:5.3.28]
	at org.springframework.web.servlet.FrameworkServlet.processRequest(FrameworkServlet.java:1006) ~[spring-webmvc-5.3.28.jar:5.3.28]
	at org.springframework.web.servlet.FrameworkServlet.doGet(FrameworkServlet.java:898) ~[spring-webmvc-5.3.28.jar:5.3.28]
	at javax.servlet.http.HttpServlet.service(HttpServlet.java:529) ~[tomcat-embed-core-9.0.76.jar:4.0.FR]
	at org.springframework.web.servlet.FrameworkServlet.service(FrameworkServlet.java:883) ~[spring-webmvc-5.3.28.jar:5.3.28]
	at javax.servlet.http.HttpServlet.service(HttpServlet.java:623) ~[tomcat-embed-core-9.0.76.jar:4.0.FR]
	at org.apache.catalina.core.ApplicationFilterChain.internalDoFilter(ApplicationFilterChain.java:209) ~[tomcat-embed-core-9.0.76.jar:9.0.76]
	at org.apache.catalina.core.ApplicationFilterChain.doFilter(ApplicationFilterChain.java:153) ~[tomcat-embed-core-9.0.76.jar:9.0.76]
	at org.apache.tomcat.websocket.server.WsFilter.doFilter(WsFilter.java:51) ~[tomcat-embed-websocket-9.0.76.jar:9.0.76]
	at org.apache.catalina.core.ApplicationFilterChain.internalDoFilter(ApplicationFilterChain.java:178) ~[tomcat-embed-core-9.0.76.jar:9.0.76]
	at org.apache.catalina.core.ApplicationFilterChain.doFilter(ApplicationFilterChain.java:153) ~[tomcat-embed-core-9.0.76.jar:9.0.76]
	at org.springframework.web.servlet.resource.ResourceUrlEncodingFilter.doFilter(ResourceUrlEncodingFilter.java:67) ~[spring-webmvc-5.3.28.jar:5.3.28]
	at org.apache.catalina.core.ApplicationFilterChain.internalDoFilter(ApplicationFilterChain.java:178) ~[tomcat-embed-core-9.0.76.jar:9.0.76]
	at org.apache.catalina.core.ApplicationFilterChain.doFilter(ApplicationFilterChain.java:153) ~[tomcat-embed-core-9.0.76.jar:9.0.76]
	at org.springframework.web.filter.RequestContextFilter.doFilterInternal(RequestContextFilter.java:100) ~[spring-web-5.3.28.jar:5.3.28]
	at org.springframework.web.filter.OncePerRequestFilter.doFilter(OncePerRequestFilter.java:117) ~[spring-web-5.3.28.jar:5.3.28]
	at org.apache.catalina.core.ApplicationFilterChain.internalDoFilter(ApplicationFilterChain.java:178) ~[tomcat-embed-core-9.0.76.jar:9.0.76]
	at org.apache.catalina.core.ApplicationFilterChain.doFilter(ApplicationFilterChain.java:153) ~[tomcat-embed-core-9.0.76.jar:9.0.76]
	at org.springframework.web.filter.FormContentFilter.doFilterInternal(FormContentFilter.java:93) ~[spring-web-5.3.28.jar:5.3.28]
	at org.springframework.web.filter.OncePerRequestFilter.doFilter(OncePerRequestFilter.java:117) ~[spring-web-5.3.28.jar:5.3.28]
	at org.apache.catalina.core.ApplicationFilterChain.internalDoFilter(ApplicationFilterChain.java:178) ~[tomcat-embed-core-9.0.76.jar:9.0.76]
	at org.apache.catalina.core.ApplicationFilterChain.doFilter(ApplicationFilterChain.java:153) ~[tomcat-embed-core-9.0.76.jar:9.0.76]
	at org.springframework.web.filter.CharacterEncodingFilter.doFilterInternal(CharacterEncodingFilter.java:201) ~[spring-web-5.3.28.jar:5.3.28]
	at org.springframework.web.filter.OncePerRequestFilter.doFilter(OncePerRequestFilter.java:117) ~[spring-web-5.3.28.jar:5.3.28]
	at org.apache.catalina.core.ApplicationFilterChain.internalDoFilter(ApplicationFilterChain.java:178) ~[tomcat-embed-core-9.0.76.jar:9.0.76]
	at org.apache.catalina.core.ApplicationFilterChain.doFilter(ApplicationFilterChain.java:153) ~[tomcat-embed-core-9.0.76.jar:9.0.76]
	at org.apache.catalina.core.StandardWrapperValve.invoke(StandardWrapperValve.java:167) ~[tomcat-embed-core-9.0.76.jar:9.0.76]
	at org.apache.catalina.core.StandardContextValve.invoke(StandardContextValve.java:90) ~[tomcat-embed-core-9.0.76.jar:9.0.76]
	at org.apache.catalina.authenticator.AuthenticatorBase.invoke(AuthenticatorBase.java:481) ~[tomcat-embed-core-9.0.76.jar:9.0.76]
	at org.apache.catalina.core.StandardHostValve.invoke(StandardHostValve.java:130) ~[tomcat-embed-core-9.0.76.jar:9.0.76]
	at org.apache.catalina.valves.ErrorReportValve.invoke(ErrorReportValve.java:93) ~[tomcat-embed-core-9.0.76.jar:9.0.76]
	at org.apache.catalina.core.StandardEngineValve.invoke(StandardEngineValve.java:74) ~[tomcat-embed-core-9.0.76.jar:9.0.76]
	at org.apache.catalina.connector.CoyoteAdapter.service(CoyoteAdapter.java:343) ~[tomcat-embed-core-9.0.76.jar:9.0.76]
	at org.apache.coyote.http11.Http11Processor.service(Http11Processor.java:390) ~[tomcat-embed-core-9.0.76.jar:9.0.76]
	at org.apache.coyote.AbstractProcessorLight.process(AbstractProcessorLight.java:63) ~[tomcat-embed-core-9.0.76.jar:9.0.76]
	at org.apache.coyote.AbstractProtocol$ConnectionHandler.process(AbstractProtocol.java:926) ~[tomcat-embed-core-9.0.76.jar:9.0.76]
	at org.apache.tomcat.util.net.NioEndpoint$SocketProcessor.doRun(NioEndpoint.java:1791) ~[tomcat-embed-core-9.0.76.jar:9.0.76]
	at org.apache.tomcat.util.net.SocketProcessorBase.run(SocketProcessorBase.java:52) ~[tomcat-embed-core-9.0.76.jar:9.0.76]
	at org.apache.tomcat.util.threads.ThreadPoolExecutor.runWorker(ThreadPoolExecutor.java:1191) ~[tomcat-embed-core-9.0.76.jar:9.0.76]
	at org.apache.tomcat.util.threads.ThreadPoolExecutor$Worker.run(ThreadPoolExecutor.java:659) ~[tomcat-embed-core-9.0.76.jar:9.0.76]
	at org.apache.tomcat.util.threads.TaskThread$WrappingRunnable.run(TaskThread.java:61) ~[tomcat-embed-core-9.0.76.jar:9.0.76]
	at java.lang.Thread.run(Thread.java:1583) ~[?:?]
2026-02-16 21:54:35 [ERROR] TemplateEngine:1136 - [THYMELEAF][http-nio-8080-exec-2] Exception processing template "error": An error happened during template parsing (template: "class path resource [templates/error.html]")
org.thymeleaf.exceptions.TemplateInputException: An error happened during template parsing (template: "class path resource [templates/error.html]")
	at org.thymeleaf.templateparser.markup.AbstractMarkupTemplateParser.parse(AbstractMarkupTemplateParser.java:235) ~[thymeleaf-3.0.15.RELEASE.jar:3.0.15.RELEASE]
	at org.thymeleaf.templateparser.markup.AbstractMarkupTemplateParser.parseStandalone(AbstractMarkupTemplateParser.java:100) ~[thymeleaf-3.0.15.RELEASE.jar:3.0.15.RELEASE]
	at org.thymeleaf.engine.TemplateManager.parseAndProcess(TemplateManager.java:666) ~[thymeleaf-3.0.15.RELEASE.jar:3.0.15.RELEASE]
	at org.thymeleaf.TemplateEngine.process(TemplateEngine.java:1098) ~[thymeleaf-3.0.15.RELEASE.jar:3.0.15.RELEASE]
	at org.thymeleaf.TemplateEngine.process(TemplateEngine.java:1072) ~[thymeleaf-3.0.15.RELEASE.jar:3.0.15.RELEASE]
	at org.thymeleaf.spring5.view.ThymeleafView.renderFragment(ThymeleafView.java:366) ~[thymeleaf-spring5-3.0.15.RELEASE.jar:3.0.15.RELEASE]
	at org.thymeleaf.spring5.view.ThymeleafView.render(ThymeleafView.java:190) ~[thymeleaf-spring5-3.0.15.RELEASE.jar:3.0.15.RELEASE]
	at org.springframework.web.servlet.DispatcherServlet.render(DispatcherServlet.java:1406) ~[spring-webmvc-5.3.28.jar:5.3.28]
	at org.springframework.web.servlet.DispatcherServlet.processDispatchResult(DispatcherServlet.java:1150) ~[spring-webmvc-5.3.28.jar:5.3.28]
	at org.springframework.web.servlet.DispatcherServlet.doDispatch(DispatcherServlet.java:1089) ~[spring-webmvc-5.3.28.jar:5.3.28]
	at org.springframework.web.servlet.DispatcherServlet.doService(DispatcherServlet.java:965) ~[spring-webmvc-5.3.28.jar:5.3.28]
	at org.springframework.web.servlet.FrameworkServlet.processRequest(FrameworkServlet.java:1006) ~[spring-webmvc-5.3.28.jar:5.3.28]
	at org.springframework.web.servlet.FrameworkServlet.doGet(FrameworkServlet.java:898) ~[spring-webmvc-5.3.28.jar:5.3.28]
	at javax.servlet.http.HttpServlet.service(HttpServlet.java:529) ~[tomcat-embed-core-9.0.76.jar:4.0.FR]
	at org.springframework.web.servlet.FrameworkServlet.service(FrameworkServlet.java:883) ~[spring-webmvc-5.3.28.jar:5.3.28]
	at javax.servlet.http.HttpServlet.service(HttpServlet.java:623) ~[tomcat-embed-core-9.0.76.jar:4.0.FR]
	at org.apache.catalina.core.ApplicationFilterChain.internalDoFilter(ApplicationFilterChain.java:209) ~[tomcat-embed-core-9.0.76.jar:9.0.76]
	at org.apache.catalina.core.ApplicationFilterChain.doFilter(ApplicationFilterChain.java:153) ~[tomcat-embed-core-9.0.76.jar:9.0.76]
	at org.springframework.web.filter.RequestContextFilter.doFilterInternal(RequestContextFilter.java:100) ~[spring-web-5.3.28.jar:5.3.28]
	at org.springframework.web.filter.OncePerRequestFilter.doFilter(OncePerRequestFilter.java:117) ~[spring-web-5.3.28.jar:5.3.28]
	at org.apache.catalina.core.ApplicationFilterChain.internalDoFilter(ApplicationFilterChain.java:178) ~[tomcat-embed-core-9.0.76.jar:9.0.76]
	at org.apache.catalina.core.ApplicationFilterChain.doFilter(ApplicationFilterChain.java:153) ~[tomcat-embed-core-9.0.76.jar:9.0.76]
	at org.springframework.web.filter.OncePerRequestFilter.doFilter(OncePerRequestFilter.java:102) ~[spring-web-5.3.28.jar:5.3.28]
	at org.apache.catalina.core.ApplicationFilterChain.internalDoFilter(ApplicationFilterChain.java:178) ~[tomcat-embed-core-9.0.76.jar:9.0.76]
	at org.apache.catalina.core.ApplicationFilterChain.doFilter(ApplicationFilterChain.java:153) ~[tomcat-embed-core-9.0.76.jar:9.0.76]
	at org.springframework.web.filter.OncePerRequestFilter.doFilter(OncePerRequestFilter.java:102) ~[spring-web-5.3.28.jar:5.3.28]
	at org.apache.catalina.core.ApplicationFilterChain.internalDoFilter(ApplicationFilterChain.java:178) ~[tomcat-embed-core-9.0.76.jar:9.0.76]
	at org.apache.catalina.core.ApplicationFilterChain.doFilter(ApplicationFilterChain.java:153) ~[tomcat-embed-core-9.0.76.jar:9.0.76]
	at org.apache.catalina.core.ApplicationDispatcher.invoke(ApplicationDispatcher.java:661) ~[tomcat-embed-core-9.0.76.jar:9.0.76]
	at org.apache.catalina.core.ApplicationDispatcher.doInclude(ApplicationDispatcher.java:537) ~[tomcat-embed-core-9.0.76.jar:9.0.76]
	at org.apache.catalina.core.ApplicationDispatcher.include(ApplicationDispatcher.java:480) ~[tomcat-embed-core-9.0.76.jar:9.0.76]
	at org.apache.catalina.core.StandardHostValve.custom(StandardHostValve.java:354) ~[tomcat-embed-core-9.0.76.jar:9.0.76]
	at org.apache.catalina.core.StandardHostValve.status(StandardHostValve.java:237) ~[tomcat-embed-core-9.0.76.jar:9.0.76]
	at org.apache.catalina.core.StandardHostValve.throwable(StandardHostValve.java:319) ~[tomcat-embed-core-9.0.76.jar:9.0.76]
	at org.apache.catalina.core.StandardHostValve.invoke(StandardHostValve.java:164) ~[tomcat-embed-core-9.0.76.jar:9.0.76]
	at org.apache.catalina.valves.ErrorReportValve.invoke(ErrorReportValve.java:93) ~[tomcat-embed-core-9.0.76.jar:9.0.76]
	at org.apache.catalina.core.StandardEngineValve.invoke(StandardEngineValve.java:74) ~[tomcat-embed-core-9.0.76.jar:9.0.76]
	at org.apache.catalina.connector.CoyoteAdapter.service(CoyoteAdapter.java:343) ~[tomcat-embed-core-9.0.76.jar:9.0.76]
	at org.apache.coyote.http11.Http11Processor.service(Http11Processor.java:390) ~[tomcat-embed-core-9.0.76.jar:9.0.76]
	at org.apache.coyote.AbstractProcessorLight.process(AbstractProcessorLight.java:63) ~[tomcat-embed-core-9.0.76.jar:9.0.76]
	at org.apache.coyote.AbstractProtocol$ConnectionHandler.process(AbstractProtocol.java:926) ~[tomcat-embed-core-9.0.76.jar:9.0.76]
	at org.apache.tomcat.util.net.NioEndpoint$SocketProcessor.doRun(NioEndpoint.java:1791) ~[tomcat-embed-core-9.0.76.jar:9.0.76]
	at org.apache.tomcat.util.net.SocketProcessorBase.run(SocketProcessorBase.java:52) ~[tomcat-embed-core-9.0.76.jar:9.0.76]
	at org.apache.tomcat.util.threads.ThreadPoolExecutor.runWorker(ThreadPoolExecutor.java:1191) ~[tomcat-embed-core-9.0.76.jar:9.0.76]
	at org.apache.tomcat.util.threads.ThreadPoolExecutor$Worker.run(ThreadPoolExecutor.java:659) ~[tomcat-embed-core-9.0.76.jar:9.0.76]
	at org.apache.tomcat.util.threads.TaskThread$WrappingRunnable.run(TaskThread.java:61) ~[tomcat-embed-core-9.0.76.jar:9.0.76]
	at java.lang.Thread.run(Thread.java:1583) ~[?:?]
Caused by: java.io.FileNotFoundException: class path resource [templates/error.html] cannot be opened because it does not exist
	at org.springframework.core.io.ClassPathResource.getInputStream(ClassPathResource.java:199) ~[spring-core-5.3.28.jar:5.3.28]
	at org.thymeleaf.spring5.templateresource.SpringResourceTemplateResource.reader(SpringResourceTemplateResource.java:103) ~[thymeleaf-spring5-3.0.15.RELEASE.jar:3.0.15.RELEASE]
	at org.thymeleaf.templateparser.markup.AbstractMarkupTemplateParser.parse(AbstractMarkupTemplateParser.java:223) ~[thymeleaf-3.0.15.RELEASE.jar:3.0.15.RELEASE]
	... 46 more
2026-02-16 21:54:35 [ERROR] [dispatcherServlet]:175 - Servlet.service() for servlet [dispatcherServlet] threw exception
java.io.FileNotFoundException: class path resource [templates/error.html] cannot be opened because it does not exist
	at org.springframework.core.io.ClassPathResource.getInputStream(ClassPathResource.java:199) ~[spring-core-5.3.28.jar:5.3.28]
	at org.thymeleaf.spring5.templateresource.SpringResourceTemplateResource.reader(SpringResourceTemplateResource.java:103) ~[thymeleaf-spring5-3.0.15.RELEASE.jar:3.0.15.RELEASE]
	at org.thymeleaf.templateparser.markup.AbstractMarkupTemplateParser.parse(AbstractMarkupTemplateParser.java:223) ~[thymeleaf-3.0.15.RELEASE.jar:3.0.15.RELEASE]
	at org.thymeleaf.templateparser.markup.AbstractMarkupTemplateParser.parseStandalone(AbstractMarkupTemplateParser.java:100) ~[thymeleaf-3.0.15.RELEASE.jar:3.0.15.RELEASE]
	at org.thymeleaf.engine.TemplateManager.parseAndProcess(TemplateManager.java:666) ~[thymeleaf-3.0.15.RELEASE.jar:3.0.15.RELEASE]
	at org.thymeleaf.TemplateEngine.process(TemplateEngine.java:1098) ~[thymeleaf-3.0.15.RELEASE.jar:3.0.15.RELEASE]
	at org.thymeleaf.TemplateEngine.process(TemplateEngine.java:1072) ~[thymeleaf-3.0.15.RELEASE.jar:3.0.15.RELEASE]
	at org.thymeleaf.spring5.view.ThymeleafView.renderFragment(ThymeleafView.java:366) ~[thymeleaf-spring5-3.0.15.RELEASE.jar:3.0.15.RELEASE]
	at org.thymeleaf.spring5.view.ThymeleafView.render(ThymeleafView.java:190) ~[thymeleaf-spring5-3.0.15.RELEASE.jar:3.0.15.RELEASE]
	at org.springframework.web.servlet.DispatcherServlet.render(DispatcherServlet.java:1406) ~[spring-webmvc-5.3.28.jar:5.3.28]
	at org.springframework.web.servlet.DispatcherServlet.processDispatchResult(DispatcherServlet.java:1150) ~[spring-webmvc-5.3.28.jar:5.3.28]
	at org.springframework.web.servlet.DispatcherServlet.doDispatch(DispatcherServlet.java:1089) ~[spring-webmvc-5.3.28.jar:5.3.28]
	at org.springframework.web.servlet.DispatcherServlet.doService(DispatcherServlet.java:965) ~[spring-webmvc-5.3.28.jar:5.3.28]
	at org.springframework.web.servlet.FrameworkServlet.processRequest(FrameworkServlet.java:1006) ~[spring-webmvc-5.3.28.jar:5.3.28]
	at org.springframework.web.servlet.FrameworkServlet.doGet(FrameworkServlet.java:898) ~[spring-webmvc-5.3.28.jar:5.3.28]
	at javax.servlet.http.HttpServlet.service(HttpServlet.java:529) ~[tomcat-embed-core-9.0.76.jar:4.0.FR]
	at org.springframework.web.servlet.FrameworkServlet.service(FrameworkServlet.java:883) ~[spring-webmvc-5.3.28.jar:5.3.28]
	at javax.servlet.http.HttpServlet.service(HttpServlet.java:623) ~[tomcat-embed-core-9.0.76.jar:4.0.FR]
	at org.apache.catalina.core.ApplicationFilterChain.internalDoFilter(ApplicationFilterChain.java:209) ~[tomcat-embed-core-9.0.76.jar:9.0.76]
	at org.apache.catalina.core.ApplicationFilterChain.doFilter(ApplicationFilterChain.java:153) ~[tomcat-embed-core-9.0.76.jar:9.0.76]
	at org.springframework.web.filter.RequestContextFilter.doFilterInternal(RequestContextFilter.java:100) ~[spring-web-5.3.28.jar:5.3.28]
	at org.springframework.web.filter.OncePerRequestFilter.doFilter(OncePerRequestFilter.java:117) ~[spring-web-5.3.28.jar:5.3.28]
	at org.apache.catalina.core.ApplicationFilterChain.internalDoFilter(ApplicationFilterChain.java:178) ~[tomcat-embed-core-9.0.76.jar:9.0.76]
	at org.apache.catalina.core.ApplicationFilterChain.doFilter(ApplicationFilterChain.java:153) ~[tomcat-embed-core-9.0.76.jar:9.0.76]
	at org.springframework.web.filter.OncePerRequestFilter.doFilter(OncePerRequestFilter.java:102) ~[spring-web-5.3.28.jar:5.3.28]
	at org.apache.catalina.core.ApplicationFilterChain.internalDoFilter(ApplicationFilterChain.java:178) ~[tomcat-embed-core-9.0.76.jar:9.0.76]
	at org.apache.catalina.core.ApplicationFilterChain.doFilter(ApplicationFilterChain.java:153) ~[tomcat-embed-core-9.0.76.jar:9.0.76]
	at org.springframework.web.filter.OncePerRequestFilter.doFilter(OncePerRequestFilter.java:102) ~[spring-web-5.3.28.jar:5.3.28]
	at org.apache.catalina.core.ApplicationFilterChain.internalDoFilter(ApplicationFilterChain.java:178) ~[tomcat-embed-core-9.0.76.jar:9.0.76]
	at org.apache.catalina.core.ApplicationFilterChain.doFilter(ApplicationFilterChain.java:153) ~[tomcat-embed-core-9.0.76.jar:9.0.76]
	at org.apache.catalina.core.ApplicationDispatcher.invoke(ApplicationDispatcher.java:661) ~[tomcat-embed-core-9.0.76.jar:9.0.76]
	at org.apache.catalina.core.ApplicationDispatcher.doInclude(ApplicationDispatcher.java:537) ~[tomcat-embed-core-9.0.76.jar:9.0.76]
	at org.apache.catalina.core.ApplicationDispatcher.include(ApplicationDispatcher.java:480) ~[tomcat-embed-core-9.0.76.jar:9.0.76]
	at org.apache.catalina.core.StandardHostValve.custom(StandardHostValve.java:354) ~[tomcat-embed-core-9.0.76.jar:9.0.76]
	at org.apache.catalina.core.StandardHostValve.status(StandardHostValve.java:237) ~[tomcat-embed-core-9.0.76.jar:9.0.76]
	at org.apache.catalina.core.StandardHostValve.throwable(StandardHostValve.java:319) ~[tomcat-embed-core-9.0.76.jar:9.0.76]
	at org.apache.catalina.core.StandardHostValve.invoke(StandardHostValve.java:164) ~[tomcat-embed-core-9.0.76.jar:9.0.76]
	at org.apache.catalina.valves.ErrorReportValve.invoke(ErrorReportValve.java:93) ~[tomcat-embed-core-9.0.76.jar:9.0.76]
	at org.apache.catalina.core.StandardEngineValve.invoke(StandardEngineValve.java:74) ~[tomcat-embed-core-9.0.76.jar:9.0.76]
	at org.apache.catalina.connector.CoyoteAdapter.service(CoyoteAdapter.java:343) ~[tomcat-embed-core-9.0.76.jar:9.0.76]
	at org.apache.coyote.http11.Http11Processor.service(Http11Processor.java:390) ~[tomcat-embed-core-9.0.76.jar:9.0.76]
	at org.apache.coyote.AbstractProcessorLight.process(AbstractProcessorLight.java:63) ~[tomcat-embed-core-9.0.76.jar:9.0.76]
	at org.apache.coyote.AbstractProtocol$ConnectionHandler.process(AbstractProtocol.java:926) ~[tomcat-embed-core-9.0.76.jar:9.0.76]
	at org.apache.tomcat.util.net.NioEndpoint$SocketProcessor.doRun(NioEndpoint.java:1791) ~[tomcat-embed-core-9.0.76.jar:9.0.76]
	at org.apache.tomcat.util.net.SocketProcessorBase.run(SocketProcessorBase.java:52) ~[tomcat-embed-core-9.0.76.jar:9.0.76]
	at org.apache.tomcat.util.threads.ThreadPoolExecutor.runWorker(ThreadPoolExecutor.java:1191) ~[tomcat-embed-core-9.0.76.jar:9.0.76]
	at org.apache.tomcat.util.threads.ThreadPoolExecutor$Worker.run(ThreadPoolExecutor.java:659) ~[tomcat-embed-core-9.0.76.jar:9.0.76]
	at org.apache.tomcat.util.threads.TaskThread$WrappingRunnable.run(TaskThread.java:61) ~[tomcat-embed-core-9.0.76.jar:9.0.76]
	at java.lang.Thread.run(Thread.java:1583) ~[?:?]
2026-02-16 21:54:35 [ERROR] [localhost]:175 - Exception Processing ErrorPage[errorCode=0, location=/error]
org.springframework.web.util.NestedServletException: Request processing failed; nested exception is org.thymeleaf.exceptions.TemplateInputException: An error happened during template parsing (template: "class path resource [templates/error.html]")
	at org.springframework.web.servlet.FrameworkServlet.processRequest(FrameworkServlet.java:1014) ~[spring-webmvc-5.3.28.jar:5.3.28]
	at org.springframework.web.servlet.FrameworkServlet.doGet(FrameworkServlet.java:898) ~[spring-webmvc-5.3.28.jar:5.3.28]
	at javax.servlet.http.HttpServlet.service(HttpServlet.java:529) ~[tomcat-embed-core-9.0.76.jar:4.0.FR]
	at org.springframework.web.servlet.FrameworkServlet.service(FrameworkServlet.java:883) ~[spring-webmvc-5.3.28.jar:5.3.28]
	at javax.servlet.http.HttpServlet.service(HttpServlet.java:623) ~[tomcat-embed-core-9.0.76.jar:4.0.FR]
	at org.apache.catalina.core.ApplicationFilterChain.internalDoFilter(ApplicationFilterChain.java:209) ~[tomcat-embed-core-9.0.76.jar:9.0.76]
	at org.apache.catalina.core.ApplicationFilterChain.doFilter(ApplicationFilterChain.java:153) ~[tomcat-embed-core-9.0.76.jar:9.0.76]
	at org.springframework.web.filter.RequestContextFilter.doFilterInternal(RequestContextFilter.java:100) ~[spring-web-5.3.28.jar:5.3.28]
	at org.springframework.web.filter.OncePerRequestFilter.doFilter(OncePerRequestFilter.java:117) ~[spring-web-5.3.28.jar:5.3.28]
	at org.apache.catalina.core.ApplicationFilterChain.internalDoFilter(ApplicationFilterChain.java:178) ~[tomcat-embed-core-9.0.76.jar:9.0.76]
	at org.apache.catalina.core.ApplicationFilterChain.doFilter(ApplicationFilterChain.java:153) ~[tomcat-embed-core-9.0.76.jar:9.0.76]
	at org.springframework.web.filter.OncePerRequestFilter.doFilter(OncePerRequestFilter.java:102) ~[spring-web-5.3.28.jar:5.3.28]
	at org.apache.catalina.core.ApplicationFilterChain.internalDoFilter(ApplicationFilterChain.java:178) ~[tomcat-embed-core-9.0.76.jar:9.0.76]
	at org.apache.catalina.core.ApplicationFilterChain.doFilter(ApplicationFilterChain.java:153) ~[tomcat-embed-core-9.0.76.jar:9.0.76]
	at org.springframework.web.filter.OncePerRequestFilter.doFilter(OncePerRequestFilter.java:102) ~[spring-web-5.3.28.jar:5.3.28]
	at org.apache.catalina.core.ApplicationFilterChain.internalDoFilter(ApplicationFilterChain.java:178) ~[tomcat-embed-core-9.0.76.jar:9.0.76]
	at org.apache.catalina.core.ApplicationFilterChain.doFilter(ApplicationFilterChain.java:153) ~[tomcat-embed-core-9.0.76.jar:9.0.76]
	at org.apache.catalina.core.ApplicationDispatcher.invoke(ApplicationDispatcher.java:661) ~[tomcat-embed-core-9.0.76.jar:9.0.76]
	at org.apache.catalina.core.ApplicationDispatcher.doInclude(ApplicationDispatcher.java:537) ~[tomcat-embed-core-9.0.76.jar:9.0.76]
	at org.apache.catalina.core.ApplicationDispatcher.include(ApplicationDispatcher.java:480) ~[tomcat-embed-core-9.0.76.jar:9.0.76]
	at org.apache.catalina.core.StandardHostValve.custom(StandardHostValve.java:354) ~[tomcat-embed-core-9.0.76.jar:9.0.76]
	at org.apache.catalina.core.StandardHostValve.status(StandardHostValve.java:237) ~[tomcat-embed-core-9.0.76.jar:9.0.76]
	at org.apache.catalina.core.StandardHostValve.throwable(StandardHostValve.java:319) ~[tomcat-embed-core-9.0.76.jar:9.0.76]
	at org.apache.catalina.core.StandardHostValve.invoke(StandardHostValve.java:164) ~[tomcat-embed-core-9.0.76.jar:9.0.76]
	at org.apache.catalina.valves.ErrorReportValve.invoke(ErrorReportValve.java:93) ~[tomcat-embed-core-9.0.76.jar:9.0.76]
	at org.apache.catalina.core.StandardEngineValve.invoke(StandardEngineValve.java:74) ~[tomcat-embed-core-9.0.76.jar:9.0.76]
	at org.apache.catalina.connector.CoyoteAdapter.service(CoyoteAdapter.java:343) ~[tomcat-embed-core-9.0.76.jar:9.0.76]
	at org.apache.coyote.http11.Http11Processor.service(Http11Processor.java:390) ~[tomcat-embed-core-9.0.76.jar:9.0.76]
	at org.apache.coyote.AbstractProcessorLight.process(AbstractProcessorLight.java:63) ~[tomcat-embed-core-9.0.76.jar:9.0.76]
	at org.apache.coyote.AbstractProtocol$ConnectionHandler.process(AbstractProtocol.java:926) ~[tomcat-embed-core-9.0.76.jar:9.0.76]
	at org.apache.tomcat.util.net.NioEndpoint$SocketProcessor.doRun(NioEndpoint.java:1791) ~[tomcat-embed-core-9.0.76.jar:9.0.76]
	at org.apache.tomcat.util.net.SocketProcessorBase.run(SocketProcessorBase.java:52) ~[tomcat-embed-core-9.0.76.jar:9.0.76]
	at org.apache.tomcat.util.threads.ThreadPoolExecutor.runWorker(ThreadPoolExecutor.java:1191) ~[tomcat-embed-core-9.0.76.jar:9.0.76]
	at org.apache.tomcat.util.threads.ThreadPoolExecutor$Worker.run(ThreadPoolExecutor.java:659) ~[tomcat-embed-core-9.0.76.jar:9.0.76]
	at org.apache.tomcat.util.threads.TaskThread$WrappingRunnable.run(TaskThread.java:61) ~[tomcat-embed-core-9.0.76.jar:9.0.76]
	at java.lang.Thread.run(Thread.java:1583) ~[?:?]
Caused by: org.thymeleaf.exceptions.TemplateInputException: An error happened during template parsing (template: "class path resource [templates/error.html]")
	at org.thymeleaf.templateparser.markup.AbstractMarkupTemplateParser.parse(AbstractMarkupTemplateParser.java:235) ~[thymeleaf-3.0.15.RELEASE.jar:3.0.15.RELEASE]
	at org.thymeleaf.templateparser.markup.AbstractMarkupTemplateParser.parseStandalone(AbstractMarkupTemplateParser.java:100) ~[thymeleaf-3.0.15.RELEASE.jar:3.0.15.RELEASE]
	at org.thymeleaf.engine.TemplateManager.parseAndProcess(TemplateManager.java:666) ~[thymeleaf-3.0.15.RELEASE.jar:3.0.15.RELEASE]
	at org.thymeleaf.TemplateEngine.process(TemplateEngine.java:1098) ~[thymeleaf-3.0.15.RELEASE.jar:3.0.15.RELEASE]
	at org.thymeleaf.TemplateEngine.process(TemplateEngine.java:1072) ~[thymeleaf-3.0.15.RELEASE.jar:3.0.15.RELEASE]
	at org.thymeleaf.spring5.view.ThymeleafView.renderFragment(ThymeleafView.java:366) ~[thymeleaf-spring5-3.0.15.RELEASE.jar:3.0.15.RELEASE]
	at org.thymeleaf.spring5.view.ThymeleafView.render(ThymeleafView.java:190) ~[thymeleaf-spring5-3.0.15.RELEASE.jar:3.0.15.RELEASE]
	at org.springframework.web.servlet.DispatcherServlet.render(DispatcherServlet.java:1406) ~[spring-webmvc-5.3.28.jar:5.3.28]
	at org.springframework.web.servlet.DispatcherServlet.processDispatchResult(DispatcherServlet.java:1150) ~[spring-webmvc-5.3.28.jar:5.3.28]
	at org.springframework.web.servlet.DispatcherServlet.doDispatch(DispatcherServlet.java:1089) ~[spring-webmvc-5.3.28.jar:5.3.28]
	at org.springframework.web.servlet.DispatcherServlet.doService(DispatcherServlet.java:965) ~[spring-webmvc-5.3.28.jar:5.3.28]
	at org.springframework.web.servlet.FrameworkServlet.processRequest(FrameworkServlet.java:1006) ~[spring-webmvc-5.3.28.jar:5.3.28]
	... 35 more
Caused by: java.io.FileNotFoundException: class path resource [templates/error.html] cannot be opened because it does not exist
	at org.springframework.core.io.ClassPathResource.getInputStream(ClassPathResource.java:199) ~[spring-core-5.3.28.jar:5.3.28]
	at org.thymeleaf.spring5.templateresource.SpringResourceTemplateResource.reader(SpringResourceTemplateResource.java:103) ~[thymeleaf-spring5-3.0.15.RELEASE.jar:3.0.15.RELEASE]
	at org.thymeleaf.templateparser.markup.AbstractMarkupTemplateParser.parse(AbstractMarkupTemplateParser.java:223) ~[thymeleaf-3.0.15.RELEASE.jar:3.0.15.RELEASE]
	at org.thymeleaf.templateparser.markup.AbstractMarkupTemplateParser.parseStandalone(AbstractMarkupTemplateParser.java:100) ~[thymeleaf-3.0.15.RELEASE.jar:3.0.15.RELEASE]
	at org.thymeleaf.engine.TemplateManager.parseAndProcess(TemplateManager.java:666) ~[thymeleaf-3.0.15.RELEASE.jar:3.0.15.RELEASE]
	at org.thymeleaf.TemplateEngine.process(TemplateEngine.java:1098) ~[thymeleaf-3.0.15.RELEASE.jar:3.0.15.RELEASE]
	at org.thymeleaf.TemplateEngine.process(TemplateEngine.java:1072) ~[thymeleaf-3.0.15.RELEASE.jar:3.0.15.RELEASE]
	at org.thymeleaf.spring5.view.ThymeleafView.renderFragment(ThymeleafView.java:366) ~[thymeleaf-spring5-3.0.15.RELEASE.jar:3.0.15.RELEASE]
	at org.thymeleaf.spring5.view.ThymeleafView.render(ThymeleafView.java:190) ~[thymeleaf-spring5-3.0.15.RELEASE.jar:3.0.15.RELEASE]
	at org.springframework.web.servlet.DispatcherServlet.render(DispatcherServlet.java:1406) ~[spring-webmvc-5.3.28.jar:5.3.28]
	at org.springframework.web.servlet.DispatcherServlet.processDispatchResult(DispatcherServlet.java:1150) ~[spring-webmvc-5.3.28.jar:5.3.28]
	at org.springframework.web.servlet.DispatcherServlet.doDispatch(DispatcherServlet.java:1089) ~[spring-webmvc-5.3.28.jar:5.3.28]
	at org.springframework.web.servlet.DispatcherServlet.doService(DispatcherServlet.java:965) ~[spring-webmvc-5.3.28.jar:5.3.28]
	at org.springframework.web.servlet.FrameworkServlet.processRequest(FrameworkServlet.java:1006) ~[spring-webmvc-5.3.28.jar:5.3.28]
	... 35 more
2026-02-16 21:54:39 [DEBUG] SQL:144 - 
    select
        user0_.user_id as user_id1_5_0_,
        user0_.created_at as created_2_5_0_,
        user0_.email as email3_5_0_,
        user0_.full_name as full_nam4_5_0_,
        user0_.is_enabled as is_enabl5_5_0_,
        user0_.last_login as last_log6_5_0_,
        user0_.mobile_number as mobile_n7_5_0_,
        user0_.password as password8_5_0_,
        user0_.profile_photo as profile_9_5_0_,
        user0_.profile_photo_content_type as profile10_5_0_,
        user0_.role as role11_5_0_,
        user0_.session_id as session12_5_0_,
        user0_.updated_at as updated13_5_0_,
        user0_.username as usernam14_5_0_ 
    from
        users user0_ 
    where
        user0_.user_id=?
2026-02-16 21:54:39 [TRACE] BasicBinder:64 - binding parameter [1] as [BIGINT] - [5]
2026-02-16 21:54:39 [DEBUG] SQL:144 - 
    select
        userprofil0_.profile_id as profile_1_4_0_,
        userprofil0_.address as address2_4_0_,
        userprofil0_.city as city3_4_0_,
        userprofil0_.date_of_birth as date_of_4_4_0_,
        userprofil0_.gender as gender5_4_0_,
        userprofil0_.occupation as occupati6_4_0_,
        userprofil0_.pincode as pincode7_4_0_,
        userprofil0_.state as state8_4_0_,
        userprofil0_.user_id as user_id9_4_0_ 
    from
        user_profiles userprofil0_ 
    where
        userprofil0_.user_id=?
2026-02-16 21:54:39 [TRACE] BasicBinder:64 - binding parameter [1] as [BIGINT] - [5]
2026-02-16 21:54:39 [DEBUG] SQL:144 - 
    select
        ticket0_.ticket_id as ticket_i1_1_,
        ticket0_.booking_date as booking_2_1_,
        ticket0_.booking_status as booking_3_1_,
        ticket0_.cancellation_date as cancella4_1_,
        ticket0_.class_type as class_ty5_1_,
        ticket0_.destination_station as destinat6_1_,
        ticket0_.journey_date as journey_7_1_,
        ticket0_.number_of_seats as number_o8_1_,
        ticket0_.passenger_age as passenge9_1_,
        ticket0_.passenger_gender as passeng10_1_,
        ticket0_.passenger_name as passeng11_1_,
        ticket0_.payment_id as payment12_1_,
        ticket0_.payment_status as payment13_1_,
        ticket0_.refund_amount as refund_14_1_,
        ticket0_.source_station as source_15_1_,
        ticket0_.ticket_status as ticket_16_1_,
        ticket0_.total_fare as total_f17_1_,
        ticket0_.train_no as train_n18_1_,
        ticket0_.user_id as user_id19_1_ 
    from
        tickets ticket0_ 
    where
        ticket0_.user_id=? 
    order by
        ticket0_.booking_date desc
2026-02-16 21:54:39 [TRACE] BasicBinder:64 - binding parameter [1] as [BIGINT] - [5]
2026-02-16 21:54:40 [ERROR] TemplateEngine:1136 - [THYMELEAF][http-nio-8080-exec-3] Exception processing template "user/my-bookings": An error happened during template parsing (template: "class path resource [templates/user/my-bookings.html]")
org.thymeleaf.exceptions.TemplateInputException: An error happened during template parsing (template: "class path resource [templates/user/my-bookings.html]")
	at org.thymeleaf.templateparser.markup.AbstractMarkupTemplateParser.parse(AbstractMarkupTemplateParser.java:241) ~[thymeleaf-3.0.15.RELEASE.jar:3.0.15.RELEASE]
	at org.thymeleaf.templateparser.markup.AbstractMarkupTemplateParser.parseStandalone(AbstractMarkupTemplateParser.java:100) ~[thymeleaf-3.0.15.RELEASE.jar:3.0.15.RELEASE]
	at org.thymeleaf.engine.TemplateManager.parseAndProcess(TemplateManager.java:666) ~[thymeleaf-3.0.15.RELEASE.jar:3.0.15.RELEASE]
	at org.thymeleaf.TemplateEngine.process(TemplateEngine.java:1098) ~[thymeleaf-3.0.15.RELEASE.jar:3.0.15.RELEASE]
	at org.thymeleaf.TemplateEngine.process(TemplateEngine.java:1072) ~[thymeleaf-3.0.15.RELEASE.jar:3.0.15.RELEASE]
	at org.thymeleaf.spring5.view.ThymeleafView.renderFragment(ThymeleafView.java:366) ~[thymeleaf-spring5-3.0.15.RELEASE.jar:3.0.15.RELEASE]
	at org.thymeleaf.spring5.view.ThymeleafView.render(ThymeleafView.java:190) ~[thymeleaf-spring5-3.0.15.RELEASE.jar:3.0.15.RELEASE]
	at org.springframework.web.servlet.DispatcherServlet.render(DispatcherServlet.java:1406) ~[spring-webmvc-5.3.28.jar:5.3.28]
	at org.springframework.web.servlet.DispatcherServlet.processDispatchResult(DispatcherServlet.java:1150) ~[spring-webmvc-5.3.28.jar:5.3.28]
	at org.springframework.web.servlet.DispatcherServlet.doDispatch(DispatcherServlet.java:1089) ~[spring-webmvc-5.3.28.jar:5.3.28]
	at org.springframework.web.servlet.DispatcherServlet.doService(DispatcherServlet.java:965) ~[spring-webmvc-5.3.28.jar:5.3.28]
	at org.springframework.web.servlet.FrameworkServlet.processRequest(FrameworkServlet.java:1006) ~[spring-webmvc-5.3.28.jar:5.3.28]
	at org.springframework.web.servlet.FrameworkServlet.doGet(FrameworkServlet.java:898) ~[spring-webmvc-5.3.28.jar:5.3.28]
	at javax.servlet.http.HttpServlet.service(HttpServlet.java:529) ~[tomcat-embed-core-9.0.76.jar:4.0.FR]
	at org.springframework.web.servlet.FrameworkServlet.service(FrameworkServlet.java:883) ~[spring-webmvc-5.3.28.jar:5.3.28]
	at javax.servlet.http.HttpServlet.service(HttpServlet.java:623) ~[tomcat-embed-core-9.0.76.jar:4.0.FR]
	at org.apache.catalina.core.ApplicationFilterChain.internalDoFilter(ApplicationFilterChain.java:209) ~[tomcat-embed-core-9.0.76.jar:9.0.76]
	at org.apache.catalina.core.ApplicationFilterChain.doFilter(ApplicationFilterChain.java:153) ~[tomcat-embed-core-9.0.76.jar:9.0.76]
	at org.apache.tomcat.websocket.server.WsFilter.doFilter(WsFilter.java:51) ~[tomcat-embed-websocket-9.0.76.jar:9.0.76]
	at org.apache.catalina.core.ApplicationFilterChain.internalDoFilter(ApplicationFilterChain.java:178) ~[tomcat-embed-core-9.0.76.jar:9.0.76]
	at org.apache.catalina.core.ApplicationFilterChain.doFilter(ApplicationFilterChain.java:153) ~[tomcat-embed-core-9.0.76.jar:9.0.76]
	at org.springframework.web.servlet.resource.ResourceUrlEncodingFilter.doFilter(ResourceUrlEncodingFilter.java:67) ~[spring-webmvc-5.3.28.jar:5.3.28]
	at org.apache.catalina.core.ApplicationFilterChain.internalDoFilter(ApplicationFilterChain.java:178) ~[tomcat-embed-core-9.0.76.jar:9.0.76]
	at org.apache.catalina.core.ApplicationFilterChain.doFilter(ApplicationFilterChain.java:153) ~[tomcat-embed-core-9.0.76.jar:9.0.76]
	at org.springframework.web.filter.RequestContextFilter.doFilterInternal(RequestContextFilter.java:100) ~[spring-web-5.3.28.jar:5.3.28]
	at org.springframework.web.filter.OncePerRequestFilter.doFilter(OncePerRequestFilter.java:117) ~[spring-web-5.3.28.jar:5.3.28]
	at org.apache.catalina.core.ApplicationFilterChain.internalDoFilter(ApplicationFilterChain.java:178) ~[tomcat-embed-core-9.0.76.jar:9.0.76]
	at org.apache.catalina.core.ApplicationFilterChain.doFilter(ApplicationFilterChain.java:153) ~[tomcat-embed-core-9.0.76.jar:9.0.76]
	at org.springframework.web.filter.FormContentFilter.doFilterInternal(FormContentFilter.java:93) ~[spring-web-5.3.28.jar:5.3.28]
	at org.springframework.web.filter.OncePerRequestFilter.doFilter(OncePerRequestFilter.java:117) ~[spring-web-5.3.28.jar:5.3.28]
	at org.apache.catalina.core.ApplicationFilterChain.internalDoFilter(ApplicationFilterChain.java:178) ~[tomcat-embed-core-9.0.76.jar:9.0.76]
	at org.apache.catalina.core.ApplicationFilterChain.doFilter(ApplicationFilterChain.java:153) ~[tomcat-embed-core-9.0.76.jar:9.0.76]
	at org.springframework.web.filter.CharacterEncodingFilter.doFilterInternal(CharacterEncodingFilter.java:201) ~[spring-web-5.3.28.jar:5.3.28]
	at org.springframework.web.filter.OncePerRequestFilter.doFilter(OncePerRequestFilter.java:117) ~[spring-web-5.3.28.jar:5.3.28]
	at org.apache.catalina.core.ApplicationFilterChain.internalDoFilter(ApplicationFilterChain.java:178) ~[tomcat-embed-core-9.0.76.jar:9.0.76]
	at org.apache.catalina.core.ApplicationFilterChain.doFilter(ApplicationFilterChain.java:153) ~[tomcat-embed-core-9.0.76.jar:9.0.76]
	at org.apache.catalina.core.StandardWrapperValve.invoke(StandardWrapperValve.java:167) ~[tomcat-embed-core-9.0.76.jar:9.0.76]
	at org.apache.catalina.core.StandardContextValve.invoke(StandardContextValve.java:90) ~[tomcat-embed-core-9.0.76.jar:9.0.76]
	at org.apache.catalina.authenticator.AuthenticatorBase.invoke(AuthenticatorBase.java:481) ~[tomcat-embed-core-9.0.76.jar:9.0.76]
	at org.apache.catalina.core.StandardHostValve.invoke(StandardHostValve.java:130) ~[tomcat-embed-core-9.0.76.jar:9.0.76]
	at org.apache.catalina.valves.ErrorReportValve.invoke(ErrorReportValve.java:93) ~[tomcat-embed-core-9.0.76.jar:9.0.76]
	at org.apache.catalina.core.StandardEngineValve.invoke(StandardEngineValve.java:74) ~[tomcat-embed-core-9.0.76.jar:9.0.76]
	at org.apache.catalina.connector.CoyoteAdapter.service(CoyoteAdapter.java:343) ~[tomcat-embed-core-9.0.76.jar:9.0.76]
	at org.apache.coyote.http11.Http11Processor.service(Http11Processor.java:390) ~[tomcat-embed-core-9.0.76.jar:9.0.76]
	at org.apache.coyote.AbstractProcessorLight.process(AbstractProcessorLight.java:63) ~[tomcat-embed-core-9.0.76.jar:9.0.76]
	at org.apache.coyote.AbstractProtocol$ConnectionHandler.process(AbstractProtocol.java:926) ~[tomcat-embed-core-9.0.76.jar:9.0.76]
	at org.apache.tomcat.util.net.NioEndpoint$SocketProcessor.doRun(NioEndpoint.java:1791) ~[tomcat-embed-core-9.0.76.jar:9.0.76]
	at org.apache.tomcat.util.net.SocketProcessorBase.run(SocketProcessorBase.java:52) ~[tomcat-embed-core-9.0.76.jar:9.0.76]
	at org.apache.tomcat.util.threads.ThreadPoolExecutor.runWorker(ThreadPoolExecutor.java:1191) ~[tomcat-embed-core-9.0.76.jar:9.0.76]
	at org.apache.tomcat.util.threads.ThreadPoolExecutor$Worker.run(ThreadPoolExecutor.java:659) ~[tomcat-embed-core-9.0.76.jar:9.0.76]
	at org.apache.tomcat.util.threads.TaskThread$WrappingRunnable.run(TaskThread.java:61) ~[tomcat-embed-core-9.0.76.jar:9.0.76]
	at java.lang.Thread.run(Thread.java:1583) ~[?:?]
Caused by: org.attoparser.ParseException: Could not parse as expression: "7, 'desc'" (template: "user/my-bookings" - line 95, col 26)
	at org.attoparser.MarkupParser.parseDocument(MarkupParser.java:393) ~[attoparser-2.0.5.RELEASE.jar:2.0.5.RELEASE]
	at org.attoparser.MarkupParser.parse(MarkupParser.java:257) ~[attoparser-2.0.5.RELEASE.jar:2.0.5.RELEASE]
	at org.thymeleaf.templateparser.markup.AbstractMarkupTemplateParser.parse(AbstractMarkupTemplateParser.java:230) ~[thymeleaf-3.0.15.RELEASE.jar:3.0.15.RELEASE]
	... 51 more
Caused by: org.thymeleaf.exceptions.TemplateProcessingException: Could not parse as expression: "7, 'desc'" (template: "user/my-bookings" - line 95, col 26)
	at org.thymeleaf.standard.expression.StandardExpressionParser.parseExpression(StandardExpressionParser.java:131) ~[thymeleaf-3.0.15.RELEASE.jar:3.0.15.RELEASE]
	at org.thymeleaf.standard.expression.StandardExpressionParser.parseExpression(StandardExpressionParser.java:62) ~[thymeleaf-3.0.15.RELEASE.jar:3.0.15.RELEASE]
	at org.thymeleaf.standard.expression.StandardExpressionParser.parseExpression(StandardExpressionParser.java:44) ~[thymeleaf-3.0.15.RELEASE.jar:3.0.15.RELEASE]
	at org.thymeleaf.engine.EngineEventUtils.parseAttributeExpression(EngineEventUtils.java:220) ~[thymeleaf-3.0.15.RELEASE.jar:3.0.15.RELEASE]
	at org.thymeleaf.engine.EngineEventUtils.computeAttributeExpression(EngineEventUtils.java:207) ~[thymeleaf-3.0.15.RELEASE.jar:3.0.15.RELEASE]
	at org.thymeleaf.standard.processor.AbstractStandardExpressionAttributeTagProcessor.doProcess(AbstractStandardExpressionAttributeTagProcessor.java:125) ~[thymeleaf-3.0.15.RELEASE.jar:3.0.15.RELEASE]
	at org.thymeleaf.processor.element.AbstractAttributeTagProcessor.doProcess(AbstractAttributeTagProcessor.java:74) ~[thymeleaf-3.0.15.RELEASE.jar:3.0.15.RELEASE]
	at org.thymeleaf.processor.element.AbstractElementTagProcessor.process(AbstractElementTagProcessor.java:95) ~[thymeleaf-3.0.15.RELEASE.jar:3.0.15.RELEASE]
	at org.thymeleaf.util.ProcessorConfigurationUtils$ElementTagProcessorWrapper.process(ProcessorConfigurationUtils.java:633) ~[thymeleaf-3.0.15.RELEASE.jar:3.0.15.RELEASE]
	at org.thymeleaf.engine.ProcessorTemplateHandler.handleOpenElement(ProcessorTemplateHandler.java:1314) ~[thymeleaf-3.0.15.RELEASE.jar:3.0.15.RELEASE]
	at org.thymeleaf.engine.OpenElementTag.beHandled(OpenElementTag.java:205) ~[thymeleaf-3.0.15.RELEASE.jar:3.0.15.RELEASE]
	at org.thymeleaf.engine.Model.process(Model.java:282) ~[thymeleaf-3.0.15.RELEASE.jar:3.0.15.RELEASE]
	at org.thymeleaf.engine.ProcessorTemplateHandler.handleOpenElement(ProcessorTemplateHandler.java:1587) ~[thymeleaf-3.0.15.RELEASE.jar:3.0.15.RELEASE]
	at org.thymeleaf.engine.OpenElementTag.beHandled(OpenElementTag.java:205) ~[thymeleaf-3.0.15.RELEASE.jar:3.0.15.RELEASE]
	at org.thymeleaf.engine.Model.process(Model.java:282) ~[thymeleaf-3.0.15.RELEASE.jar:3.0.15.RELEASE]
	at org.thymeleaf.engine.ProcessorTemplateHandler.handleOpenElement(ProcessorTemplateHandler.java:1587) ~[thymeleaf-3.0.15.RELEASE.jar:3.0.15.RELEASE]
	at org.thymeleaf.engine.OpenElementTag.beHandled(OpenElementTag.java:205) ~[thymeleaf-3.0.15.RELEASE.jar:3.0.15.RELEASE]
	at org.thymeleaf.engine.Model.process(Model.java:282) ~[thymeleaf-3.0.15.RELEASE.jar:3.0.15.RELEASE]
	at org.thymeleaf.engine.Model.process(Model.java:290) ~[thymeleaf-3.0.15.RELEASE.jar:3.0.15.RELEASE]
	at org.thymeleaf.engine.GatheringModelProcessable.process(GatheringModelProcessable.java:78) ~[thymeleaf-3.0.15.RELEASE.jar:3.0.15.RELEASE]
	at org.thymeleaf.engine.ProcessorTemplateHandler.handleCloseElement(ProcessorTemplateHandler.java:1640) ~[thymeleaf-3.0.15.RELEASE.jar:3.0.15.RELEASE]
	at org.thymeleaf.engine.TemplateHandlerAdapterMarkupHandler.handleCloseElementEnd(TemplateHandlerAdapterMarkupHandler.java:388) ~[thymeleaf-3.0.15.RELEASE.jar:3.0.15.RELEASE]
	at org.thymeleaf.templateparser.markup.InlinedOutputExpressionMarkupHandler$InlineMarkupAdapterPreProcessorHandler.handleCloseElementEnd(InlinedOutputExpressionMarkupHandler.java:322) ~[thymeleaf-3.0.15.RELEASE.jar:3.0.15.RELEASE]
	at org.thymeleaf.standard.inline.OutputExpressionInlinePreProcessorHandler.handleCloseElementEnd(OutputExpressionInlinePreProcessorHandler.java:220) ~[thymeleaf-3.0.15.RELEASE.jar:3.0.15.RELEASE]
	at org.thymeleaf.templateparser.markup.InlinedOutputExpressionMarkupHandler.handleCloseElementEnd(InlinedOutputExpressionMarkupHandler.java:164) ~[thymeleaf-3.0.15.RELEASE.jar:3.0.15.RELEASE]
	at org.attoparser.HtmlElement.handleCloseElementEnd(HtmlElement.java:169) ~[attoparser-2.0.5.RELEASE.jar:2.0.5.RELEASE]
	at org.attoparser.HtmlMarkupHandler.handleCloseElementEnd(HtmlMarkupHandler.java:412) ~[attoparser-2.0.5.RELEASE.jar:2.0.5.RELEASE]
	at org.attoparser.MarkupEventProcessorHandler.handleCloseElementEnd(MarkupEventProcessorHandler.java:473) ~[attoparser-2.0.5.RELEASE.jar:2.0.5.RELEASE]
	at org.attoparser.ParsingElementMarkupUtil.parseCloseElement(ParsingElementMarkupUtil.java:201) ~[attoparser-2.0.5.RELEASE.jar:2.0.5.RELEASE]
	at org.attoparser.MarkupParser.parseBuffer(MarkupParser.java:725) ~[attoparser-2.0.5.RELEASE.jar:2.0.5.RELEASE]
	at org.attoparser.MarkupParser.parseDocument(MarkupParser.java:301) ~[attoparser-2.0.5.RELEASE.jar:2.0.5.RELEASE]
	at org.attoparser.MarkupParser.parse(MarkupParser.java:257) ~[attoparser-2.0.5.RELEASE.jar:2.0.5.RELEASE]
	at org.thymeleaf.templateparser.markup.AbstractMarkupTemplateParser.parse(AbstractMarkupTemplateParser.java:230) ~[thymeleaf-3.0.15.RELEASE.jar:3.0.15.RELEASE]
	... 51 more
2026-02-16 21:54:40 [ERROR] [dispatcherServlet]:175 - Servlet.service() for servlet [dispatcherServlet] in context with path [/RailEase] threw exception [Request processing failed; nested exception is org.thymeleaf.exceptions.TemplateInputException: An error happened during template parsing (template: "class path resource [templates/user/my-bookings.html]")] with root cause
org.thymeleaf.exceptions.TemplateProcessingException: Could not parse as expression: "7, 'desc'" (template: "user/my-bookings" - line 95, col 26)
	at org.thymeleaf.standard.expression.StandardExpressionParser.parseExpression(StandardExpressionParser.java:131) ~[thymeleaf-3.0.15.RELEASE.jar:3.0.15.RELEASE]
	at org.thymeleaf.standard.expression.StandardExpressionParser.parseExpression(StandardExpressionParser.java:62) ~[thymeleaf-3.0.15.RELEASE.jar:3.0.15.RELEASE]
	at org.thymeleaf.standard.expression.StandardExpressionParser.parseExpression(StandardExpressionParser.java:44) ~[thymeleaf-3.0.15.RELEASE.jar:3.0.15.RELEASE]
	at org.thymeleaf.engine.EngineEventUtils.parseAttributeExpression(EngineEventUtils.java:220) ~[thymeleaf-3.0.15.RELEASE.jar:3.0.15.RELEASE]
	at org.thymeleaf.engine.EngineEventUtils.computeAttributeExpression(EngineEventUtils.java:207) ~[thymeleaf-3.0.15.RELEASE.jar:3.0.15.RELEASE]
	at org.thymeleaf.standard.processor.AbstractStandardExpressionAttributeTagProcessor.doProcess(AbstractStandardExpressionAttributeTagProcessor.java:125) ~[thymeleaf-3.0.15.RELEASE.jar:3.0.15.RELEASE]
	at org.thymeleaf.processor.element.AbstractAttributeTagProcessor.doProcess(AbstractAttributeTagProcessor.java:74) ~[thymeleaf-3.0.15.RELEASE.jar:3.0.15.RELEASE]
	at org.thymeleaf.processor.element.AbstractElementTagProcessor.process(AbstractElementTagProcessor.java:95) ~[thymeleaf-3.0.15.RELEASE.jar:3.0.15.RELEASE]
	at org.thymeleaf.util.ProcessorConfigurationUtils$ElementTagProcessorWrapper.process(ProcessorConfigurationUtils.java:633) ~[thymeleaf-3.0.15.RELEASE.jar:3.0.15.RELEASE]
	at org.thymeleaf.engine.ProcessorTemplateHandler.handleOpenElement(ProcessorTemplateHandler.java:1314) ~[thymeleaf-3.0.15.RELEASE.jar:3.0.15.RELEASE]
	at org.thymeleaf.engine.OpenElementTag.beHandled(OpenElementTag.java:205) ~[thymeleaf-3.0.15.RELEASE.jar:3.0.15.RELEASE]
	at org.thymeleaf.engine.Model.process(Model.java:282) ~[thymeleaf-3.0.15.RELEASE.jar:3.0.15.RELEASE]
	at org.thymeleaf.engine.ProcessorTemplateHandler.handleOpenElement(ProcessorTemplateHandler.java:1587) ~[thymeleaf-3.0.15.RELEASE.jar:3.0.15.RELEASE]
	at org.thymeleaf.engine.OpenElementTag.beHandled(OpenElementTag.java:205) ~[thymeleaf-3.0.15.RELEASE.jar:3.0.15.RELEASE]
	at org.thymeleaf.engine.Model.process(Model.java:282) ~[thymeleaf-3.0.15.RELEASE.jar:3.0.15.RELEASE]
	at org.thymeleaf.engine.ProcessorTemplateHandler.handleOpenElement(ProcessorTemplateHandler.java:1587) ~[thymeleaf-3.0.15.RELEASE.jar:3.0.15.RELEASE]
	at org.thymeleaf.engine.OpenElementTag.beHandled(OpenElementTag.java:205) ~[thymeleaf-3.0.15.RELEASE.jar:3.0.15.RELEASE]
	at org.thymeleaf.engine.Model.process(Model.java:282) ~[thymeleaf-3.0.15.RELEASE.jar:3.0.15.RELEASE]
	at org.thymeleaf.engine.Model.process(Model.java:290) ~[thymeleaf-3.0.15.RELEASE.jar:3.0.15.RELEASE]
	at org.thymeleaf.engine.GatheringModelProcessable.process(GatheringModelProcessable.java:78) ~[thymeleaf-3.0.15.RELEASE.jar:3.0.15.RELEASE]
	at org.thymeleaf.engine.ProcessorTemplateHandler.handleCloseElement(ProcessorTemplateHandler.java:1640) ~[thymeleaf-3.0.15.RELEASE.jar:3.0.15.RELEASE]
	at org.thymeleaf.engine.TemplateHandlerAdapterMarkupHandler.handleCloseElementEnd(TemplateHandlerAdapterMarkupHandler.java:388) ~[thymeleaf-3.0.15.RELEASE.jar:3.0.15.RELEASE]
	at org.thymeleaf.templateparser.markup.InlinedOutputExpressionMarkupHandler$InlineMarkupAdapterPreProcessorHandler.handleCloseElementEnd(InlinedOutputExpressionMarkupHandler.java:322) ~[thymeleaf-3.0.15.RELEASE.jar:3.0.15.RELEASE]
	at org.thymeleaf.standard.inline.OutputExpressionInlinePreProcessorHandler.handleCloseElementEnd(OutputExpressionInlinePreProcessorHandler.java:220) ~[thymeleaf-3.0.15.RELEASE.jar:3.0.15.RELEASE]
	at org.thymeleaf.templateparser.markup.InlinedOutputExpressionMarkupHandler.handleCloseElementEnd(InlinedOutputExpressionMarkupHandler.java:164) ~[thymeleaf-3.0.15.RELEASE.jar:3.0.15.RELEASE]
	at org.attoparser.HtmlElement.handleCloseElementEnd(HtmlElement.java:169) ~[attoparser-2.0.5.RELEASE.jar:2.0.5.RELEASE]
	at org.attoparser.HtmlMarkupHandler.handleCloseElementEnd(HtmlMarkupHandler.java:412) ~[attoparser-2.0.5.RELEASE.jar:2.0.5.RELEASE]
	at org.attoparser.MarkupEventProcessorHandler.handleCloseElementEnd(MarkupEventProcessorHandler.java:473) ~[attoparser-2.0.5.RELEASE.jar:2.0.5.RELEASE]
	at org.attoparser.ParsingElementMarkupUtil.parseCloseElement(ParsingElementMarkupUtil.java:201) ~[attoparser-2.0.5.RELEASE.jar:2.0.5.RELEASE]
	at org.attoparser.MarkupParser.parseBuffer(MarkupParser.java:725) ~[attoparser-2.0.5.RELEASE.jar:2.0.5.RELEASE]
	at org.attoparser.MarkupParser.parseDocument(MarkupParser.java:301) ~[attoparser-2.0.5.RELEASE.jar:2.0.5.RELEASE]
	at org.attoparser.MarkupParser.parse(MarkupParser.java:257) ~[attoparser-2.0.5.RELEASE.jar:2.0.5.RELEASE]
	at org.thymeleaf.templateparser.markup.AbstractMarkupTemplateParser.parse(AbstractMarkupTemplateParser.java:230) ~[thymeleaf-3.0.15.RELEASE.jar:3.0.15.RELEASE]
	at org.thymeleaf.templateparser.markup.AbstractMarkupTemplateParser.parseStandalone(AbstractMarkupTemplateParser.java:100) ~[thymeleaf-3.0.15.RELEASE.jar:3.0.15.RELEASE]
	at org.thymeleaf.engine.TemplateManager.parseAndProcess(TemplateManager.java:666) ~[thymeleaf-3.0.15.RELEASE.jar:3.0.15.RELEASE]
	at org.thymeleaf.TemplateEngine.process(TemplateEngine.java:1098) ~[thymeleaf-3.0.15.RELEASE.jar:3.0.15.RELEASE]
	at org.thymeleaf.TemplateEngine.process(TemplateEngine.java:1072) ~[thymeleaf-3.0.15.RELEASE.jar:3.0.15.RELEASE]
	at org.thymeleaf.spring5.view.ThymeleafView.renderFragment(ThymeleafView.java:366) ~[thymeleaf-spring5-3.0.15.RELEASE.jar:3.0.15.RELEASE]
	at org.thymeleaf.spring5.view.ThymeleafView.render(ThymeleafView.java:190) ~[thymeleaf-spring5-3.0.15.RELEASE.jar:3.0.15.RELEASE]
	at org.springframework.web.servlet.DispatcherServlet.render(DispatcherServlet.java:1406) ~[spring-webmvc-5.3.28.jar:5.3.28]
	at org.springframework.web.servlet.DispatcherServlet.processDispatchResult(DispatcherServlet.java:1150) ~[spring-webmvc-5.3.28.jar:5.3.28]
	at org.springframework.web.servlet.DispatcherServlet.doDispatch(DispatcherServlet.java:1089) ~[spring-webmvc-5.3.28.jar:5.3.28]
	at org.springframework.web.servlet.DispatcherServlet.doService(DispatcherServlet.java:965) ~[spring-webmvc-5.3.28.jar:5.3.28]
	at org.springframework.web.servlet.FrameworkServlet.processRequest(FrameworkServlet.java:1006) ~[spring-webmvc-5.3.28.jar:5.3.28]
	at org.springframework.web.servlet.FrameworkServlet.doGet(FrameworkServlet.java:898) ~[spring-webmvc-5.3.28.jar:5.3.28]
	at javax.servlet.http.HttpServlet.service(HttpServlet.java:529) ~[tomcat-embed-core-9.0.76.jar:4.0.FR]
	at org.springframework.web.servlet.FrameworkServlet.service(FrameworkServlet.java:883) ~[spring-webmvc-5.3.28.jar:5.3.28]
	at javax.servlet.http.HttpServlet.service(HttpServlet.java:623) ~[tomcat-embed-core-9.0.76.jar:4.0.FR]
	at org.apache.catalina.core.ApplicationFilterChain.internalDoFilter(ApplicationFilterChain.java:209) ~[tomcat-embed-core-9.0.76.jar:9.0.76]
	at org.apache.catalina.core.ApplicationFilterChain.doFilter(ApplicationFilterChain.java:153) ~[tomcat-embed-core-9.0.76.jar:9.0.76]
	at org.apache.tomcat.websocket.server.WsFilter.doFilter(WsFilter.java:51) ~[tomcat-embed-websocket-9.0.76.jar:9.0.76]
	at org.apache.catalina.core.ApplicationFilterChain.internalDoFilter(ApplicationFilterChain.java:178) ~[tomcat-embed-core-9.0.76.jar:9.0.76]
	at org.apache.catalina.core.ApplicationFilterChain.doFilter(ApplicationFilterChain.java:153) ~[tomcat-embed-core-9.0.76.jar:9.0.76]
	at org.springframework.web.servlet.resource.ResourceUrlEncodingFilter.doFilter(ResourceUrlEncodingFilter.java:67) ~[spring-webmvc-5.3.28.jar:5.3.28]
	at org.apache.catalina.core.ApplicationFilterChain.internalDoFilter(ApplicationFilterChain.java:178) ~[tomcat-embed-core-9.0.76.jar:9.0.76]
	at org.apache.catalina.core.ApplicationFilterChain.doFilter(ApplicationFilterChain.java:153) ~[tomcat-embed-core-9.0.76.jar:9.0.76]
	at org.springframework.web.filter.RequestContextFilter.doFilterInternal(RequestContextFilter.java:100) ~[spring-web-5.3.28.jar:5.3.28]
	at org.springframework.web.filter.OncePerRequestFilter.doFilter(OncePerRequestFilter.java:117) ~[spring-web-5.3.28.jar:5.3.28]
	at org.apache.catalina.core.ApplicationFilterChain.internalDoFilter(ApplicationFilterChain.java:178) ~[tomcat-embed-core-9.0.76.jar:9.0.76]
	at org.apache.catalina.core.ApplicationFilterChain.doFilter(ApplicationFilterChain.java:153) ~[tomcat-embed-core-9.0.76.jar:9.0.76]
	at org.springframework.web.filter.FormContentFilter.doFilterInternal(FormContentFilter.java:93) ~[spring-web-5.3.28.jar:5.3.28]
	at org.springframework.web.filter.OncePerRequestFilter.doFilter(OncePerRequestFilter.java:117) ~[spring-web-5.3.28.jar:5.3.28]
	at org.apache.catalina.core.ApplicationFilterChain.internalDoFilter(ApplicationFilterChain.java:178) ~[tomcat-embed-core-9.0.76.jar:9.0.76]
	at org.apache.catalina.core.ApplicationFilterChain.doFilter(ApplicationFilterChain.java:153) ~[tomcat-embed-core-9.0.76.jar:9.0.76]
	at org.springframework.web.filter.CharacterEncodingFilter.doFilterInternal(CharacterEncodingFilter.java:201) ~[spring-web-5.3.28.jar:5.3.28]
	at org.springframework.web.filter.OncePerRequestFilter.doFilter(OncePerRequestFilter.java:117) ~[spring-web-5.3.28.jar:5.3.28]
	at org.apache.catalina.core.ApplicationFilterChain.internalDoFilter(ApplicationFilterChain.java:178) ~[tomcat-embed-core-9.0.76.jar:9.0.76]
	at org.apache.catalina.core.ApplicationFilterChain.doFilter(ApplicationFilterChain.java:153) ~[tomcat-embed-core-9.0.76.jar:9.0.76]
	at org.apache.catalina.core.StandardWrapperValve.invoke(StandardWrapperValve.java:167) ~[tomcat-embed-core-9.0.76.jar:9.0.76]
	at org.apache.catalina.core.StandardContextValve.invoke(StandardContextValve.java:90) ~[tomcat-embed-core-9.0.76.jar:9.0.76]
	at org.apache.catalina.authenticator.AuthenticatorBase.invoke(AuthenticatorBase.java:481) ~[tomcat-embed-core-9.0.76.jar:9.0.76]
	at org.apache.catalina.core.StandardHostValve.invoke(StandardHostValve.java:130) ~[tomcat-embed-core-9.0.76.jar:9.0.76]
	at org.apache.catalina.valves.ErrorReportValve.invoke(ErrorReportValve.java:93) ~[tomcat-embed-core-9.0.76.jar:9.0.76]
	at org.apache.catalina.core.StandardEngineValve.invoke(StandardEngineValve.java:74) ~[tomcat-embed-core-9.0.76.jar:9.0.76]
	at org.apache.catalina.connector.CoyoteAdapter.service(CoyoteAdapter.java:343) ~[tomcat-embed-core-9.0.76.jar:9.0.76]
	at org.apache.coyote.http11.Http11Processor.service(Http11Processor.java:390) ~[tomcat-embed-core-9.0.76.jar:9.0.76]
	at org.apache.coyote.AbstractProcessorLight.process(AbstractProcessorLight.java:63) ~[tomcat-embed-core-9.0.76.jar:9.0.76]
	at org.apache.coyote.AbstractProtocol$ConnectionHandler.process(AbstractProtocol.java:926) ~[tomcat-embed-core-9.0.76.jar:9.0.76]
	at org.apache.tomcat.util.net.NioEndpoint$SocketProcessor.doRun(NioEndpoint.java:1791) ~[tomcat-embed-core-9.0.76.jar:9.0.76]
	at org.apache.tomcat.util.net.SocketProcessorBase.run(SocketProcessorBase.java:52) ~[tomcat-embed-core-9.0.76.jar:9.0.76]
	at org.apache.tomcat.util.threads.ThreadPoolExecutor.runWorker(ThreadPoolExecutor.java:1191) ~[tomcat-embed-core-9.0.76.jar:9.0.76]
	at org.apache.tomcat.util.threads.ThreadPoolExecutor$Worker.run(ThreadPoolExecutor.java:659) ~[tomcat-embed-core-9.0.76.jar:9.0.76]
	at org.apache.tomcat.util.threads.TaskThread$WrappingRunnable.run(TaskThread.java:61) ~[tomcat-embed-core-9.0.76.jar:9.0.76]
	at java.lang.Thread.run(Thread.java:1583) ~[?:?]
2026-02-16 21:54:40 [ERROR] TemplateEngine:1136 - [THYMELEAF][http-nio-8080-exec-3] Exception processing template "error": An error happened during template parsing (template: "class path resource [templates/error.html]")
org.thymeleaf.exceptions.TemplateInputException: An error happened during template parsing (template: "class path resource [templates/error.html]")
	at org.thymeleaf.templateparser.markup.AbstractMarkupTemplateParser.parse(AbstractMarkupTemplateParser.java:235) ~[thymeleaf-3.0.15.RELEASE.jar:3.0.15.RELEASE]
	at org.thymeleaf.templateparser.markup.AbstractMarkupTemplateParser.parseStandalone(AbstractMarkupTemplateParser.java:100) ~[thymeleaf-3.0.15.RELEASE.jar:3.0.15.RELEASE]
	at org.thymeleaf.engine.TemplateManager.parseAndProcess(TemplateManager.java:666) ~[thymeleaf-3.0.15.RELEASE.jar:3.0.15.RELEASE]
	at org.thymeleaf.TemplateEngine.process(TemplateEngine.java:1098) ~[thymeleaf-3.0.15.RELEASE.jar:3.0.15.RELEASE]
	at org.thymeleaf.TemplateEngine.process(TemplateEngine.java:1072) ~[thymeleaf-3.0.15.RELEASE.jar:3.0.15.RELEASE]
	at org.thymeleaf.spring5.view.ThymeleafView.renderFragment(ThymeleafView.java:366) ~[thymeleaf-spring5-3.0.15.RELEASE.jar:3.0.15.RELEASE]
	at org.thymeleaf.spring5.view.ThymeleafView.render(ThymeleafView.java:190) ~[thymeleaf-spring5-3.0.15.RELEASE.jar:3.0.15.RELEASE]
	at org.springframework.web.servlet.DispatcherServlet.render(DispatcherServlet.java:1406) ~[spring-webmvc-5.3.28.jar:5.3.28]
	at org.springframework.web.servlet.DispatcherServlet.processDispatchResult(DispatcherServlet.java:1150) ~[spring-webmvc-5.3.28.jar:5.3.28]
	at org.springframework.web.servlet.DispatcherServlet.doDispatch(DispatcherServlet.java:1089) ~[spring-webmvc-5.3.28.jar:5.3.28]
	at org.springframework.web.servlet.DispatcherServlet.doService(DispatcherServlet.java:965) ~[spring-webmvc-5.3.28.jar:5.3.28]
	at org.springframework.web.servlet.FrameworkServlet.processRequest(FrameworkServlet.java:1006) ~[spring-webmvc-5.3.28.jar:5.3.28]
	at org.springframework.web.servlet.FrameworkServlet.doGet(FrameworkServlet.java:898) ~[spring-webmvc-5.3.28.jar:5.3.28]
	at javax.servlet.http.HttpServlet.service(HttpServlet.java:529) ~[tomcat-embed-core-9.0.76.jar:4.0.FR]
	at org.springframework.web.servlet.FrameworkServlet.service(FrameworkServlet.java:883) ~[spring-webmvc-5.3.28.jar:5.3.28]
	at javax.servlet.http.HttpServlet.service(HttpServlet.java:623) ~[tomcat-embed-core-9.0.76.jar:4.0.FR]
	at org.apache.catalina.core.ApplicationFilterChain.internalDoFilter(ApplicationFilterChain.java:209) ~[tomcat-embed-core-9.0.76.jar:9.0.76]
	at org.apache.catalina.core.ApplicationFilterChain.doFilter(ApplicationFilterChain.java:153) ~[tomcat-embed-core-9.0.76.jar:9.0.76]
	at org.springframework.web.filter.RequestContextFilter.doFilterInternal(RequestContextFilter.java:100) ~[spring-web-5.3.28.jar:5.3.28]
	at org.springframework.web.filter.OncePerRequestFilter.doFilter(OncePerRequestFilter.java:117) ~[spring-web-5.3.28.jar:5.3.28]
	at org.apache.catalina.core.ApplicationFilterChain.internalDoFilter(ApplicationFilterChain.java:178) ~[tomcat-embed-core-9.0.76.jar:9.0.76]
	at org.apache.catalina.core.ApplicationFilterChain.doFilter(ApplicationFilterChain.java:153) ~[tomcat-embed-core-9.0.76.jar:9.0.76]
	at org.springframework.web.filter.OncePerRequestFilter.doFilter(OncePerRequestFilter.java:102) ~[spring-web-5.3.28.jar:5.3.28]
	at org.apache.catalina.core.ApplicationFilterChain.internalDoFilter(ApplicationFilterChain.java:178) ~[tomcat-embed-core-9.0.76.jar:9.0.76]
	at org.apache.catalina.core.ApplicationFilterChain.doFilter(ApplicationFilterChain.java:153) ~[tomcat-embed-core-9.0.76.jar:9.0.76]
	at org.springframework.web.filter.OncePerRequestFilter.doFilter(OncePerRequestFilter.java:102) ~[spring-web-5.3.28.jar:5.3.28]
	at org.apache.catalina.core.ApplicationFilterChain.internalDoFilter(ApplicationFilterChain.java:178) ~[tomcat-embed-core-9.0.76.jar:9.0.76]
	at org.apache.catalina.core.ApplicationFilterChain.doFilter(ApplicationFilterChain.java:153) ~[tomcat-embed-core-9.0.76.jar:9.0.76]
	at org.apache.catalina.core.ApplicationDispatcher.invoke(ApplicationDispatcher.java:661) ~[tomcat-embed-core-9.0.76.jar:9.0.76]
	at org.apache.catalina.core.ApplicationDispatcher.doInclude(ApplicationDispatcher.java:537) ~[tomcat-embed-core-9.0.76.jar:9.0.76]
	at org.apache.catalina.core.ApplicationDispatcher.include(ApplicationDispatcher.java:480) ~[tomcat-embed-core-9.0.76.jar:9.0.76]
	at org.apache.catalina.core.StandardHostValve.custom(StandardHostValve.java:354) ~[tomcat-embed-core-9.0.76.jar:9.0.76]
	at org.apache.catalina.core.StandardHostValve.status(StandardHostValve.java:237) ~[tomcat-embed-core-9.0.76.jar:9.0.76]
	at org.apache.catalina.core.StandardHostValve.throwable(StandardHostValve.java:319) ~[tomcat-embed-core-9.0.76.jar:9.0.76]
	at org.apache.catalina.core.StandardHostValve.invoke(StandardHostValve.java:164) ~[tomcat-embed-core-9.0.76.jar:9.0.76]
	at org.apache.catalina.valves.ErrorReportValve.invoke(ErrorReportValve.java:93) ~[tomcat-embed-core-9.0.76.jar:9.0.76]
	at org.apache.catalina.core.StandardEngineValve.invoke(StandardEngineValve.java:74) ~[tomcat-embed-core-9.0.76.jar:9.0.76]
	at org.apache.catalina.connector.CoyoteAdapter.service(CoyoteAdapter.java:343) ~[tomcat-embed-core-9.0.76.jar:9.0.76]
	at org.apache.coyote.http11.Http11Processor.service(Http11Processor.java:390) ~[tomcat-embed-core-9.0.76.jar:9.0.76]
	at org.apache.coyote.AbstractProcessorLight.process(AbstractProcessorLight.java:63) ~[tomcat-embed-core-9.0.76.jar:9.0.76]
	at org.apache.coyote.AbstractProtocol$ConnectionHandler.process(AbstractProtocol.java:926) ~[tomcat-embed-core-9.0.76.jar:9.0.76]
	at org.apache.tomcat.util.net.NioEndpoint$SocketProcessor.doRun(NioEndpoint.java:1791) ~[tomcat-embed-core-9.0.76.jar:9.0.76]
	at org.apache.tomcat.util.net.SocketProcessorBase.run(SocketProcessorBase.java:52) ~[tomcat-embed-core-9.0.76.jar:9.0.76]
	at org.apache.tomcat.util.threads.ThreadPoolExecutor.runWorker(ThreadPoolExecutor.java:1191) ~[tomcat-embed-core-9.0.76.jar:9.0.76]
	at org.apache.tomcat.util.threads.ThreadPoolExecutor$Worker.run(ThreadPoolExecutor.java:659) ~[tomcat-embed-core-9.0.76.jar:9.0.76]
	at org.apache.tomcat.util.threads.TaskThread$WrappingRunnable.run(TaskThread.java:61) ~[tomcat-embed-core-9.0.76.jar:9.0.76]
	at java.lang.Thread.run(Thread.java:1583) ~[?:?]
Caused by: java.io.FileNotFoundException: class path resource [templates/error.html] cannot be opened because it does not exist
	at org.springframework.core.io.ClassPathResource.getInputStream(ClassPathResource.java:199) ~[spring-core-5.3.28.jar:5.3.28]
	at org.thymeleaf.spring5.templateresource.SpringResourceTemplateResource.reader(SpringResourceTemplateResource.java:103) ~[thymeleaf-spring5-3.0.15.RELEASE.jar:3.0.15.RELEASE]
	at org.thymeleaf.templateparser.markup.AbstractMarkupTemplateParser.parse(AbstractMarkupTemplateParser.java:223) ~[thymeleaf-3.0.15.RELEASE.jar:3.0.15.RELEASE]
	... 46 more
2026-02-16 21:54:40 [ERROR] [dispatcherServlet]:175 - Servlet.service() for servlet [dispatcherServlet] threw exception
java.io.FileNotFoundException: class path resource [templates/error.html] cannot be opened because it does not exist
	at org.springframework.core.io.ClassPathResource.getInputStream(ClassPathResource.java:199) ~[spring-core-5.3.28.jar:5.3.28]
	at org.thymeleaf.spring5.templateresource.SpringResourceTemplateResource.reader(SpringResourceTemplateResource.java:103) ~[thymeleaf-spring5-3.0.15.RELEASE.jar:3.0.15.RELEASE]
	at org.thymeleaf.templateparser.markup.AbstractMarkupTemplateParser.parse(AbstractMarkupTemplateParser.java:223) ~[thymeleaf-3.0.15.RELEASE.jar:3.0.15.RELEASE]
	at org.thymeleaf.templateparser.markup.AbstractMarkupTemplateParser.parseStandalone(AbstractMarkupTemplateParser.java:100) ~[thymeleaf-3.0.15.RELEASE.jar:3.0.15.RELEASE]
	at org.thymeleaf.engine.TemplateManager.parseAndProcess(TemplateManager.java:666) ~[thymeleaf-3.0.15.RELEASE.jar:3.0.15.RELEASE]
	at org.thymeleaf.TemplateEngine.process(TemplateEngine.java:1098) ~[thymeleaf-3.0.15.RELEASE.jar:3.0.15.RELEASE]
	at org.thymeleaf.TemplateEngine.process(TemplateEngine.java:1072) ~[thymeleaf-3.0.15.RELEASE.jar:3.0.15.RELEASE]
	at org.thymeleaf.spring5.view.ThymeleafView.renderFragment(ThymeleafView.java:366) ~[thymeleaf-spring5-3.0.15.RELEASE.jar:3.0.15.RELEASE]
	at org.thymeleaf.spring5.view.ThymeleafView.render(ThymeleafView.java:190) ~[thymeleaf-spring5-3.0.15.RELEASE.jar:3.0.15.RELEASE]
	at org.springframework.web.servlet.DispatcherServlet.render(DispatcherServlet.java:1406) ~[spring-webmvc-5.3.28.jar:5.3.28]
	at org.springframework.web.servlet.DispatcherServlet.processDispatchResult(DispatcherServlet.java:1150) ~[spring-webmvc-5.3.28.jar:5.3.28]
	at org.springframework.web.servlet.DispatcherServlet.doDispatch(DispatcherServlet.java:1089) ~[spring-webmvc-5.3.28.jar:5.3.28]
	at org.springframework.web.servlet.DispatcherServlet.doService(DispatcherServlet.java:965) ~[spring-webmvc-5.3.28.jar:5.3.28]
	at org.springframework.web.servlet.FrameworkServlet.processRequest(FrameworkServlet.java:1006) ~[spring-webmvc-5.3.28.jar:5.3.28]
	at org.springframework.web.servlet.FrameworkServlet.doGet(FrameworkServlet.java:898) ~[spring-webmvc-5.3.28.jar:5.3.28]
	at javax.servlet.http.HttpServlet.service(HttpServlet.java:529) ~[tomcat-embed-core-9.0.76.jar:4.0.FR]
	at org.springframework.web.servlet.FrameworkServlet.service(FrameworkServlet.java:883) ~[spring-webmvc-5.3.28.jar:5.3.28]
	at javax.servlet.http.HttpServlet.service(HttpServlet.java:623) ~[tomcat-embed-core-9.0.76.jar:4.0.FR]
	at org.apache.catalina.core.ApplicationFilterChain.internalDoFilter(ApplicationFilterChain.java:209) ~[tomcat-embed-core-9.0.76.jar:9.0.76]
	at org.apache.catalina.core.ApplicationFilterChain.doFilter(ApplicationFilterChain.java:153) ~[tomcat-embed-core-9.0.76.jar:9.0.76]
	at org.springframework.web.filter.RequestContextFilter.doFilterInternal(RequestContextFilter.java:100) ~[spring-web-5.3.28.jar:5.3.28]
	at org.springframework.web.filter.OncePerRequestFilter.doFilter(OncePerRequestFilter.java:117) ~[spring-web-5.3.28.jar:5.3.28]
	at org.apache.catalina.core.ApplicationFilterChain.internalDoFilter(ApplicationFilterChain.java:178) ~[tomcat-embed-core-9.0.76.jar:9.0.76]
	at org.apache.catalina.core.ApplicationFilterChain.doFilter(ApplicationFilterChain.java:153) ~[tomcat-embed-core-9.0.76.jar:9.0.76]
	at org.springframework.web.filter.OncePerRequestFilter.doFilter(OncePerRequestFilter.java:102) ~[spring-web-5.3.28.jar:5.3.28]
	at org.apache.catalina.core.ApplicationFilterChain.internalDoFilter(ApplicationFilterChain.java:178) ~[tomcat-embed-core-9.0.76.jar:9.0.76]
	at org.apache.catalina.core.ApplicationFilterChain.doFilter(ApplicationFilterChain.java:153) ~[tomcat-embed-core-9.0.76.jar:9.0.76]
	at org.springframework.web.filter.OncePerRequestFilter.doFilter(OncePerRequestFilter.java:102) ~[spring-web-5.3.28.jar:5.3.28]
	at org.apache.catalina.core.ApplicationFilterChain.internalDoFilter(ApplicationFilterChain.java:178) ~[tomcat-embed-core-9.0.76.jar:9.0.76]
	at org.apache.catalina.core.ApplicationFilterChain.doFilter(ApplicationFilterChain.java:153) ~[tomcat-embed-core-9.0.76.jar:9.0.76]
	at org.apache.catalina.core.ApplicationDispatcher.invoke(ApplicationDispatcher.java:661) ~[tomcat-embed-core-9.0.76.jar:9.0.76]
	at org.apache.catalina.core.ApplicationDispatcher.doInclude(ApplicationDispatcher.java:537) ~[tomcat-embed-core-9.0.76.jar:9.0.76]
	at org.apache.catalina.core.ApplicationDispatcher.include(ApplicationDispatcher.java:480) ~[tomcat-embed-core-9.0.76.jar:9.0.76]
	at org.apache.catalina.core.StandardHostValve.custom(StandardHostValve.java:354) ~[tomcat-embed-core-9.0.76.jar:9.0.76]
	at org.apache.catalina.core.StandardHostValve.status(StandardHostValve.java:237) ~[tomcat-embed-core-9.0.76.jar:9.0.76]
	at org.apache.catalina.core.StandardHostValve.throwable(StandardHostValve.java:319) ~[tomcat-embed-core-9.0.76.jar:9.0.76]
	at org.apache.catalina.core.StandardHostValve.invoke(StandardHostValve.java:164) ~[tomcat-embed-core-9.0.76.jar:9.0.76]
	at org.apache.catalina.valves.ErrorReportValve.invoke(ErrorReportValve.java:93) ~[tomcat-embed-core-9.0.76.jar:9.0.76]
	at org.apache.catalina.core.StandardEngineValve.invoke(StandardEngineValve.java:74) ~[tomcat-embed-core-9.0.76.jar:9.0.76]
	at org.apache.catalina.connector.CoyoteAdapter.service(CoyoteAdapter.java:343) ~[tomcat-embed-core-9.0.76.jar:9.0.76]
	at org.apache.coyote.http11.Http11Processor.service(Http11Processor.java:390) ~[tomcat-embed-core-9.0.76.jar:9.0.76]
	at org.apache.coyote.AbstractProcessorLight.process(AbstractProcessorLight.java:63) ~[tomcat-embed-core-9.0.76.jar:9.0.76]
	at org.apache.coyote.AbstractProtocol$ConnectionHandler.process(AbstractProtocol.java:926) ~[tomcat-embed-core-9.0.76.jar:9.0.76]
	at org.apache.tomcat.util.net.NioEndpoint$SocketProcessor.doRun(NioEndpoint.java:1791) ~[tomcat-embed-core-9.0.76.jar:9.0.76]
	at org.apache.tomcat.util.net.SocketProcessorBase.run(SocketProcessorBase.java:52) ~[tomcat-embed-core-9.0.76.jar:9.0.76]
	at org.apache.tomcat.util.threads.ThreadPoolExecutor.runWorker(ThreadPoolExecutor.java:1191) ~[tomcat-embed-core-9.0.76.jar:9.0.76]
	at org.apache.tomcat.util.threads.ThreadPoolExecutor$Worker.run(ThreadPoolExecutor.java:659) ~[tomcat-embed-core-9.0.76.jar:9.0.76]
	at org.apache.tomcat.util.threads.TaskThread$WrappingRunnable.run(TaskThread.java:61) ~[tomcat-embed-core-9.0.76.jar:9.0.76]
	at java.lang.Thread.run(Thread.java:1583) ~[?:?]
2026-02-16 21:54:40 [ERROR] [localhost]:175 - Exception Processing ErrorPage[errorCode=0, location=/error]
org.springframework.web.util.NestedServletException: Request processing failed; nested exception is org.thymeleaf.exceptions.TemplateInputException: An error happened during template parsing (template: "class path resource [templates/error.html]")
	at org.springframework.web.servlet.FrameworkServlet.processRequest(FrameworkServlet.java:1014) ~[spring-webmvc-5.3.28.jar:5.3.28]
	at org.springframework.web.servlet.FrameworkServlet.doGet(FrameworkServlet.java:898) ~[spring-webmvc-5.3.28.jar:5.3.28]
	at javax.servlet.http.HttpServlet.service(HttpServlet.java:529) ~[tomcat-embed-core-9.0.76.jar:4.0.FR]
	at org.springframework.web.servlet.FrameworkServlet.service(FrameworkServlet.java:883) ~[spring-webmvc-5.3.28.jar:5.3.28]
	at javax.servlet.http.HttpServlet.service(HttpServlet.java:623) ~[tomcat-embed-core-9.0.76.jar:4.0.FR]
	at org.apache.catalina.core.ApplicationFilterChain.internalDoFilter(ApplicationFilterChain.java:209) ~[tomcat-embed-core-9.0.76.jar:9.0.76]
	at org.apache.catalina.core.ApplicationFilterChain.doFilter(ApplicationFilterChain.java:153) ~[tomcat-embed-core-9.0.76.jar:9.0.76]
	at org.springframework.web.filter.RequestContextFilter.doFilterInternal(RequestContextFilter.java:100) ~[spring-web-5.3.28.jar:5.3.28]
	at org.springframework.web.filter.OncePerRequestFilter.doFilter(OncePerRequestFilter.java:117) ~[spring-web-5.3.28.jar:5.3.28]
	at org.apache.catalina.core.ApplicationFilterChain.internalDoFilter(ApplicationFilterChain.java:178) ~[tomcat-embed-core-9.0.76.jar:9.0.76]
	at org.apache.catalina.core.ApplicationFilterChain.doFilter(ApplicationFilterChain.java:153) ~[tomcat-embed-core-9.0.76.jar:9.0.76]
	at org.springframework.web.filter.OncePerRequestFilter.doFilter(OncePerRequestFilter.java:102) ~[spring-web-5.3.28.jar:5.3.28]
	at org.apache.catalina.core.ApplicationFilterChain.internalDoFilter(ApplicationFilterChain.java:178) ~[tomcat-embed-core-9.0.76.jar:9.0.76]
	at org.apache.catalina.core.ApplicationFilterChain.doFilter(ApplicationFilterChain.java:153) ~[tomcat-embed-core-9.0.76.jar:9.0.76]
	at org.springframework.web.filter.OncePerRequestFilter.doFilter(OncePerRequestFilter.java:102) ~[spring-web-5.3.28.jar:5.3.28]
	at org.apache.catalina.core.ApplicationFilterChain.internalDoFilter(ApplicationFilterChain.java:178) ~[tomcat-embed-core-9.0.76.jar:9.0.76]
	at org.apache.catalina.core.ApplicationFilterChain.doFilter(ApplicationFilterChain.java:153) ~[tomcat-embed-core-9.0.76.jar:9.0.76]
	at org.apache.catalina.core.ApplicationDispatcher.invoke(ApplicationDispatcher.java:661) ~[tomcat-embed-core-9.0.76.jar:9.0.76]
	at org.apache.catalina.core.ApplicationDispatcher.doInclude(ApplicationDispatcher.java:537) ~[tomcat-embed-core-9.0.76.jar:9.0.76]
	at org.apache.catalina.core.ApplicationDispatcher.include(ApplicationDispatcher.java:480) ~[tomcat-embed-core-9.0.76.jar:9.0.76]
	at org.apache.catalina.core.StandardHostValve.custom(StandardHostValve.java:354) ~[tomcat-embed-core-9.0.76.jar:9.0.76]
	at org.apache.catalina.core.StandardHostValve.status(StandardHostValve.java:237) ~[tomcat-embed-core-9.0.76.jar:9.0.76]
	at org.apache.catalina.core.StandardHostValve.throwable(StandardHostValve.java:319) ~[tomcat-embed-core-9.0.76.jar:9.0.76]
	at org.apache.catalina.core.StandardHostValve.invoke(StandardHostValve.java:164) ~[tomcat-embed-core-9.0.76.jar:9.0.76]
	at org.apache.catalina.valves.ErrorReportValve.invoke(ErrorReportValve.java:93) ~[tomcat-embed-core-9.0.76.jar:9.0.76]
	at org.apache.catalina.core.StandardEngineValve.invoke(StandardEngineValve.java:74) ~[tomcat-embed-core-9.0.76.jar:9.0.76]
	at org.apache.catalina.connector.CoyoteAdapter.service(CoyoteAdapter.java:343) ~[tomcat-embed-core-9.0.76.jar:9.0.76]
	at org.apache.coyote.http11.Http11Processor.service(Http11Processor.java:390) ~[tomcat-embed-core-9.0.76.jar:9.0.76]
	at org.apache.coyote.AbstractProcessorLight.process(AbstractProcessorLight.java:63) ~[tomcat-embed-core-9.0.76.jar:9.0.76]
	at org.apache.coyote.AbstractProtocol$ConnectionHandler.process(AbstractProtocol.java:926) ~[tomcat-embed-core-9.0.76.jar:9.0.76]
	at org.apache.tomcat.util.net.NioEndpoint$SocketProcessor.doRun(NioEndpoint.java:1791) ~[tomcat-embed-core-9.0.76.jar:9.0.76]
	at org.apache.tomcat.util.net.SocketProcessorBase.run(SocketProcessorBase.java:52) ~[tomcat-embed-core-9.0.76.jar:9.0.76]
	at org.apache.tomcat.util.threads.ThreadPoolExecutor.runWorker(ThreadPoolExecutor.java:1191) ~[tomcat-embed-core-9.0.76.jar:9.0.76]
	at org.apache.tomcat.util.threads.ThreadPoolExecutor$Worker.run(ThreadPoolExecutor.java:659) ~[tomcat-embed-core-9.0.76.jar:9.0.76]
	at org.apache.tomcat.util.threads.TaskThread$WrappingRunnable.run(TaskThread.java:61) ~[tomcat-embed-core-9.0.76.jar:9.0.76]
	at java.lang.Thread.run(Thread.java:1583) ~[?:?]
Caused by: org.thymeleaf.exceptions.TemplateInputException: An error happened during template parsing (template: "class path resource [templates/error.html]")
	at org.thymeleaf.templateparser.markup.AbstractMarkupTemplateParser.parse(AbstractMarkupTemplateParser.java:235) ~[thymeleaf-3.0.15.RELEASE.jar:3.0.15.RELEASE]
	at org.thymeleaf.templateparser.markup.AbstractMarkupTemplateParser.parseStandalone(AbstractMarkupTemplateParser.java:100) ~[thymeleaf-3.0.15.RELEASE.jar:3.0.15.RELEASE]
	at org.thymeleaf.engine.TemplateManager.parseAndProcess(TemplateManager.java:666) ~[thymeleaf-3.0.15.RELEASE.jar:3.0.15.RELEASE]
	at org.thymeleaf.TemplateEngine.process(TemplateEngine.java:1098) ~[thymeleaf-3.0.15.RELEASE.jar:3.0.15.RELEASE]
	at org.thymeleaf.TemplateEngine.process(TemplateEngine.java:1072) ~[thymeleaf-3.0.15.RELEASE.jar:3.0.15.RELEASE]
	at org.thymeleaf.spring5.view.ThymeleafView.renderFragment(ThymeleafView.java:366) ~[thymeleaf-spring5-3.0.15.RELEASE.jar:3.0.15.RELEASE]
	at org.thymeleaf.spring5.view.ThymeleafView.render(ThymeleafView.java:190) ~[thymeleaf-spring5-3.0.15.RELEASE.jar:3.0.15.RELEASE]
	at org.springframework.web.servlet.DispatcherServlet.render(DispatcherServlet.java:1406) ~[spring-webmvc-5.3.28.jar:5.3.28]
	at org.springframework.web.servlet.DispatcherServlet.processDispatchResult(DispatcherServlet.java:1150) ~[spring-webmvc-5.3.28.jar:5.3.28]
	at org.springframework.web.servlet.DispatcherServlet.doDispatch(DispatcherServlet.java:1089) ~[spring-webmvc-5.3.28.jar:5.3.28]
	at org.springframework.web.servlet.DispatcherServlet.doService(DispatcherServlet.java:965) ~[spring-webmvc-5.3.28.jar:5.3.28]
	at org.springframework.web.servlet.FrameworkServlet.processRequest(FrameworkServlet.java:1006) ~[spring-webmvc-5.3.28.jar:5.3.28]
	... 35 more
Caused by: java.io.FileNotFoundException: class path resource [templates/error.html] cannot be opened because it does not exist
	at org.springframework.core.io.ClassPathResource.getInputStream(ClassPathResource.java:199) ~[spring-core-5.3.28.jar:5.3.28]
	at org.thymeleaf.spring5.templateresource.SpringResourceTemplateResource.reader(SpringResourceTemplateResource.java:103) ~[thymeleaf-spring5-3.0.15.RELEASE.jar:3.0.15.RELEASE]
	at org.thymeleaf.templateparser.markup.AbstractMarkupTemplateParser.parse(AbstractMarkupTemplateParser.java:223) ~[thymeleaf-3.0.15.RELEASE.jar:3.0.15.RELEASE]
	at org.thymeleaf.templateparser.markup.AbstractMarkupTemplateParser.parseStandalone(AbstractMarkupTemplateParser.java:100) ~[thymeleaf-3.0.15.RELEASE.jar:3.0.15.RELEASE]
	at org.thymeleaf.engine.TemplateManager.parseAndProcess(TemplateManager.java:666) ~[thymeleaf-3.0.15.RELEASE.jar:3.0.15.RELEASE]
	at org.thymeleaf.TemplateEngine.process(TemplateEngine.java:1098) ~[thymeleaf-3.0.15.RELEASE.jar:3.0.15.RELEASE]
	at org.thymeleaf.TemplateEngine.process(TemplateEngine.java:1072) ~[thymeleaf-3.0.15.RELEASE.jar:3.0.15.RELEASE]
	at org.thymeleaf.spring5.view.ThymeleafView.renderFragment(ThymeleafView.java:366) ~[thymeleaf-spring5-3.0.15.RELEASE.jar:3.0.15.RELEASE]
	at org.thymeleaf.spring5.view.ThymeleafView.render(ThymeleafView.java:190) ~[thymeleaf-spring5-3.0.15.RELEASE.jar:3.0.15.RELEASE]
	at org.springframework.web.servlet.DispatcherServlet.render(DispatcherServlet.java:1406) ~[spring-webmvc-5.3.28.jar:5.3.28]
	at org.springframework.web.servlet.DispatcherServlet.processDispatchResult(DispatcherServlet.java:1150) ~[spring-webmvc-5.3.28.jar:5.3.28]
	at org.springframework.web.servlet.DispatcherServlet.doDispatch(DispatcherServlet.java:1089) ~[spring-webmvc-5.3.28.jar:5.3.28]
	at org.springframework.web.servlet.DispatcherServlet.doService(DispatcherServlet.java:965) ~[spring-webmvc-5.3.28.jar:5.3.28]
	at org.springframework.web.servlet.FrameworkServlet.processRequest(FrameworkServlet.java:1006) ~[spring-webmvc-5.3.28.jar:5.3.28]
	... 35 more
2026-02-16 21:54:44 [DEBUG] SQL:144 - 
    select
        count(ticket0_.ticket_id) as col_0_0_ 
    from
        tickets ticket0_ 
    where
        ticket0_.user_id=?
2026-02-16 21:54:44 [TRACE] BasicBinder:64 - binding parameter [1] as [BIGINT] - [5]
2026-02-16 21:54:45 [ERROR] TemplateEngine:1136 - [THYMELEAF][http-nio-8080-exec-10] Exception processing template "user/profile": An error happened during template parsing (template: "class path resource [templates/user/profile.html]")
org.thymeleaf.exceptions.TemplateInputException: An error happened during template parsing (template: "class path resource [templates/user/profile.html]")
	at org.thymeleaf.templateparser.markup.AbstractMarkupTemplateParser.parse(AbstractMarkupTemplateParser.java:241) ~[thymeleaf-3.0.15.RELEASE.jar:3.0.15.RELEASE]
	at org.thymeleaf.templateparser.markup.AbstractMarkupTemplateParser.parseStandalone(AbstractMarkupTemplateParser.java:100) ~[thymeleaf-3.0.15.RELEASE.jar:3.0.15.RELEASE]
	at org.thymeleaf.engine.TemplateManager.parseAndProcess(TemplateManager.java:666) ~[thymeleaf-3.0.15.RELEASE.jar:3.0.15.RELEASE]
	at org.thymeleaf.TemplateEngine.process(TemplateEngine.java:1098) ~[thymeleaf-3.0.15.RELEASE.jar:3.0.15.RELEASE]
	at org.thymeleaf.TemplateEngine.process(TemplateEngine.java:1072) ~[thymeleaf-3.0.15.RELEASE.jar:3.0.15.RELEASE]
	at org.thymeleaf.spring5.view.ThymeleafView.renderFragment(ThymeleafView.java:366) ~[thymeleaf-spring5-3.0.15.RELEASE.jar:3.0.15.RELEASE]
	at org.thymeleaf.spring5.view.ThymeleafView.render(ThymeleafView.java:190) ~[thymeleaf-spring5-3.0.15.RELEASE.jar:3.0.15.RELEASE]
	at org.springframework.web.servlet.DispatcherServlet.render(DispatcherServlet.java:1406) ~[spring-webmvc-5.3.28.jar:5.3.28]
	at org.springframework.web.servlet.DispatcherServlet.processDispatchResult(DispatcherServlet.java:1150) ~[spring-webmvc-5.3.28.jar:5.3.28]
	at org.springframework.web.servlet.DispatcherServlet.doDispatch(DispatcherServlet.java:1089) ~[spring-webmvc-5.3.28.jar:5.3.28]
	at org.springframework.web.servlet.DispatcherServlet.doService(DispatcherServlet.java:965) ~[spring-webmvc-5.3.28.jar:5.3.28]
	at org.springframework.web.servlet.FrameworkServlet.processRequest(FrameworkServlet.java:1006) ~[spring-webmvc-5.3.28.jar:5.3.28]
	at org.springframework.web.servlet.FrameworkServlet.doGet(FrameworkServlet.java:898) ~[spring-webmvc-5.3.28.jar:5.3.28]
	at javax.servlet.http.HttpServlet.service(HttpServlet.java:529) ~[tomcat-embed-core-9.0.76.jar:4.0.FR]
	at org.springframework.web.servlet.FrameworkServlet.service(FrameworkServlet.java:883) ~[spring-webmvc-5.3.28.jar:5.3.28]
	at javax.servlet.http.HttpServlet.service(HttpServlet.java:623) ~[tomcat-embed-core-9.0.76.jar:4.0.FR]
	at org.apache.catalina.core.ApplicationFilterChain.internalDoFilter(ApplicationFilterChain.java:209) ~[tomcat-embed-core-9.0.76.jar:9.0.76]
	at org.apache.catalina.core.ApplicationFilterChain.doFilter(ApplicationFilterChain.java:153) ~[tomcat-embed-core-9.0.76.jar:9.0.76]
	at org.apache.tomcat.websocket.server.WsFilter.doFilter(WsFilter.java:51) ~[tomcat-embed-websocket-9.0.76.jar:9.0.76]
	at org.apache.catalina.core.ApplicationFilterChain.internalDoFilter(ApplicationFilterChain.java:178) ~[tomcat-embed-core-9.0.76.jar:9.0.76]
	at org.apache.catalina.core.ApplicationFilterChain.doFilter(ApplicationFilterChain.java:153) ~[tomcat-embed-core-9.0.76.jar:9.0.76]
	at org.springframework.web.servlet.resource.ResourceUrlEncodingFilter.doFilter(ResourceUrlEncodingFilter.java:67) ~[spring-webmvc-5.3.28.jar:5.3.28]
	at org.apache.catalina.core.ApplicationFilterChain.internalDoFilter(ApplicationFilterChain.java:178) ~[tomcat-embed-core-9.0.76.jar:9.0.76]
	at org.apache.catalina.core.ApplicationFilterChain.doFilter(ApplicationFilterChain.java:153) ~[tomcat-embed-core-9.0.76.jar:9.0.76]
	at org.springframework.web.filter.RequestContextFilter.doFilterInternal(RequestContextFilter.java:100) ~[spring-web-5.3.28.jar:5.3.28]
	at org.springframework.web.filter.OncePerRequestFilter.doFilter(OncePerRequestFilter.java:117) ~[spring-web-5.3.28.jar:5.3.28]
	at org.apache.catalina.core.ApplicationFilterChain.internalDoFilter(ApplicationFilterChain.java:178) ~[tomcat-embed-core-9.0.76.jar:9.0.76]
	at org.apache.catalina.core.ApplicationFilterChain.doFilter(ApplicationFilterChain.java:153) ~[tomcat-embed-core-9.0.76.jar:9.0.76]
	at org.springframework.web.filter.FormContentFilter.doFilterInternal(FormContentFilter.java:93) ~[spring-web-5.3.28.jar:5.3.28]
	at org.springframework.web.filter.OncePerRequestFilter.doFilter(OncePerRequestFilter.java:117) ~[spring-web-5.3.28.jar:5.3.28]
	at org.apache.catalina.core.ApplicationFilterChain.internalDoFilter(ApplicationFilterChain.java:178) ~[tomcat-embed-core-9.0.76.jar:9.0.76]
	at org.apache.catalina.core.ApplicationFilterChain.doFilter(ApplicationFilterChain.java:153) ~[tomcat-embed-core-9.0.76.jar:9.0.76]
	at org.springframework.web.filter.CharacterEncodingFilter.doFilterInternal(CharacterEncodingFilter.java:201) ~[spring-web-5.3.28.jar:5.3.28]
	at org.springframework.web.filter.OncePerRequestFilter.doFilter(OncePerRequestFilter.java:117) ~[spring-web-5.3.28.jar:5.3.28]
	at org.apache.catalina.core.ApplicationFilterChain.internalDoFilter(ApplicationFilterChain.java:178) ~[tomcat-embed-core-9.0.76.jar:9.0.76]
	at org.apache.catalina.core.ApplicationFilterChain.doFilter(ApplicationFilterChain.java:153) ~[tomcat-embed-core-9.0.76.jar:9.0.76]
	at org.apache.catalina.core.StandardWrapperValve.invoke(StandardWrapperValve.java:167) ~[tomcat-embed-core-9.0.76.jar:9.0.76]
	at org.apache.catalina.core.StandardContextValve.invoke(StandardContextValve.java:90) ~[tomcat-embed-core-9.0.76.jar:9.0.76]
	at org.apache.catalina.authenticator.AuthenticatorBase.invoke(AuthenticatorBase.java:481) ~[tomcat-embed-core-9.0.76.jar:9.0.76]
	at org.apache.catalina.core.StandardHostValve.invoke(StandardHostValve.java:130) ~[tomcat-embed-core-9.0.76.jar:9.0.76]
	at org.apache.catalina.valves.ErrorReportValve.invoke(ErrorReportValve.java:93) ~[tomcat-embed-core-9.0.76.jar:9.0.76]
	at org.apache.catalina.core.StandardEngineValve.invoke(StandardEngineValve.java:74) ~[tomcat-embed-core-9.0.76.jar:9.0.76]
	at org.apache.catalina.connector.CoyoteAdapter.service(CoyoteAdapter.java:343) ~[tomcat-embed-core-9.0.76.jar:9.0.76]
	at org.apache.coyote.http11.Http11Processor.service(Http11Processor.java:390) ~[tomcat-embed-core-9.0.76.jar:9.0.76]
	at org.apache.coyote.AbstractProcessorLight.process(AbstractProcessorLight.java:63) ~[tomcat-embed-core-9.0.76.jar:9.0.76]
	at org.apache.coyote.AbstractProtocol$ConnectionHandler.process(AbstractProtocol.java:926) ~[tomcat-embed-core-9.0.76.jar:9.0.76]
	at org.apache.tomcat.util.net.NioEndpoint$SocketProcessor.doRun(NioEndpoint.java:1791) ~[tomcat-embed-core-9.0.76.jar:9.0.76]
	at org.apache.tomcat.util.net.SocketProcessorBase.run(SocketProcessorBase.java:52) ~[tomcat-embed-core-9.0.76.jar:9.0.76]
	at org.apache.tomcat.util.threads.ThreadPoolExecutor.runWorker(ThreadPoolExecutor.java:1191) ~[tomcat-embed-core-9.0.76.jar:9.0.76]
	at org.apache.tomcat.util.threads.ThreadPoolExecutor$Worker.run(ThreadPoolExecutor.java:659) ~[tomcat-embed-core-9.0.76.jar:9.0.76]
	at org.apache.tomcat.util.threads.TaskThread$WrappingRunnable.run(TaskThread.java:61) ~[tomcat-embed-core-9.0.76.jar:9.0.76]
	at java.lang.Thread.run(Thread.java:1583) ~[?:?]
Caused by: org.attoparser.ParseException: Exception evaluating SpringEL expression: "user.lastLogin ? #temporals.format(user.lastLogin, 'dd MMMM yyyy HH:mm') : 'Never'" (template: "user/profile" - line 95, col 37)
	at org.attoparser.MarkupParser.parseDocument(MarkupParser.java:393) ~[attoparser-2.0.5.RELEASE.jar:2.0.5.RELEASE]
	at org.attoparser.MarkupParser.parse(MarkupParser.java:257) ~[attoparser-2.0.5.RELEASE.jar:2.0.5.RELEASE]
	at org.thymeleaf.templateparser.markup.AbstractMarkupTemplateParser.parse(AbstractMarkupTemplateParser.java:230) ~[thymeleaf-3.0.15.RELEASE.jar:3.0.15.RELEASE]
	... 51 more
Caused by: org.thymeleaf.exceptions.TemplateProcessingException: Exception evaluating SpringEL expression: "user.lastLogin ? #temporals.format(user.lastLogin, 'dd MMMM yyyy HH:mm') : 'Never'" (template: "user/profile" - line 95, col 37)
	at org.thymeleaf.spring5.expression.SPELVariableExpressionEvaluator.evaluate(SPELVariableExpressionEvaluator.java:292) ~[thymeleaf-spring5-3.0.15.RELEASE.jar:3.0.15.RELEASE]
	at org.thymeleaf.standard.expression.VariableExpression.executeVariableExpression(VariableExpression.java:166) ~[thymeleaf-3.0.15.RELEASE.jar:3.0.15.RELEASE]
	at org.thymeleaf.standard.expression.SimpleExpression.executeSimple(SimpleExpression.java:66) ~[thymeleaf-3.0.15.RELEASE.jar:3.0.15.RELEASE]
	at org.thymeleaf.standard.expression.Expression.execute(Expression.java:109) ~[thymeleaf-3.0.15.RELEASE.jar:3.0.15.RELEASE]
	at org.thymeleaf.standard.expression.Expression.execute(Expression.java:138) ~[thymeleaf-3.0.15.RELEASE.jar:3.0.15.RELEASE]
	at org.thymeleaf.standard.processor.AbstractStandardExpressionAttributeTagProcessor.doProcess(AbstractStandardExpressionAttributeTagProcessor.java:144) ~[thymeleaf-3.0.15.RELEASE.jar:3.0.15.RELEASE]
	at org.thymeleaf.processor.element.AbstractAttributeTagProcessor.doProcess(AbstractAttributeTagProcessor.java:74) ~[thymeleaf-3.0.15.RELEASE.jar:3.0.15.RELEASE]
	at org.thymeleaf.processor.element.AbstractElementTagProcessor.process(AbstractElementTagProcessor.java:95) ~[thymeleaf-3.0.15.RELEASE.jar:3.0.15.RELEASE]
	at org.thymeleaf.util.ProcessorConfigurationUtils$ElementTagProcessorWrapper.process(ProcessorConfigurationUtils.java:633) ~[thymeleaf-3.0.15.RELEASE.jar:3.0.15.RELEASE]
	at org.thymeleaf.engine.ProcessorTemplateHandler.handleOpenElement(ProcessorTemplateHandler.java:1314) ~[thymeleaf-3.0.15.RELEASE.jar:3.0.15.RELEASE]
	at org.thymeleaf.engine.OpenElementTag.beHandled(OpenElementTag.java:205) ~[thymeleaf-3.0.15.RELEASE.jar:3.0.15.RELEASE]
	at org.thymeleaf.engine.Model.process(Model.java:282) ~[thymeleaf-3.0.15.RELEASE.jar:3.0.15.RELEASE]
	at org.thymeleaf.engine.ProcessorTemplateHandler.handleOpenElement(ProcessorTemplateHandler.java:1587) ~[thymeleaf-3.0.15.RELEASE.jar:3.0.15.RELEASE]
	at org.thymeleaf.engine.OpenElementTag.beHandled(OpenElementTag.java:205) ~[thymeleaf-3.0.15.RELEASE.jar:3.0.15.RELEASE]
	at org.thymeleaf.engine.Model.process(Model.java:282) ~[thymeleaf-3.0.15.RELEASE.jar:3.0.15.RELEASE]
	at org.thymeleaf.engine.ProcessorTemplateHandler.handleOpenElement(ProcessorTemplateHandler.java:1587) ~[thymeleaf-3.0.15.RELEASE.jar:3.0.15.RELEASE]
	at org.thymeleaf.engine.OpenElementTag.beHandled(OpenElementTag.java:205) ~[thymeleaf-3.0.15.RELEASE.jar:3.0.15.RELEASE]
	at org.thymeleaf.engine.Model.process(Model.java:282) ~[thymeleaf-3.0.15.RELEASE.jar:3.0.15.RELEASE]
	at org.thymeleaf.engine.Model.process(Model.java:290) ~[thymeleaf-3.0.15.RELEASE.jar:3.0.15.RELEASE]
	at org.thymeleaf.engine.GatheringModelProcessable.process(GatheringModelProcessable.java:78) ~[thymeleaf-3.0.15.RELEASE.jar:3.0.15.RELEASE]
	at org.thymeleaf.engine.ProcessorTemplateHandler.handleCloseElement(ProcessorTemplateHandler.java:1640) ~[thymeleaf-3.0.15.RELEASE.jar:3.0.15.RELEASE]
	at org.thymeleaf.engine.TemplateHandlerAdapterMarkupHandler.handleCloseElementEnd(TemplateHandlerAdapterMarkupHandler.java:388) ~[thymeleaf-3.0.15.RELEASE.jar:3.0.15.RELEASE]
	at org.thymeleaf.templateparser.markup.InlinedOutputExpressionMarkupHandler$InlineMarkupAdapterPreProcessorHandler.handleCloseElementEnd(InlinedOutputExpressionMarkupHandler.java:322) ~[thymeleaf-3.0.15.RELEASE.jar:3.0.15.RELEASE]
	at org.thymeleaf.standard.inline.OutputExpressionInlinePreProcessorHandler.handleCloseElementEnd(OutputExpressionInlinePreProcessorHandler.java:220) ~[thymeleaf-3.0.15.RELEASE.jar:3.0.15.RELEASE]
	at org.thymeleaf.templateparser.markup.InlinedOutputExpressionMarkupHandler.handleCloseElementEnd(InlinedOutputExpressionMarkupHandler.java:164) ~[thymeleaf-3.0.15.RELEASE.jar:3.0.15.RELEASE]
	at org.attoparser.HtmlElement.handleCloseElementEnd(HtmlElement.java:169) ~[attoparser-2.0.5.RELEASE.jar:2.0.5.RELEASE]
	at org.attoparser.HtmlMarkupHandler.handleCloseElementEnd(HtmlMarkupHandler.java:412) ~[attoparser-2.0.5.RELEASE.jar:2.0.5.RELEASE]
	at org.attoparser.MarkupEventProcessorHandler.handleCloseElementEnd(MarkupEventProcessorHandler.java:473) ~[attoparser-2.0.5.RELEASE.jar:2.0.5.RELEASE]
	at org.attoparser.ParsingElementMarkupUtil.parseCloseElement(ParsingElementMarkupUtil.java:201) ~[attoparser-2.0.5.RELEASE.jar:2.0.5.RELEASE]
	at org.attoparser.MarkupParser.parseBuffer(MarkupParser.java:725) ~[attoparser-2.0.5.RELEASE.jar:2.0.5.RELEASE]
	at org.attoparser.MarkupParser.parseDocument(MarkupParser.java:301) ~[attoparser-2.0.5.RELEASE.jar:2.0.5.RELEASE]
	at org.attoparser.MarkupParser.parse(MarkupParser.java:257) ~[attoparser-2.0.5.RELEASE.jar:2.0.5.RELEASE]
	at org.thymeleaf.templateparser.markup.AbstractMarkupTemplateParser.parse(AbstractMarkupTemplateParser.java:230) ~[thymeleaf-3.0.15.RELEASE.jar:3.0.15.RELEASE]
	... 51 more
Caused by: org.springframework.expression.spel.SpelEvaluationException: EL1001E: Type conversion problem, cannot convert from @javax.persistence.Column java.time.LocalDateTime to java.lang.Boolean
	at org.springframework.expression.spel.support.StandardTypeConverter.convertValue(StandardTypeConverter.java:87) ~[spring-expression-5.3.28.jar:5.3.28]
	at org.springframework.expression.common.ExpressionUtils.convertTypedValue(ExpressionUtils.java:57) ~[spring-expression-5.3.28.jar:5.3.28]
	at org.springframework.expression.spel.ast.SpelNodeImpl.getValue(SpelNodeImpl.java:212) ~[spring-expression-5.3.28.jar:5.3.28]
	at org.springframework.expression.spel.ast.Ternary.getValueInternal(Ternary.java:54) ~[spring-expression-5.3.28.jar:5.3.28]
	at org.springframework.expression.spel.ast.SpelNodeImpl.getValue(SpelNodeImpl.java:114) ~[spring-expression-5.3.28.jar:5.3.28]
	at org.springframework.expression.spel.standard.SpelExpression.getValue(SpelExpression.java:338) ~[spring-expression-5.3.28.jar:5.3.28]
	at org.thymeleaf.spring5.expression.SPELVariableExpressionEvaluator.evaluate(SPELVariableExpressionEvaluator.java:265) ~[thymeleaf-spring5-3.0.15.RELEASE.jar:3.0.15.RELEASE]
	at org.thymeleaf.standard.expression.VariableExpression.executeVariableExpression(VariableExpression.java:166) ~[thymeleaf-3.0.15.RELEASE.jar:3.0.15.RELEASE]
	at org.thymeleaf.standard.expression.SimpleExpression.executeSimple(SimpleExpression.java:66) ~[thymeleaf-3.0.15.RELEASE.jar:3.0.15.RELEASE]
	at org.thymeleaf.standard.expression.Expression.execute(Expression.java:109) ~[thymeleaf-3.0.15.RELEASE.jar:3.0.15.RELEASE]
	at org.thymeleaf.standard.expression.Expression.execute(Expression.java:138) ~[thymeleaf-3.0.15.RELEASE.jar:3.0.15.RELEASE]
	at org.thymeleaf.standard.processor.AbstractStandardExpressionAttributeTagProcessor.doProcess(AbstractStandardExpressionAttributeTagProcessor.java:144) ~[thymeleaf-3.0.15.RELEASE.jar:3.0.15.RELEASE]
	at org.thymeleaf.processor.element.AbstractAttributeTagProcessor.doProcess(AbstractAttributeTagProcessor.java:74) ~[thymeleaf-3.0.15.RELEASE.jar:3.0.15.RELEASE]
	at org.thymeleaf.processor.element.AbstractElementTagProcessor.process(AbstractElementTagProcessor.java:95) ~[thymeleaf-3.0.15.RELEASE.jar:3.0.15.RELEASE]
	at org.thymeleaf.util.ProcessorConfigurationUtils$ElementTagProcessorWrapper.process(ProcessorConfigurationUtils.java:633) ~[thymeleaf-3.0.15.RELEASE.jar:3.0.15.RELEASE]
	at org.thymeleaf.engine.ProcessorTemplateHandler.handleOpenElement(ProcessorTemplateHandler.java:1314) ~[thymeleaf-3.0.15.RELEASE.jar:3.0.15.RELEASE]
	at org.thymeleaf.engine.OpenElementTag.beHandled(OpenElementTag.java:205) ~[thymeleaf-3.0.15.RELEASE.jar:3.0.15.RELEASE]
	at org.thymeleaf.engine.Model.process(Model.java:282) ~[thymeleaf-3.0.15.RELEASE.jar:3.0.15.RELEASE]
	at org.thymeleaf.engine.ProcessorTemplateHandler.handleOpenElement(ProcessorTemplateHandler.java:1587) ~[thymeleaf-3.0.15.RELEASE.jar:3.0.15.RELEASE]
	at org.thymeleaf.engine.OpenElementTag.beHandled(OpenElementTag.java:205) ~[thymeleaf-3.0.15.RELEASE.jar:3.0.15.RELEASE]
	at org.thymeleaf.engine.Model.process(Model.java:282) ~[thymeleaf-3.0.15.RELEASE.jar:3.0.15.RELEASE]
	at org.thymeleaf.engine.ProcessorTemplateHandler.handleOpenElement(ProcessorTemplateHandler.java:1587) ~[thymeleaf-3.0.15.RELEASE.jar:3.0.15.RELEASE]
	at org.thymeleaf.engine.OpenElementTag.beHandled(OpenElementTag.java:205) ~[thymeleaf-3.0.15.RELEASE.jar:3.0.15.RELEASE]
	at org.thymeleaf.engine.Model.process(Model.java:282) ~[thymeleaf-3.0.15.RELEASE.jar:3.0.15.RELEASE]
	at org.thymeleaf.engine.Model.process(Model.java:290) ~[thymeleaf-3.0.15.RELEASE.jar:3.0.15.RELEASE]
	at org.thymeleaf.engine.GatheringModelProcessable.process(GatheringModelProcessable.java:78) ~[thymeleaf-3.0.15.RELEASE.jar:3.0.15.RELEASE]
	at org.thymeleaf.engine.ProcessorTemplateHandler.handleCloseElement(ProcessorTemplateHandler.java:1640) ~[thymeleaf-3.0.15.RELEASE.jar:3.0.15.RELEASE]
	at org.thymeleaf.engine.TemplateHandlerAdapterMarkupHandler.handleCloseElementEnd(TemplateHandlerAdapterMarkupHandler.java:388) ~[thymeleaf-3.0.15.RELEASE.jar:3.0.15.RELEASE]
	at org.thymeleaf.templateparser.markup.InlinedOutputExpressionMarkupHandler$InlineMarkupAdapterPreProcessorHandler.handleCloseElementEnd(InlinedOutputExpressionMarkupHandler.java:322) ~[thymeleaf-3.0.15.RELEASE.jar:3.0.15.RELEASE]
	at org.thymeleaf.standard.inline.OutputExpressionInlinePreProcessorHandler.handleCloseElementEnd(OutputExpressionInlinePreProcessorHandler.java:220) ~[thymeleaf-3.0.15.RELEASE.jar:3.0.15.RELEASE]
	at org.thymeleaf.templateparser.markup.InlinedOutputExpressionMarkupHandler.handleCloseElementEnd(InlinedOutputExpressionMarkupHandler.java:164) ~[thymeleaf-3.0.15.RELEASE.jar:3.0.15.RELEASE]
	at org.attoparser.HtmlElement.handleCloseElementEnd(HtmlElement.java:169) ~[attoparser-2.0.5.RELEASE.jar:2.0.5.RELEASE]
	at org.attoparser.HtmlMarkupHandler.handleCloseElementEnd(HtmlMarkupHandler.java:412) ~[attoparser-2.0.5.RELEASE.jar:2.0.5.RELEASE]
	at org.attoparser.MarkupEventProcessorHandler.handleCloseElementEnd(MarkupEventProcessorHandler.java:473) ~[attoparser-2.0.5.RELEASE.jar:2.0.5.RELEASE]
	at org.attoparser.ParsingElementMarkupUtil.parseCloseElement(ParsingElementMarkupUtil.java:201) ~[attoparser-2.0.5.RELEASE.jar:2.0.5.RELEASE]
	at org.attoparser.MarkupParser.parseBuffer(MarkupParser.java:725) ~[attoparser-2.0.5.RELEASE.jar:2.0.5.RELEASE]
	at org.attoparser.MarkupParser.parseDocument(MarkupParser.java:301) ~[attoparser-2.0.5.RELEASE.jar:2.0.5.RELEASE]
	at org.attoparser.MarkupParser.parse(MarkupParser.java:257) ~[attoparser-2.0.5.RELEASE.jar:2.0.5.RELEASE]
	at org.thymeleaf.templateparser.markup.AbstractMarkupTemplateParser.parse(AbstractMarkupTemplateParser.java:230) ~[thymeleaf-3.0.15.RELEASE.jar:3.0.15.RELEASE]
	... 51 more
Caused by: org.springframework.core.convert.ConverterNotFoundException: No converter found capable of converting from type [@javax.persistence.Column java.time.LocalDateTime] to type [java.lang.Boolean]
	at org.springframework.core.convert.support.GenericConversionService.handleConverterNotFound(GenericConversionService.java:322) ~[spring-core-5.3.28.jar:5.3.28]
	at org.springframework.core.convert.support.GenericConversionService.convert(GenericConversionService.java:195) ~[spring-core-5.3.28.jar:5.3.28]
	at org.springframework.expression.spel.support.StandardTypeConverter.convertValue(StandardTypeConverter.java:82) ~[spring-expression-5.3.28.jar:5.3.28]
	at org.springframework.expression.common.ExpressionUtils.convertTypedValue(ExpressionUtils.java:57) ~[spring-expression-5.3.28.jar:5.3.28]
	at org.springframework.expression.spel.ast.SpelNodeImpl.getValue(SpelNodeImpl.java:212) ~[spring-expression-5.3.28.jar:5.3.28]
	at org.springframework.expression.spel.ast.Ternary.getValueInternal(Ternary.java:54) ~[spring-expression-5.3.28.jar:5.3.28]
	at org.springframework.expression.spel.ast.SpelNodeImpl.getValue(SpelNodeImpl.java:114) ~[spring-expression-5.3.28.jar:5.3.28]
	at org.springframework.expression.spel.standard.SpelExpression.getValue(SpelExpression.java:338) ~[spring-expression-5.3.28.jar:5.3.28]
	at org.thymeleaf.spring5.expression.SPELVariableExpressionEvaluator.evaluate(SPELVariableExpressionEvaluator.java:265) ~[thymeleaf-spring5-3.0.15.RELEASE.jar:3.0.15.RELEASE]
	at org.thymeleaf.standard.expression.VariableExpression.executeVariableExpression(VariableExpression.java:166) ~[thymeleaf-3.0.15.RELEASE.jar:3.0.15.RELEASE]
	at org.thymeleaf.standard.expression.SimpleExpression.executeSimple(SimpleExpression.java:66) ~[thymeleaf-3.0.15.RELEASE.jar:3.0.15.RELEASE]
	at org.thymeleaf.standard.expression.Expression.execute(Expression.java:109) ~[thymeleaf-3.0.15.RELEASE.jar:3.0.15.RELEASE]
	at org.thymeleaf.standard.expression.Expression.execute(Expression.java:138) ~[thymeleaf-3.0.15.RELEASE.jar:3.0.15.RELEASE]
	at org.thymeleaf.standard.processor.AbstractStandardExpressionAttributeTagProcessor.doProcess(AbstractStandardExpressionAttributeTagProcessor.java:144) ~[thymeleaf-3.0.15.RELEASE.jar:3.0.15.RELEASE]
	at org.thymeleaf.processor.element.AbstractAttributeTagProcessor.doProcess(AbstractAttributeTagProcessor.java:74) ~[thymeleaf-3.0.15.RELEASE.jar:3.0.15.RELEASE]
	at org.thymeleaf.processor.element.AbstractElementTagProcessor.process(AbstractElementTagProcessor.java:95) ~[thymeleaf-3.0.15.RELEASE.jar:3.0.15.RELEASE]
	at org.thymeleaf.util.ProcessorConfigurationUtils$ElementTagProcessorWrapper.process(ProcessorConfigurationUtils.java:633) ~[thymeleaf-3.0.15.RELEASE.jar:3.0.15.RELEASE]
	at org.thymeleaf.engine.ProcessorTemplateHandler.handleOpenElement(ProcessorTemplateHandler.java:1314) ~[thymeleaf-3.0.15.RELEASE.jar:3.0.15.RELEASE]
	at org.thymeleaf.engine.OpenElementTag.beHandled(OpenElementTag.java:205) ~[thymeleaf-3.0.15.RELEASE.jar:3.0.15.RELEASE]
	at org.thymeleaf.engine.Model.process(Model.java:282) ~[thymeleaf-3.0.15.RELEASE.jar:3.0.15.RELEASE]
	at org.thymeleaf.engine.ProcessorTemplateHandler.handleOpenElement(ProcessorTemplateHandler.java:1587) ~[thymeleaf-3.0.15.RELEASE.jar:3.0.15.RELEASE]
	at org.thymeleaf.engine.OpenElementTag.beHandled(OpenElementTag.java:205) ~[thymeleaf-3.0.15.RELEASE.jar:3.0.15.RELEASE]
	at org.thymeleaf.engine.Model.process(Model.java:282) ~[thymeleaf-3.0.15.RELEASE.jar:3.0.15.RELEASE]
	at org.thymeleaf.engine.ProcessorTemplateHandler.handleOpenElement(ProcessorTemplateHandler.java:1587) ~[thymeleaf-3.0.15.RELEASE.jar:3.0.15.RELEASE]
	at org.thymeleaf.engine.OpenElementTag.beHandled(OpenElementTag.java:205) ~[thymeleaf-3.0.15.RELEASE.jar:3.0.15.RELEASE]
	at org.thymeleaf.engine.Model.process(Model.java:282) ~[thymeleaf-3.0.15.RELEASE.jar:3.0.15.RELEASE]
	at org.thymeleaf.engine.Model.process(Model.java:290) ~[thymeleaf-3.0.15.RELEASE.jar:3.0.15.RELEASE]
	at org.thymeleaf.engine.GatheringModelProcessable.process(GatheringModelProcessable.java:78) ~[thymeleaf-3.0.15.RELEASE.jar:3.0.15.RELEASE]
	at org.thymeleaf.engine.ProcessorTemplateHandler.handleCloseElement(ProcessorTemplateHandler.java:1640) ~[thymeleaf-3.0.15.RELEASE.jar:3.0.15.RELEASE]
	at org.thymeleaf.engine.TemplateHandlerAdapterMarkupHandler.handleCloseElementEnd(TemplateHandlerAdapterMarkupHandler.java:388) ~[thymeleaf-3.0.15.RELEASE.jar:3.0.15.RELEASE]
	at org.thymeleaf.templateparser.markup.InlinedOutputExpressionMarkupHandler$InlineMarkupAdapterPreProcessorHandler.handleCloseElementEnd(InlinedOutputExpressionMarkupHandler.java:322) ~[thymeleaf-3.0.15.RELEASE.jar:3.0.15.RELEASE]
	at org.thymeleaf.standard.inline.OutputExpressionInlinePreProcessorHandler.handleCloseElementEnd(OutputExpressionInlinePreProcessorHandler.java:220) ~[thymeleaf-3.0.15.RELEASE.jar:3.0.15.RELEASE]
	at org.thymeleaf.templateparser.markup.InlinedOutputExpressionMarkupHandler.handleCloseElementEnd(InlinedOutputExpressionMarkupHandler.java:164) ~[thymeleaf-3.0.15.RELEASE.jar:3.0.15.RELEASE]
	at org.attoparser.HtmlElement.handleCloseElementEnd(HtmlElement.java:169) ~[attoparser-2.0.5.RELEASE.jar:2.0.5.RELEASE]
	at org.attoparser.HtmlMarkupHandler.handleCloseElementEnd(HtmlMarkupHandler.java:412) ~[attoparser-2.0.5.RELEASE.jar:2.0.5.RELEASE]
	at org.attoparser.MarkupEventProcessorHandler.handleCloseElementEnd(MarkupEventProcessorHandler.java:473) ~[attoparser-2.0.5.RELEASE.jar:2.0.5.RELEASE]
	at org.attoparser.ParsingElementMarkupUtil.parseCloseElement(ParsingElementMarkupUtil.java:201) ~[attoparser-2.0.5.RELEASE.jar:2.0.5.RELEASE]
	at org.attoparser.MarkupParser.parseBuffer(MarkupParser.java:725) ~[attoparser-2.0.5.RELEASE.jar:2.0.5.RELEASE]
	at org.attoparser.MarkupParser.parseDocument(MarkupParser.java:301) ~[attoparser-2.0.5.RELEASE.jar:2.0.5.RELEASE]
	at org.attoparser.MarkupParser.parse(MarkupParser.java:257) ~[attoparser-2.0.5.RELEASE.jar:2.0.5.RELEASE]
	at org.thymeleaf.templateparser.markup.AbstractMarkupTemplateParser.parse(AbstractMarkupTemplateParser.java:230) ~[thymeleaf-3.0.15.RELEASE.jar:3.0.15.RELEASE]
	... 51 more
2026-02-16 21:54:45 [ERROR] [dispatcherServlet]:175 - Servlet.service() for servlet [dispatcherServlet] in context with path [/RailEase] threw exception [Request processing failed; nested exception is org.thymeleaf.exceptions.TemplateInputException: An error happened during template parsing (template: "class path resource [templates/user/profile.html]")] with root cause
org.springframework.core.convert.ConverterNotFoundException: No converter found capable of converting from type [@javax.persistence.Column java.time.LocalDateTime] to type [java.lang.Boolean]
	at org.springframework.core.convert.support.GenericConversionService.handleConverterNotFound(GenericConversionService.java:322) ~[spring-core-5.3.28.jar:5.3.28]
	at org.springframework.core.convert.support.GenericConversionService.convert(GenericConversionService.java:195) ~[spring-core-5.3.28.jar:5.3.28]
	at org.springframework.expression.spel.support.StandardTypeConverter.convertValue(StandardTypeConverter.java:82) ~[spring-expression-5.3.28.jar:5.3.28]
	at org.springframework.expression.common.ExpressionUtils.convertTypedValue(ExpressionUtils.java:57) ~[spring-expression-5.3.28.jar:5.3.28]
	at org.springframework.expression.spel.ast.SpelNodeImpl.getValue(SpelNodeImpl.java:212) ~[spring-expression-5.3.28.jar:5.3.28]
	at org.springframework.expression.spel.ast.Ternary.getValueInternal(Ternary.java:54) ~[spring-expression-5.3.28.jar:5.3.28]
	at org.springframework.expression.spel.ast.SpelNodeImpl.getValue(SpelNodeImpl.java:114) ~[spring-expression-5.3.28.jar:5.3.28]
	at org.springframework.expression.spel.standard.SpelExpression.getValue(SpelExpression.java:338) ~[spring-expression-5.3.28.jar:5.3.28]
	at org.thymeleaf.spring5.expression.SPELVariableExpressionEvaluator.evaluate(SPELVariableExpressionEvaluator.java:265) ~[thymeleaf-spring5-3.0.15.RELEASE.jar:3.0.15.RELEASE]
	at org.thymeleaf.standard.expression.VariableExpression.executeVariableExpression(VariableExpression.java:166) ~[thymeleaf-3.0.15.RELEASE.jar:3.0.15.RELEASE]
	at org.thymeleaf.standard.expression.SimpleExpression.executeSimple(SimpleExpression.java:66) ~[thymeleaf-3.0.15.RELEASE.jar:3.0.15.RELEASE]
	at org.thymeleaf.standard.expression.Expression.execute(Expression.java:109) ~[thymeleaf-3.0.15.RELEASE.jar:3.0.15.RELEASE]
	at org.thymeleaf.standard.expression.Expression.execute(Expression.java:138) ~[thymeleaf-3.0.15.RELEASE.jar:3.0.15.RELEASE]
	at org.thymeleaf.standard.processor.AbstractStandardExpressionAttributeTagProcessor.doProcess(AbstractStandardExpressionAttributeTagProcessor.java:144) ~[thymeleaf-3.0.15.RELEASE.jar:3.0.15.RELEASE]
	at org.thymeleaf.processor.element.AbstractAttributeTagProcessor.doProcess(AbstractAttributeTagProcessor.java:74) ~[thymeleaf-3.0.15.RELEASE.jar:3.0.15.RELEASE]
	at org.thymeleaf.processor.element.AbstractElementTagProcessor.process(AbstractElementTagProcessor.java:95) ~[thymeleaf-3.0.15.RELEASE.jar:3.0.15.RELEASE]
	at org.thymeleaf.util.ProcessorConfigurationUtils$ElementTagProcessorWrapper.process(ProcessorConfigurationUtils.java:633) ~[thymeleaf-3.0.15.RELEASE.jar:3.0.15.RELEASE]
	at org.thymeleaf.engine.ProcessorTemplateHandler.handleOpenElement(ProcessorTemplateHandler.java:1314) ~[thymeleaf-3.0.15.RELEASE.jar:3.0.15.RELEASE]
	at org.thymeleaf.engine.OpenElementTag.beHandled(OpenElementTag.java:205) ~[thymeleaf-3.0.15.RELEASE.jar:3.0.15.RELEASE]
	at org.thymeleaf.engine.Model.process(Model.java:282) ~[thymeleaf-3.0.15.RELEASE.jar:3.0.15.RELEASE]
	at org.thymeleaf.engine.ProcessorTemplateHandler.handleOpenElement(ProcessorTemplateHandler.java:1587) ~[thymeleaf-3.0.15.RELEASE.jar:3.0.15.RELEASE]
	at org.thymeleaf.engine.OpenElementTag.beHandled(OpenElementTag.java:205) ~[thymeleaf-3.0.15.RELEASE.jar:3.0.15.RELEASE]
	at org.thymeleaf.engine.Model.process(Model.java:282) ~[thymeleaf-3.0.15.RELEASE.jar:3.0.15.RELEASE]
	at org.thymeleaf.engine.ProcessorTemplateHandler.handleOpenElement(ProcessorTemplateHandler.java:1587) ~[thymeleaf-3.0.15.RELEASE.jar:3.0.15.RELEASE]
	at org.thymeleaf.engine.OpenElementTag.beHandled(OpenElementTag.java:205) ~[thymeleaf-3.0.15.RELEASE.jar:3.0.15.RELEASE]
	at org.thymeleaf.engine.Model.process(Model.java:282) ~[thymeleaf-3.0.15.RELEASE.jar:3.0.15.RELEASE]
	at org.thymeleaf.engine.Model.process(Model.java:290) ~[thymeleaf-3.0.15.RELEASE.jar:3.0.15.RELEASE]
	at org.thymeleaf.engine.GatheringModelProcessable.process(GatheringModelProcessable.java:78) ~[thymeleaf-3.0.15.RELEASE.jar:3.0.15.RELEASE]
	at org.thymeleaf.engine.ProcessorTemplateHandler.handleCloseElement(ProcessorTemplateHandler.java:1640) ~[thymeleaf-3.0.15.RELEASE.jar:3.0.15.RELEASE]
	at org.thymeleaf.engine.TemplateHandlerAdapterMarkupHandler.handleCloseElementEnd(TemplateHandlerAdapterMarkupHandler.java:388) ~[thymeleaf-3.0.15.RELEASE.jar:3.0.15.RELEASE]
	at org.thymeleaf.templateparser.markup.InlinedOutputExpressionMarkupHandler$InlineMarkupAdapterPreProcessorHandler.handleCloseElementEnd(InlinedOutputExpressionMarkupHandler.java:322) ~[thymeleaf-3.0.15.RELEASE.jar:3.0.15.RELEASE]
	at org.thymeleaf.standard.inline.OutputExpressionInlinePreProcessorHandler.handleCloseElementEnd(OutputExpressionInlinePreProcessorHandler.java:220) ~[thymeleaf-3.0.15.RELEASE.jar:3.0.15.RELEASE]
	at org.thymeleaf.templateparser.markup.InlinedOutputExpressionMarkupHandler.handleCloseElementEnd(InlinedOutputExpressionMarkupHandler.java:164) ~[thymeleaf-3.0.15.RELEASE.jar:3.0.15.RELEASE]
	at org.attoparser.HtmlElement.handleCloseElementEnd(HtmlElement.java:169) ~[attoparser-2.0.5.RELEASE.jar:2.0.5.RELEASE]
	at org.attoparser.HtmlMarkupHandler.handleCloseElementEnd(HtmlMarkupHandler.java:412) ~[attoparser-2.0.5.RELEASE.jar:2.0.5.RELEASE]
	at org.attoparser.MarkupEventProcessorHandler.handleCloseElementEnd(MarkupEventProcessorHandler.java:473) ~[attoparser-2.0.5.RELEASE.jar:2.0.5.RELEASE]
	at org.attoparser.ParsingElementMarkupUtil.parseCloseElement(ParsingElementMarkupUtil.java:201) ~[attoparser-2.0.5.RELEASE.jar:2.0.5.RELEASE]
	at org.attoparser.MarkupParser.parseBuffer(MarkupParser.java:725) ~[attoparser-2.0.5.RELEASE.jar:2.0.5.RELEASE]
	at org.attoparser.MarkupParser.parseDocument(MarkupParser.java:301) ~[attoparser-2.0.5.RELEASE.jar:2.0.5.RELEASE]
	at org.attoparser.MarkupParser.parse(MarkupParser.java:257) ~[attoparser-2.0.5.RELEASE.jar:2.0.5.RELEASE]
	at org.thymeleaf.templateparser.markup.AbstractMarkupTemplateParser.parse(AbstractMarkupTemplateParser.java:230) ~[thymeleaf-3.0.15.RELEASE.jar:3.0.15.RELEASE]
	at org.thymeleaf.templateparser.markup.AbstractMarkupTemplateParser.parseStandalone(AbstractMarkupTemplateParser.java:100) ~[thymeleaf-3.0.15.RELEASE.jar:3.0.15.RELEASE]
	at org.thymeleaf.engine.TemplateManager.parseAndProcess(TemplateManager.java:666) ~[thymeleaf-3.0.15.RELEASE.jar:3.0.15.RELEASE]
	at org.thymeleaf.TemplateEngine.process(TemplateEngine.java:1098) ~[thymeleaf-3.0.15.RELEASE.jar:3.0.15.RELEASE]
	at org.thymeleaf.TemplateEngine.process(TemplateEngine.java:1072) ~[thymeleaf-3.0.15.RELEASE.jar:3.0.15.RELEASE]
	at org.thymeleaf.spring5.view.ThymeleafView.renderFragment(ThymeleafView.java:366) ~[thymeleaf-spring5-3.0.15.RELEASE.jar:3.0.15.RELEASE]
	at org.thymeleaf.spring5.view.ThymeleafView.render(ThymeleafView.java:190) ~[thymeleaf-spring5-3.0.15.RELEASE.jar:3.0.15.RELEASE]
	at org.springframework.web.servlet.DispatcherServlet.render(DispatcherServlet.java:1406) ~[spring-webmvc-5.3.28.jar:5.3.28]
	at org.springframework.web.servlet.DispatcherServlet.processDispatchResult(DispatcherServlet.java:1150) ~[spring-webmvc-5.3.28.jar:5.3.28]
	at org.springframework.web.servlet.DispatcherServlet.doDispatch(DispatcherServlet.java:1089) ~[spring-webmvc-5.3.28.jar:5.3.28]
	at org.springframework.web.servlet.DispatcherServlet.doService(DispatcherServlet.java:965) ~[spring-webmvc-5.3.28.jar:5.3.28]
	at org.springframework.web.servlet.FrameworkServlet.processRequest(FrameworkServlet.java:1006) ~[spring-webmvc-5.3.28.jar:5.3.28]
	at org.springframework.web.servlet.FrameworkServlet.doGet(FrameworkServlet.java:898) ~[spring-webmvc-5.3.28.jar:5.3.28]
	at javax.servlet.http.HttpServlet.service(HttpServlet.java:529) ~[tomcat-embed-core-9.0.76.jar:4.0.FR]
	at org.springframework.web.servlet.FrameworkServlet.service(FrameworkServlet.java:883) ~[spring-webmvc-5.3.28.jar:5.3.28]
	at javax.servlet.http.HttpServlet.service(HttpServlet.java:623) ~[tomcat-embed-core-9.0.76.jar:4.0.FR]
	at org.apache.catalina.core.ApplicationFilterChain.internalDoFilter(ApplicationFilterChain.java:209) ~[tomcat-embed-core-9.0.76.jar:9.0.76]
	at org.apache.catalina.core.ApplicationFilterChain.doFilter(ApplicationFilterChain.java:153) ~[tomcat-embed-core-9.0.76.jar:9.0.76]
	at org.apache.tomcat.websocket.server.WsFilter.doFilter(WsFilter.java:51) ~[tomcat-embed-websocket-9.0.76.jar:9.0.76]
	at org.apache.catalina.core.ApplicationFilterChain.internalDoFilter(ApplicationFilterChain.java:178) ~[tomcat-embed-core-9.0.76.jar:9.0.76]
	at org.apache.catalina.core.ApplicationFilterChain.doFilter(ApplicationFilterChain.java:153) ~[tomcat-embed-core-9.0.76.jar:9.0.76]
	at org.springframework.web.servlet.resource.ResourceUrlEncodingFilter.doFilter(ResourceUrlEncodingFilter.java:67) ~[spring-webmvc-5.3.28.jar:5.3.28]
	at org.apache.catalina.core.ApplicationFilterChain.internalDoFilter(ApplicationFilterChain.java:178) ~[tomcat-embed-core-9.0.76.jar:9.0.76]
	at org.apache.catalina.core.ApplicationFilterChain.doFilter(ApplicationFilterChain.java:153) ~[tomcat-embed-core-9.0.76.jar:9.0.76]
	at org.springframework.web.filter.RequestContextFilter.doFilterInternal(RequestContextFilter.java:100) ~[spring-web-5.3.28.jar:5.3.28]
	at org.springframework.web.filter.OncePerRequestFilter.doFilter(OncePerRequestFilter.java:117) ~[spring-web-5.3.28.jar:5.3.28]
	at org.apache.catalina.core.ApplicationFilterChain.internalDoFilter(ApplicationFilterChain.java:178) ~[tomcat-embed-core-9.0.76.jar:9.0.76]
	at org.apache.catalina.core.ApplicationFilterChain.doFilter(ApplicationFilterChain.java:153) ~[tomcat-embed-core-9.0.76.jar:9.0.76]
	at org.springframework.web.filter.FormContentFilter.doFilterInternal(FormContentFilter.java:93) ~[spring-web-5.3.28.jar:5.3.28]
	at org.springframework.web.filter.OncePerRequestFilter.doFilter(OncePerRequestFilter.java:117) ~[spring-web-5.3.28.jar:5.3.28]
	at org.apache.catalina.core.ApplicationFilterChain.internalDoFilter(ApplicationFilterChain.java:178) ~[tomcat-embed-core-9.0.76.jar:9.0.76]
	at org.apache.catalina.core.ApplicationFilterChain.doFilter(ApplicationFilterChain.java:153) ~[tomcat-embed-core-9.0.76.jar:9.0.76]
	at org.springframework.web.filter.CharacterEncodingFilter.doFilterInternal(CharacterEncodingFilter.java:201) ~[spring-web-5.3.28.jar:5.3.28]
	at org.springframework.web.filter.OncePerRequestFilter.doFilter(OncePerRequestFilter.java:117) ~[spring-web-5.3.28.jar:5.3.28]
	at org.apache.catalina.core.ApplicationFilterChain.internalDoFilter(ApplicationFilterChain.java:178) ~[tomcat-embed-core-9.0.76.jar:9.0.76]
	at org.apache.catalina.core.ApplicationFilterChain.doFilter(ApplicationFilterChain.java:153) ~[tomcat-embed-core-9.0.76.jar:9.0.76]
	at org.apache.catalina.core.StandardWrapperValve.invoke(StandardWrapperValve.java:167) ~[tomcat-embed-core-9.0.76.jar:9.0.76]
	at org.apache.catalina.core.StandardContextValve.invoke(StandardContextValve.java:90) ~[tomcat-embed-core-9.0.76.jar:9.0.76]
	at org.apache.catalina.authenticator.AuthenticatorBase.invoke(AuthenticatorBase.java:481) ~[tomcat-embed-core-9.0.76.jar:9.0.76]
	at org.apache.catalina.core.StandardHostValve.invoke(StandardHostValve.java:130) ~[tomcat-embed-core-9.0.76.jar:9.0.76]
	at org.apache.catalina.valves.ErrorReportValve.invoke(ErrorReportValve.java:93) ~[tomcat-embed-core-9.0.76.jar:9.0.76]
	at org.apache.catalina.core.StandardEngineValve.invoke(StandardEngineValve.java:74) ~[tomcat-embed-core-9.0.76.jar:9.0.76]
	at org.apache.catalina.connector.CoyoteAdapter.service(CoyoteAdapter.java:343) ~[tomcat-embed-core-9.0.76.jar:9.0.76]
	at org.apache.coyote.http11.Http11Processor.service(Http11Processor.java:390) ~[tomcat-embed-core-9.0.76.jar:9.0.76]
	at org.apache.coyote.AbstractProcessorLight.process(AbstractProcessorLight.java:63) ~[tomcat-embed-core-9.0.76.jar:9.0.76]
	at org.apache.coyote.AbstractProtocol$ConnectionHandler.process(AbstractProtocol.java:926) ~[tomcat-embed-core-9.0.76.jar:9.0.76]
	at org.apache.tomcat.util.net.NioEndpoint$SocketProcessor.doRun(NioEndpoint.java:1791) ~[tomcat-embed-core-9.0.76.jar:9.0.76]
	at org.apache.tomcat.util.net.SocketProcessorBase.run(SocketProcessorBase.java:52) ~[tomcat-embed-core-9.0.76.jar:9.0.76]
	at org.apache.tomcat.util.threads.ThreadPoolExecutor.runWorker(ThreadPoolExecutor.java:1191) ~[tomcat-embed-core-9.0.76.jar:9.0.76]
	at org.apache.tomcat.util.threads.ThreadPoolExecutor$Worker.run(ThreadPoolExecutor.java:659) ~[tomcat-embed-core-9.0.76.jar:9.0.76]
	at org.apache.tomcat.util.threads.TaskThread$WrappingRunnable.run(TaskThread.java:61) ~[tomcat-embed-core-9.0.76.jar:9.0.76]
	at java.lang.Thread.run(Thread.java:1583) ~[?:?]
2026-02-16 21:54:45 [ERROR] TemplateEngine:1136 - [THYMELEAF][http-nio-8080-exec-10] Exception processing template "error": An error happened during template parsing (template: "class path resource [templates/error.html]")
org.thymeleaf.exceptions.TemplateInputException: An error happened during template parsing (template: "class path resource [templates/error.html]")
	at org.thymeleaf.templateparser.markup.AbstractMarkupTemplateParser.parse(AbstractMarkupTemplateParser.java:235) ~[thymeleaf-3.0.15.RELEASE.jar:3.0.15.RELEASE]
	at org.thymeleaf.templateparser.markup.AbstractMarkupTemplateParser.parseStandalone(AbstractMarkupTemplateParser.java:100) ~[thymeleaf-3.0.15.RELEASE.jar:3.0.15.RELEASE]
	at org.thymeleaf.engine.TemplateManager.parseAndProcess(TemplateManager.java:666) ~[thymeleaf-3.0.15.RELEASE.jar:3.0.15.RELEASE]
	at org.thymeleaf.TemplateEngine.process(TemplateEngine.java:1098) ~[thymeleaf-3.0.15.RELEASE.jar:3.0.15.RELEASE]
	at org.thymeleaf.TemplateEngine.process(TemplateEngine.java:1072) ~[thymeleaf-3.0.15.RELEASE.jar:3.0.15.RELEASE]
	at org.thymeleaf.spring5.view.ThymeleafView.renderFragment(ThymeleafView.java:366) ~[thymeleaf-spring5-3.0.15.RELEASE.jar:3.0.15.RELEASE]
	at org.thymeleaf.spring5.view.ThymeleafView.render(ThymeleafView.java:190) ~[thymeleaf-spring5-3.0.15.RELEASE.jar:3.0.15.RELEASE]
	at org.springframework.web.servlet.DispatcherServlet.render(DispatcherServlet.java:1406) ~[spring-webmvc-5.3.28.jar:5.3.28]
	at org.springframework.web.servlet.DispatcherServlet.processDispatchResult(DispatcherServlet.java:1150) ~[spring-webmvc-5.3.28.jar:5.3.28]
	at org.springframework.web.servlet.DispatcherServlet.doDispatch(DispatcherServlet.java:1089) ~[spring-webmvc-5.3.28.jar:5.3.28]
	at org.springframework.web.servlet.DispatcherServlet.doService(DispatcherServlet.java:965) ~[spring-webmvc-5.3.28.jar:5.3.28]
	at org.springframework.web.servlet.FrameworkServlet.processRequest(FrameworkServlet.java:1006) ~[spring-webmvc-5.3.28.jar:5.3.28]
	at org.springframework.web.servlet.FrameworkServlet.doGet(FrameworkServlet.java:898) ~[spring-webmvc-5.3.28.jar:5.3.28]
	at javax.servlet.http.HttpServlet.service(HttpServlet.java:529) ~[tomcat-embed-core-9.0.76.jar:4.0.FR]
	at org.springframework.web.servlet.FrameworkServlet.service(FrameworkServlet.java:883) ~[spring-webmvc-5.3.28.jar:5.3.28]
	at javax.servlet.http.HttpServlet.service(HttpServlet.java:623) ~[tomcat-embed-core-9.0.76.jar:4.0.FR]
	at org.apache.catalina.core.ApplicationFilterChain.internalDoFilter(ApplicationFilterChain.java:209) ~[tomcat-embed-core-9.0.76.jar:9.0.76]
	at org.apache.catalina.core.ApplicationFilterChain.doFilter(ApplicationFilterChain.java:153) ~[tomcat-embed-core-9.0.76.jar:9.0.76]
	at org.springframework.web.filter.RequestContextFilter.doFilterInternal(RequestContextFilter.java:100) ~[spring-web-5.3.28.jar:5.3.28]
	at org.springframework.web.filter.OncePerRequestFilter.doFilter(OncePerRequestFilter.java:117) ~[spring-web-5.3.28.jar:5.3.28]
	at org.apache.catalina.core.ApplicationFilterChain.internalDoFilter(ApplicationFilterChain.java:178) ~[tomcat-embed-core-9.0.76.jar:9.0.76]
	at org.apache.catalina.core.ApplicationFilterChain.doFilter(ApplicationFilterChain.java:153) ~[tomcat-embed-core-9.0.76.jar:9.0.76]
	at org.springframework.web.filter.OncePerRequestFilter.doFilter(OncePerRequestFilter.java:102) ~[spring-web-5.3.28.jar:5.3.28]
	at org.apache.catalina.core.ApplicationFilterChain.internalDoFilter(ApplicationFilterChain.java:178) ~[tomcat-embed-core-9.0.76.jar:9.0.76]
	at org.apache.catalina.core.ApplicationFilterChain.doFilter(ApplicationFilterChain.java:153) ~[tomcat-embed-core-9.0.76.jar:9.0.76]
	at org.springframework.web.filter.OncePerRequestFilter.doFilter(OncePerRequestFilter.java:102) ~[spring-web-5.3.28.jar:5.3.28]
	at org.apache.catalina.core.ApplicationFilterChain.internalDoFilter(ApplicationFilterChain.java:178) ~[tomcat-embed-core-9.0.76.jar:9.0.76]
	at org.apache.catalina.core.ApplicationFilterChain.doFilter(ApplicationFilterChain.java:153) ~[tomcat-embed-core-9.0.76.jar:9.0.76]
	at org.apache.catalina.core.ApplicationDispatcher.invoke(ApplicationDispatcher.java:661) ~[tomcat-embed-core-9.0.76.jar:9.0.76]
	at org.apache.catalina.core.ApplicationDispatcher.doInclude(ApplicationDispatcher.java:537) ~[tomcat-embed-core-9.0.76.jar:9.0.76]
	at org.apache.catalina.core.ApplicationDispatcher.include(ApplicationDispatcher.java:480) ~[tomcat-embed-core-9.0.76.jar:9.0.76]
	at org.apache.catalina.core.StandardHostValve.custom(StandardHostValve.java:354) ~[tomcat-embed-core-9.0.76.jar:9.0.76]
	at org.apache.catalina.core.StandardHostValve.status(StandardHostValve.java:237) ~[tomcat-embed-core-9.0.76.jar:9.0.76]
	at org.apache.catalina.core.StandardHostValve.throwable(StandardHostValve.java:319) ~[tomcat-embed-core-9.0.76.jar:9.0.76]
	at org.apache.catalina.core.StandardHostValve.invoke(StandardHostValve.java:164) ~[tomcat-embed-core-9.0.76.jar:9.0.76]
	at org.apache.catalina.valves.ErrorReportValve.invoke(ErrorReportValve.java:93) ~[tomcat-embed-core-9.0.76.jar:9.0.76]
	at org.apache.catalina.core.StandardEngineValve.invoke(StandardEngineValve.java:74) ~[tomcat-embed-core-9.0.76.jar:9.0.76]
	at org.apache.catalina.connector.CoyoteAdapter.service(CoyoteAdapter.java:343) ~[tomcat-embed-core-9.0.76.jar:9.0.76]
	at org.apache.coyote.http11.Http11Processor.service(Http11Processor.java:390) ~[tomcat-embed-core-9.0.76.jar:9.0.76]
	at org.apache.coyote.AbstractProcessorLight.process(AbstractProcessorLight.java:63) ~[tomcat-embed-core-9.0.76.jar:9.0.76]
	at org.apache.coyote.AbstractProtocol$ConnectionHandler.process(AbstractProtocol.java:926) ~[tomcat-embed-core-9.0.76.jar:9.0.76]
	at org.apache.tomcat.util.net.NioEndpoint$SocketProcessor.doRun(NioEndpoint.java:1791) ~[tomcat-embed-core-9.0.76.jar:9.0.76]
	at org.apache.tomcat.util.net.SocketProcessorBase.run(SocketProcessorBase.java:52) ~[tomcat-embed-core-9.0.76.jar:9.0.76]
	at org.apache.tomcat.util.threads.ThreadPoolExecutor.runWorker(ThreadPoolExecutor.java:1191) ~[tomcat-embed-core-9.0.76.jar:9.0.76]
	at org.apache.tomcat.util.threads.ThreadPoolExecutor$Worker.run(ThreadPoolExecutor.java:659) ~[tomcat-embed-core-9.0.76.jar:9.0.76]
	at org.apache.tomcat.util.threads.TaskThread$WrappingRunnable.run(TaskThread.java:61) ~[tomcat-embed-core-9.0.76.jar:9.0.76]
	at java.lang.Thread.run(Thread.java:1583) ~[?:?]
Caused by: java.io.FileNotFoundException: class path resource [templates/error.html] cannot be opened because it does not exist
	at org.springframework.core.io.ClassPathResource.getInputStream(ClassPathResource.java:199) ~[spring-core-5.3.28.jar:5.3.28]
	at org.thymeleaf.spring5.templateresource.SpringResourceTemplateResource.reader(SpringResourceTemplateResource.java:103) ~[thymeleaf-spring5-3.0.15.RELEASE.jar:3.0.15.RELEASE]
	at org.thymeleaf.templateparser.markup.AbstractMarkupTemplateParser.parse(AbstractMarkupTemplateParser.java:223) ~[thymeleaf-3.0.15.RELEASE.jar:3.0.15.RELEASE]
	... 46 more
2026-02-16 21:54:45 [ERROR] [dispatcherServlet]:175 - Servlet.service() for servlet [dispatcherServlet] threw exception
java.io.FileNotFoundException: class path resource [templates/error.html] cannot be opened because it does not exist
	at org.springframework.core.io.ClassPathResource.getInputStream(ClassPathResource.java:199) ~[spring-core-5.3.28.jar:5.3.28]
	at org.thymeleaf.spring5.templateresource.SpringResourceTemplateResource.reader(SpringResourceTemplateResource.java:103) ~[thymeleaf-spring5-3.0.15.RELEASE.jar:3.0.15.RELEASE]
	at org.thymeleaf.templateparser.markup.AbstractMarkupTemplateParser.parse(AbstractMarkupTemplateParser.java:223) ~[thymeleaf-3.0.15.RELEASE.jar:3.0.15.RELEASE]
	at org.thymeleaf.templateparser.markup.AbstractMarkupTemplateParser.parseStandalone(AbstractMarkupTemplateParser.java:100) ~[thymeleaf-3.0.15.RELEASE.jar:3.0.15.RELEASE]
	at org.thymeleaf.engine.TemplateManager.parseAndProcess(TemplateManager.java:666) ~[thymeleaf-3.0.15.RELEASE.jar:3.0.15.RELEASE]
	at org.thymeleaf.TemplateEngine.process(TemplateEngine.java:1098) ~[thymeleaf-3.0.15.RELEASE.jar:3.0.15.RELEASE]
	at org.thymeleaf.TemplateEngine.process(TemplateEngine.java:1072) ~[thymeleaf-3.0.15.RELEASE.jar:3.0.15.RELEASE]
	at org.thymeleaf.spring5.view.ThymeleafView.renderFragment(ThymeleafView.java:366) ~[thymeleaf-spring5-3.0.15.RELEASE.jar:3.0.15.RELEASE]
	at org.thymeleaf.spring5.view.ThymeleafView.render(ThymeleafView.java:190) ~[thymeleaf-spring5-3.0.15.RELEASE.jar:3.0.15.RELEASE]
	at org.springframework.web.servlet.DispatcherServlet.render(DispatcherServlet.java:1406) ~[spring-webmvc-5.3.28.jar:5.3.28]
	at org.springframework.web.servlet.DispatcherServlet.processDispatchResult(DispatcherServlet.java:1150) ~[spring-webmvc-5.3.28.jar:5.3.28]
	at org.springframework.web.servlet.DispatcherServlet.doDispatch(DispatcherServlet.java:1089) ~[spring-webmvc-5.3.28.jar:5.3.28]
	at org.springframework.web.servlet.DispatcherServlet.doService(DispatcherServlet.java:965) ~[spring-webmvc-5.3.28.jar:5.3.28]
	at org.springframework.web.servlet.FrameworkServlet.processRequest(FrameworkServlet.java:1006) ~[spring-webmvc-5.3.28.jar:5.3.28]
	at org.springframework.web.servlet.FrameworkServlet.doGet(FrameworkServlet.java:898) ~[spring-webmvc-5.3.28.jar:5.3.28]
	at javax.servlet.http.HttpServlet.service(HttpServlet.java:529) ~[tomcat-embed-core-9.0.76.jar:4.0.FR]
	at org.springframework.web.servlet.FrameworkServlet.service(FrameworkServlet.java:883) ~[spring-webmvc-5.3.28.jar:5.3.28]
	at javax.servlet.http.HttpServlet.service(HttpServlet.java:623) ~[tomcat-embed-core-9.0.76.jar:4.0.FR]
	at org.apache.catalina.core.ApplicationFilterChain.internalDoFilter(ApplicationFilterChain.java:209) ~[tomcat-embed-core-9.0.76.jar:9.0.76]
	at org.apache.catalina.core.ApplicationFilterChain.doFilter(ApplicationFilterChain.java:153) ~[tomcat-embed-core-9.0.76.jar:9.0.76]
	at org.springframework.web.filter.RequestContextFilter.doFilterInternal(RequestContextFilter.java:100) ~[spring-web-5.3.28.jar:5.3.28]
	at org.springframework.web.filter.OncePerRequestFilter.doFilter(OncePerRequestFilter.java:117) ~[spring-web-5.3.28.jar:5.3.28]
	at org.apache.catalina.core.ApplicationFilterChain.internalDoFilter(ApplicationFilterChain.java:178) ~[tomcat-embed-core-9.0.76.jar:9.0.76]
	at org.apache.catalina.core.ApplicationFilterChain.doFilter(ApplicationFilterChain.java:153) ~[tomcat-embed-core-9.0.76.jar:9.0.76]
	at org.springframework.web.filter.OncePerRequestFilter.doFilter(OncePerRequestFilter.java:102) ~[spring-web-5.3.28.jar:5.3.28]
	at org.apache.catalina.core.ApplicationFilterChain.internalDoFilter(ApplicationFilterChain.java:178) ~[tomcat-embed-core-9.0.76.jar:9.0.76]
	at org.apache.catalina.core.ApplicationFilterChain.doFilter(ApplicationFilterChain.java:153) ~[tomcat-embed-core-9.0.76.jar:9.0.76]
	at org.springframework.web.filter.OncePerRequestFilter.doFilter(OncePerRequestFilter.java:102) ~[spring-web-5.3.28.jar:5.3.28]
	at org.apache.catalina.core.ApplicationFilterChain.internalDoFilter(ApplicationFilterChain.java:178) ~[tomcat-embed-core-9.0.76.jar:9.0.76]
	at org.apache.catalina.core.ApplicationFilterChain.doFilter(ApplicationFilterChain.java:153) ~[tomcat-embed-core-9.0.76.jar:9.0.76]
	at org.apache.catalina.core.ApplicationDispatcher.invoke(ApplicationDispatcher.java:661) ~[tomcat-embed-core-9.0.76.jar:9.0.76]
	at org.apache.catalina.core.ApplicationDispatcher.doInclude(ApplicationDispatcher.java:537) ~[tomcat-embed-core-9.0.76.jar:9.0.76]
	at org.apache.catalina.core.ApplicationDispatcher.include(ApplicationDispatcher.java:480) ~[tomcat-embed-core-9.0.76.jar:9.0.76]
	at org.apache.catalina.core.StandardHostValve.custom(StandardHostValve.java:354) ~[tomcat-embed-core-9.0.76.jar:9.0.76]
	at org.apache.catalina.core.StandardHostValve.status(StandardHostValve.java:237) ~[tomcat-embed-core-9.0.76.jar:9.0.76]
	at org.apache.catalina.core.StandardHostValve.throwable(StandardHostValve.java:319) ~[tomcat-embed-core-9.0.76.jar:9.0.76]
	at org.apache.catalina.core.StandardHostValve.invoke(StandardHostValve.java:164) ~[tomcat-embed-core-9.0.76.jar:9.0.76]
	at org.apache.catalina.valves.ErrorReportValve.invoke(ErrorReportValve.java:93) ~[tomcat-embed-core-9.0.76.jar:9.0.76]
	at org.apache.catalina.core.StandardEngineValve.invoke(StandardEngineValve.java:74) ~[tomcat-embed-core-9.0.76.jar:9.0.76]
	at org.apache.catalina.connector.CoyoteAdapter.service(CoyoteAdapter.java:343) ~[tomcat-embed-core-9.0.76.jar:9.0.76]
	at org.apache.coyote.http11.Http11Processor.service(Http11Processor.java:390) ~[tomcat-embed-core-9.0.76.jar:9.0.76]
	at org.apache.coyote.AbstractProcessorLight.process(AbstractProcessorLight.java:63) ~[tomcat-embed-core-9.0.76.jar:9.0.76]
	at org.apache.coyote.AbstractProtocol$ConnectionHandler.process(AbstractProtocol.java:926) ~[tomcat-embed-core-9.0.76.jar:9.0.76]
	at org.apache.tomcat.util.net.NioEndpoint$SocketProcessor.doRun(NioEndpoint.java:1791) ~[tomcat-embed-core-9.0.76.jar:9.0.76]
	at org.apache.tomcat.util.net.SocketProcessorBase.run(SocketProcessorBase.java:52) ~[tomcat-embed-core-9.0.76.jar:9.0.76]
	at org.apache.tomcat.util.threads.ThreadPoolExecutor.runWorker(ThreadPoolExecutor.java:1191) ~[tomcat-embed-core-9.0.76.jar:9.0.76]
	at org.apache.tomcat.util.threads.ThreadPoolExecutor$Worker.run(ThreadPoolExecutor.java:659) ~[tomcat-embed-core-9.0.76.jar:9.0.76]
	at org.apache.tomcat.util.threads.TaskThread$WrappingRunnable.run(TaskThread.java:61) ~[tomcat-embed-core-9.0.76.jar:9.0.76]
	at java.lang.Thread.run(Thread.java:1583) ~[?:?]
2026-02-16 21:54:45 [ERROR] [localhost]:175 - Exception Processing ErrorPage[errorCode=0, location=/error]
org.springframework.web.util.NestedServletException: Request processing failed; nested exception is org.thymeleaf.exceptions.TemplateInputException: An error happened during template parsing (template: "class path resource [templates/error.html]")
	at org.springframework.web.servlet.FrameworkServlet.processRequest(FrameworkServlet.java:1014) ~[spring-webmvc-5.3.28.jar:5.3.28]
	at org.springframework.web.servlet.FrameworkServlet.doGet(FrameworkServlet.java:898) ~[spring-webmvc-5.3.28.jar:5.3.28]
	at javax.servlet.http.HttpServlet.service(HttpServlet.java:529) ~[tomcat-embed-core-9.0.76.jar:4.0.FR]
	at org.springframework.web.servlet.FrameworkServlet.service(FrameworkServlet.java:883) ~[spring-webmvc-5.3.28.jar:5.3.28]
	at javax.servlet.http.HttpServlet.service(HttpServlet.java:623) ~[tomcat-embed-core-9.0.76.jar:4.0.FR]
	at org.apache.catalina.core.ApplicationFilterChain.internalDoFilter(ApplicationFilterChain.java:209) ~[tomcat-embed-core-9.0.76.jar:9.0.76]
	at org.apache.catalina.core.ApplicationFilterChain.doFilter(ApplicationFilterChain.java:153) ~[tomcat-embed-core-9.0.76.jar:9.0.76]
	at org.springframework.web.filter.RequestContextFilter.doFilterInternal(RequestContextFilter.java:100) ~[spring-web-5.3.28.jar:5.3.28]
	at org.springframework.web.filter.OncePerRequestFilter.doFilter(OncePerRequestFilter.java:117) ~[spring-web-5.3.28.jar:5.3.28]
	at org.apache.catalina.core.ApplicationFilterChain.internalDoFilter(ApplicationFilterChain.java:178) ~[tomcat-embed-core-9.0.76.jar:9.0.76]
	at org.apache.catalina.core.ApplicationFilterChain.doFilter(ApplicationFilterChain.java:153) ~[tomcat-embed-core-9.0.76.jar:9.0.76]
	at org.springframework.web.filter.OncePerRequestFilter.doFilter(OncePerRequestFilter.java:102) ~[spring-web-5.3.28.jar:5.3.28]
	at org.apache.catalina.core.ApplicationFilterChain.internalDoFilter(ApplicationFilterChain.java:178) ~[tomcat-embed-core-9.0.76.jar:9.0.76]
	at org.apache.catalina.core.ApplicationFilterChain.doFilter(ApplicationFilterChain.java:153) ~[tomcat-embed-core-9.0.76.jar:9.0.76]
	at org.springframework.web.filter.OncePerRequestFilter.doFilter(OncePerRequestFilter.java:102) ~[spring-web-5.3.28.jar:5.3.28]
	at org.apache.catalina.core.ApplicationFilterChain.internalDoFilter(ApplicationFilterChain.java:178) ~[tomcat-embed-core-9.0.76.jar:9.0.76]
	at org.apache.catalina.core.ApplicationFilterChain.doFilter(ApplicationFilterChain.java:153) ~[tomcat-embed-core-9.0.76.jar:9.0.76]
	at org.apache.catalina.core.ApplicationDispatcher.invoke(ApplicationDispatcher.java:661) ~[tomcat-embed-core-9.0.76.jar:9.0.76]
	at org.apache.catalina.core.ApplicationDispatcher.doInclude(ApplicationDispatcher.java:537) ~[tomcat-embed-core-9.0.76.jar:9.0.76]
	at org.apache.catalina.core.ApplicationDispatcher.include(ApplicationDispatcher.java:480) ~[tomcat-embed-core-9.0.76.jar:9.0.76]
	at org.apache.catalina.core.StandardHostValve.custom(StandardHostValve.java:354) ~[tomcat-embed-core-9.0.76.jar:9.0.76]
	at org.apache.catalina.core.StandardHostValve.status(StandardHostValve.java:237) ~[tomcat-embed-core-9.0.76.jar:9.0.76]
	at org.apache.catalina.core.StandardHostValve.throwable(StandardHostValve.java:319) ~[tomcat-embed-core-9.0.76.jar:9.0.76]
	at org.apache.catalina.core.StandardHostValve.invoke(StandardHostValve.java:164) ~[tomcat-embed-core-9.0.76.jar:9.0.76]
	at org.apache.catalina.valves.ErrorReportValve.invoke(ErrorReportValve.java:93) ~[tomcat-embed-core-9.0.76.jar:9.0.76]
	at org.apache.catalina.core.StandardEngineValve.invoke(StandardEngineValve.java:74) ~[tomcat-embed-core-9.0.76.jar:9.0.76]
	at org.apache.catalina.connector.CoyoteAdapter.service(CoyoteAdapter.java:343) ~[tomcat-embed-core-9.0.76.jar:9.0.76]
	at org.apache.coyote.http11.Http11Processor.service(Http11Processor.java:390) ~[tomcat-embed-core-9.0.76.jar:9.0.76]
	at org.apache.coyote.AbstractProcessorLight.process(AbstractProcessorLight.java:63) ~[tomcat-embed-core-9.0.76.jar:9.0.76]
	at org.apache.coyote.AbstractProtocol$ConnectionHandler.process(AbstractProtocol.java:926) ~[tomcat-embed-core-9.0.76.jar:9.0.76]
	at org.apache.tomcat.util.net.NioEndpoint$SocketProcessor.doRun(NioEndpoint.java:1791) ~[tomcat-embed-core-9.0.76.jar:9.0.76]
	at org.apache.tomcat.util.net.SocketProcessorBase.run(SocketProcessorBase.java:52) ~[tomcat-embed-core-9.0.76.jar:9.0.76]
	at org.apache.tomcat.util.threads.ThreadPoolExecutor.runWorker(ThreadPoolExecutor.java:1191) ~[tomcat-embed-core-9.0.76.jar:9.0.76]
	at org.apache.tomcat.util.threads.ThreadPoolExecutor$Worker.run(ThreadPoolExecutor.java:659) ~[tomcat-embed-core-9.0.76.jar:9.0.76]
	at org.apache.tomcat.util.threads.TaskThread$WrappingRunnable.run(TaskThread.java:61) ~[tomcat-embed-core-9.0.76.jar:9.0.76]
	at java.lang.Thread.run(Thread.java:1583) ~[?:?]
Caused by: org.thymeleaf.exceptions.TemplateInputException: An error happened during template parsing (template: "class path resource [templates/error.html]")
	at org.thymeleaf.templateparser.markup.AbstractMarkupTemplateParser.parse(AbstractMarkupTemplateParser.java:235) ~[thymeleaf-3.0.15.RELEASE.jar:3.0.15.RELEASE]
	at org.thymeleaf.templateparser.markup.AbstractMarkupTemplateParser.parseStandalone(AbstractMarkupTemplateParser.java:100) ~[thymeleaf-3.0.15.RELEASE.jar:3.0.15.RELEASE]
	at org.thymeleaf.engine.TemplateManager.parseAndProcess(TemplateManager.java:666) ~[thymeleaf-3.0.15.RELEASE.jar:3.0.15.RELEASE]
	at org.thymeleaf.TemplateEngine.process(TemplateEngine.java:1098) ~[thymeleaf-3.0.15.RELEASE.jar:3.0.15.RELEASE]
	at org.thymeleaf.TemplateEngine.process(TemplateEngine.java:1072) ~[thymeleaf-3.0.15.RELEASE.jar:3.0.15.RELEASE]
	at org.thymeleaf.spring5.view.ThymeleafView.renderFragment(ThymeleafView.java:366) ~[thymeleaf-spring5-3.0.15.RELEASE.jar:3.0.15.RELEASE]
	at org.thymeleaf.spring5.view.ThymeleafView.render(ThymeleafView.java:190) ~[thymeleaf-spring5-3.0.15.RELEASE.jar:3.0.15.RELEASE]
	at org.springframework.web.servlet.DispatcherServlet.render(DispatcherServlet.java:1406) ~[spring-webmvc-5.3.28.jar:5.3.28]
	at org.springframework.web.servlet.DispatcherServlet.processDispatchResult(DispatcherServlet.java:1150) ~[spring-webmvc-5.3.28.jar:5.3.28]
	at org.springframework.web.servlet.DispatcherServlet.doDispatch(DispatcherServlet.java:1089) ~[spring-webmvc-5.3.28.jar:5.3.28]
	at org.springframework.web.servlet.DispatcherServlet.doService(DispatcherServlet.java:965) ~[spring-webmvc-5.3.28.jar:5.3.28]
	at org.springframework.web.servlet.FrameworkServlet.processRequest(FrameworkServlet.java:1006) ~[spring-webmvc-5.3.28.jar:5.3.28]
	... 35 more
Caused by: java.io.FileNotFoundException: class path resource [templates/error.html] cannot be opened because it does not exist
	at org.springframework.core.io.ClassPathResource.getInputStream(ClassPathResource.java:199) ~[spring-core-5.3.28.jar:5.3.28]
	at org.thymeleaf.spring5.templateresource.SpringResourceTemplateResource.reader(SpringResourceTemplateResource.java:103) ~[thymeleaf-spring5-3.0.15.RELEASE.jar:3.0.15.RELEASE]
	at org.thymeleaf.templateparser.markup.AbstractMarkupTemplateParser.parse(AbstractMarkupTemplateParser.java:223) ~[thymeleaf-3.0.15.RELEASE.jar:3.0.15.RELEASE]
	at org.thymeleaf.templateparser.markup.AbstractMarkupTemplateParser.parseStandalone(AbstractMarkupTemplateParser.java:100) ~[thymeleaf-3.0.15.RELEASE.jar:3.0.15.RELEASE]
	at org.thymeleaf.engine.TemplateManager.parseAndProcess(TemplateManager.java:666) ~[thymeleaf-3.0.15.RELEASE.jar:3.0.15.RELEASE]
	at org.thymeleaf.TemplateEngine.process(TemplateEngine.java:1098) ~[thymeleaf-3.0.15.RELEASE.jar:3.0.15.RELEASE]
	at org.thymeleaf.TemplateEngine.process(TemplateEngine.java:1072) ~[thymeleaf-3.0.15.RELEASE.jar:3.0.15.RELEASE]
	at org.thymeleaf.spring5.view.ThymeleafView.renderFragment(ThymeleafView.java:366) ~[thymeleaf-spring5-3.0.15.RELEASE.jar:3.0.15.RELEASE]
	at org.thymeleaf.spring5.view.ThymeleafView.render(ThymeleafView.java:190) ~[thymeleaf-spring5-3.0.15.RELEASE.jar:3.0.15.RELEASE]
	at org.springframework.web.servlet.DispatcherServlet.render(DispatcherServlet.java:1406) ~[spring-webmvc-5.3.28.jar:5.3.28]
	at org.springframework.web.servlet.DispatcherServlet.processDispatchResult(DispatcherServlet.java:1150) ~[spring-webmvc-5.3.28.jar:5.3.28]
	at org.springframework.web.servlet.DispatcherServlet.doDispatch(DispatcherServlet.java:1089) ~[spring-webmvc-5.3.28.jar:5.3.28]
	at org.springframework.web.servlet.DispatcherServlet.doService(DispatcherServlet.java:965) ~[spring-webmvc-5.3.28.jar:5.3.28]
	at org.springframework.web.servlet.FrameworkServlet.processRequest(FrameworkServlet.java:1006) ~[spring-webmvc-5.3.28.jar:5.3.28]
	... 35 more
2026-02-16 21:57:21 [ERROR] TemplateEngine:1136 - [THYMELEAF][http-nio-8080-exec-2] Exception processing template "user/view-trains": An error happened during template parsing (template: "class path resource [templates/user/view-trains.html]")
org.thymeleaf.exceptions.TemplateInputException: An error happened during template parsing (template: "class path resource [templates/user/view-trains.html]")
	at org.thymeleaf.templateparser.markup.AbstractMarkupTemplateParser.parse(AbstractMarkupTemplateParser.java:241) ~[thymeleaf-3.0.15.RELEASE.jar:3.0.15.RELEASE]
	at org.thymeleaf.templateparser.markup.AbstractMarkupTemplateParser.parseStandalone(AbstractMarkupTemplateParser.java:100) ~[thymeleaf-3.0.15.RELEASE.jar:3.0.15.RELEASE]
	at org.thymeleaf.engine.TemplateManager.parseAndProcess(TemplateManager.java:666) ~[thymeleaf-3.0.15.RELEASE.jar:3.0.15.RELEASE]
	at org.thymeleaf.TemplateEngine.process(TemplateEngine.java:1098) ~[thymeleaf-3.0.15.RELEASE.jar:3.0.15.RELEASE]
	at org.thymeleaf.TemplateEngine.process(TemplateEngine.java:1072) ~[thymeleaf-3.0.15.RELEASE.jar:3.0.15.RELEASE]
	at org.thymeleaf.spring5.view.ThymeleafView.renderFragment(ThymeleafView.java:366) ~[thymeleaf-spring5-3.0.15.RELEASE.jar:3.0.15.RELEASE]
	at org.thymeleaf.spring5.view.ThymeleafView.render(ThymeleafView.java:190) ~[thymeleaf-spring5-3.0.15.RELEASE.jar:3.0.15.RELEASE]
	at org.springframework.web.servlet.DispatcherServlet.render(DispatcherServlet.java:1406) ~[spring-webmvc-5.3.28.jar:5.3.28]
	at org.springframework.web.servlet.DispatcherServlet.processDispatchResult(DispatcherServlet.java:1150) ~[spring-webmvc-5.3.28.jar:5.3.28]
	at org.springframework.web.servlet.DispatcherServlet.doDispatch(DispatcherServlet.java:1089) ~[spring-webmvc-5.3.28.jar:5.3.28]
	at org.springframework.web.servlet.DispatcherServlet.doService(DispatcherServlet.java:965) ~[spring-webmvc-5.3.28.jar:5.3.28]
	at org.springframework.web.servlet.FrameworkServlet.processRequest(FrameworkServlet.java:1006) ~[spring-webmvc-5.3.28.jar:5.3.28]
	at org.springframework.web.servlet.FrameworkServlet.doGet(FrameworkServlet.java:898) ~[spring-webmvc-5.3.28.jar:5.3.28]
	at javax.servlet.http.HttpServlet.service(HttpServlet.java:529) ~[tomcat-embed-core-9.0.76.jar:4.0.FR]
	at org.springframework.web.servlet.FrameworkServlet.service(FrameworkServlet.java:883) ~[spring-webmvc-5.3.28.jar:5.3.28]
	at javax.servlet.http.HttpServlet.service(HttpServlet.java:623) ~[tomcat-embed-core-9.0.76.jar:4.0.FR]
	at org.apache.catalina.core.ApplicationFilterChain.internalDoFilter(ApplicationFilterChain.java:209) ~[tomcat-embed-core-9.0.76.jar:9.0.76]
	at org.apache.catalina.core.ApplicationFilterChain.doFilter(ApplicationFilterChain.java:153) ~[tomcat-embed-core-9.0.76.jar:9.0.76]
	at org.apache.tomcat.websocket.server.WsFilter.doFilter(WsFilter.java:51) ~[tomcat-embed-websocket-9.0.76.jar:9.0.76]
	at org.apache.catalina.core.ApplicationFilterChain.internalDoFilter(ApplicationFilterChain.java:178) ~[tomcat-embed-core-9.0.76.jar:9.0.76]
	at org.apache.catalina.core.ApplicationFilterChain.doFilter(ApplicationFilterChain.java:153) ~[tomcat-embed-core-9.0.76.jar:9.0.76]
	at org.springframework.web.servlet.resource.ResourceUrlEncodingFilter.doFilter(ResourceUrlEncodingFilter.java:67) ~[spring-webmvc-5.3.28.jar:5.3.28]
	at org.apache.catalina.core.ApplicationFilterChain.internalDoFilter(ApplicationFilterChain.java:178) ~[tomcat-embed-core-9.0.76.jar:9.0.76]
	at org.apache.catalina.core.ApplicationFilterChain.doFilter(ApplicationFilterChain.java:153) ~[tomcat-embed-core-9.0.76.jar:9.0.76]
	at org.springframework.web.filter.RequestContextFilter.doFilterInternal(RequestContextFilter.java:100) ~[spring-web-5.3.28.jar:5.3.28]
	at org.springframework.web.filter.OncePerRequestFilter.doFilter(OncePerRequestFilter.java:117) ~[spring-web-5.3.28.jar:5.3.28]
	at org.apache.catalina.core.ApplicationFilterChain.internalDoFilter(ApplicationFilterChain.java:178) ~[tomcat-embed-core-9.0.76.jar:9.0.76]
	at org.apache.catalina.core.ApplicationFilterChain.doFilter(ApplicationFilterChain.java:153) ~[tomcat-embed-core-9.0.76.jar:9.0.76]
	at org.springframework.web.filter.FormContentFilter.doFilterInternal(FormContentFilter.java:93) ~[spring-web-5.3.28.jar:5.3.28]
	at org.springframework.web.filter.OncePerRequestFilter.doFilter(OncePerRequestFilter.java:117) ~[spring-web-5.3.28.jar:5.3.28]
	at org.apache.catalina.core.ApplicationFilterChain.internalDoFilter(ApplicationFilterChain.java:178) ~[tomcat-embed-core-9.0.76.jar:9.0.76]
	at org.apache.catalina.core.ApplicationFilterChain.doFilter(ApplicationFilterChain.java:153) ~[tomcat-embed-core-9.0.76.jar:9.0.76]
	at org.springframework.web.filter.CharacterEncodingFilter.doFilterInternal(CharacterEncodingFilter.java:201) ~[spring-web-5.3.28.jar:5.3.28]
	at org.springframework.web.filter.OncePerRequestFilter.doFilter(OncePerRequestFilter.java:117) ~[spring-web-5.3.28.jar:5.3.28]
	at org.apache.catalina.core.ApplicationFilterChain.internalDoFilter(ApplicationFilterChain.java:178) ~[tomcat-embed-core-9.0.76.jar:9.0.76]
	at org.apache.catalina.core.ApplicationFilterChain.doFilter(ApplicationFilterChain.java:153) ~[tomcat-embed-core-9.0.76.jar:9.0.76]
	at org.apache.catalina.core.StandardWrapperValve.invoke(StandardWrapperValve.java:167) ~[tomcat-embed-core-9.0.76.jar:9.0.76]
	at org.apache.catalina.core.StandardContextValve.invoke(StandardContextValve.java:90) ~[tomcat-embed-core-9.0.76.jar:9.0.76]
	at org.apache.catalina.authenticator.AuthenticatorBase.invoke(AuthenticatorBase.java:481) ~[tomcat-embed-core-9.0.76.jar:9.0.76]
	at org.apache.catalina.core.StandardHostValve.invoke(StandardHostValve.java:130) ~[tomcat-embed-core-9.0.76.jar:9.0.76]
	at org.apache.catalina.valves.ErrorReportValve.invoke(ErrorReportValve.java:93) ~[tomcat-embed-core-9.0.76.jar:9.0.76]
	at org.apache.catalina.core.StandardEngineValve.invoke(StandardEngineValve.java:74) ~[tomcat-embed-core-9.0.76.jar:9.0.76]
	at org.apache.catalina.connector.CoyoteAdapter.service(CoyoteAdapter.java:343) ~[tomcat-embed-core-9.0.76.jar:9.0.76]
	at org.apache.coyote.http11.Http11Processor.service(Http11Processor.java:390) ~[tomcat-embed-core-9.0.76.jar:9.0.76]
	at org.apache.coyote.AbstractProcessorLight.process(AbstractProcessorLight.java:63) ~[tomcat-embed-core-9.0.76.jar:9.0.76]
	at org.apache.coyote.AbstractProtocol$ConnectionHandler.process(AbstractProtocol.java:926) ~[tomcat-embed-core-9.0.76.jar:9.0.76]
	at org.apache.tomcat.util.net.NioEndpoint$SocketProcessor.doRun(NioEndpoint.java:1791) ~[tomcat-embed-core-9.0.76.jar:9.0.76]
	at org.apache.tomcat.util.net.SocketProcessorBase.run(SocketProcessorBase.java:52) ~[tomcat-embed-core-9.0.76.jar:9.0.76]
	at org.apache.tomcat.util.threads.ThreadPoolExecutor.runWorker(ThreadPoolExecutor.java:1191) ~[tomcat-embed-core-9.0.76.jar:9.0.76]
	at org.apache.tomcat.util.threads.ThreadPoolExecutor$Worker.run(ThreadPoolExecutor.java:659) ~[tomcat-embed-core-9.0.76.jar:9.0.76]
	at org.apache.tomcat.util.threads.TaskThread$WrappingRunnable.run(TaskThread.java:61) ~[tomcat-embed-core-9.0.76.jar:9.0.76]
	at java.lang.Thread.run(Thread.java:1583) ~[?:?]
Caused by: org.attoparser.ParseException: Could not parse as expression: "0, 'asc'" (template: "user/view-trains" - line 137, col 26)
	at org.attoparser.MarkupParser.parseDocument(MarkupParser.java:393) ~[attoparser-2.0.5.RELEASE.jar:2.0.5.RELEASE]
	at org.attoparser.MarkupParser.parse(MarkupParser.java:257) ~[attoparser-2.0.5.RELEASE.jar:2.0.5.RELEASE]
	at org.thymeleaf.templateparser.markup.AbstractMarkupTemplateParser.parse(AbstractMarkupTemplateParser.java:230) ~[thymeleaf-3.0.15.RELEASE.jar:3.0.15.RELEASE]
	... 51 more
Caused by: org.thymeleaf.exceptions.TemplateProcessingException: Could not parse as expression: "0, 'asc'" (template: "user/view-trains" - line 137, col 26)
	at org.thymeleaf.standard.expression.StandardExpressionParser.parseExpression(StandardExpressionParser.java:131) ~[thymeleaf-3.0.15.RELEASE.jar:3.0.15.RELEASE]
	at org.thymeleaf.standard.expression.StandardExpressionParser.parseExpression(StandardExpressionParser.java:62) ~[thymeleaf-3.0.15.RELEASE.jar:3.0.15.RELEASE]
	at org.thymeleaf.standard.expression.StandardExpressionParser.parseExpression(StandardExpressionParser.java:44) ~[thymeleaf-3.0.15.RELEASE.jar:3.0.15.RELEASE]
	at org.thymeleaf.engine.EngineEventUtils.parseAttributeExpression(EngineEventUtils.java:220) ~[thymeleaf-3.0.15.RELEASE.jar:3.0.15.RELEASE]
	at org.thymeleaf.engine.EngineEventUtils.computeAttributeExpression(EngineEventUtils.java:207) ~[thymeleaf-3.0.15.RELEASE.jar:3.0.15.RELEASE]
	at org.thymeleaf.standard.processor.AbstractStandardExpressionAttributeTagProcessor.doProcess(AbstractStandardExpressionAttributeTagProcessor.java:125) ~[thymeleaf-3.0.15.RELEASE.jar:3.0.15.RELEASE]
	at org.thymeleaf.processor.element.AbstractAttributeTagProcessor.doProcess(AbstractAttributeTagProcessor.java:74) ~[thymeleaf-3.0.15.RELEASE.jar:3.0.15.RELEASE]
	at org.thymeleaf.processor.element.AbstractElementTagProcessor.process(AbstractElementTagProcessor.java:95) ~[thymeleaf-3.0.15.RELEASE.jar:3.0.15.RELEASE]
	at org.thymeleaf.util.ProcessorConfigurationUtils$ElementTagProcessorWrapper.process(ProcessorConfigurationUtils.java:633) ~[thymeleaf-3.0.15.RELEASE.jar:3.0.15.RELEASE]
	at org.thymeleaf.engine.ProcessorTemplateHandler.handleOpenElement(ProcessorTemplateHandler.java:1314) ~[thymeleaf-3.0.15.RELEASE.jar:3.0.15.RELEASE]
	at org.thymeleaf.engine.OpenElementTag.beHandled(OpenElementTag.java:205) ~[thymeleaf-3.0.15.RELEASE.jar:3.0.15.RELEASE]
	at org.thymeleaf.engine.Model.process(Model.java:282) ~[thymeleaf-3.0.15.RELEASE.jar:3.0.15.RELEASE]
	at org.thymeleaf.engine.ProcessorTemplateHandler.handleOpenElement(ProcessorTemplateHandler.java:1587) ~[thymeleaf-3.0.15.RELEASE.jar:3.0.15.RELEASE]
	at org.thymeleaf.engine.OpenElementTag.beHandled(OpenElementTag.java:205) ~[thymeleaf-3.0.15.RELEASE.jar:3.0.15.RELEASE]
	at org.thymeleaf.engine.Model.process(Model.java:282) ~[thymeleaf-3.0.15.RELEASE.jar:3.0.15.RELEASE]
	at org.thymeleaf.engine.ProcessorTemplateHandler.handleOpenElement(ProcessorTemplateHandler.java:1587) ~[thymeleaf-3.0.15.RELEASE.jar:3.0.15.RELEASE]
	at org.thymeleaf.engine.OpenElementTag.beHandled(OpenElementTag.java:205) ~[thymeleaf-3.0.15.RELEASE.jar:3.0.15.RELEASE]
	at org.thymeleaf.engine.Model.process(Model.java:282) ~[thymeleaf-3.0.15.RELEASE.jar:3.0.15.RELEASE]
	at org.thymeleaf.engine.Model.process(Model.java:290) ~[thymeleaf-3.0.15.RELEASE.jar:3.0.15.RELEASE]
	at org.thymeleaf.engine.GatheringModelProcessable.process(GatheringModelProcessable.java:78) ~[thymeleaf-3.0.15.RELEASE.jar:3.0.15.RELEASE]
	at org.thymeleaf.engine.ProcessorTemplateHandler.handleCloseElement(ProcessorTemplateHandler.java:1640) ~[thymeleaf-3.0.15.RELEASE.jar:3.0.15.RELEASE]
	at org.thymeleaf.engine.TemplateHandlerAdapterMarkupHandler.handleCloseElementEnd(TemplateHandlerAdapterMarkupHandler.java:388) ~[thymeleaf-3.0.15.RELEASE.jar:3.0.15.RELEASE]
	at org.thymeleaf.templateparser.markup.InlinedOutputExpressionMarkupHandler$InlineMarkupAdapterPreProcessorHandler.handleCloseElementEnd(InlinedOutputExpressionMarkupHandler.java:322) ~[thymeleaf-3.0.15.RELEASE.jar:3.0.15.RELEASE]
	at org.thymeleaf.standard.inline.OutputExpressionInlinePreProcessorHandler.handleCloseElementEnd(OutputExpressionInlinePreProcessorHandler.java:220) ~[thymeleaf-3.0.15.RELEASE.jar:3.0.15.RELEASE]
	at org.thymeleaf.templateparser.markup.InlinedOutputExpressionMarkupHandler.handleCloseElementEnd(InlinedOutputExpressionMarkupHandler.java:164) ~[thymeleaf-3.0.15.RELEASE.jar:3.0.15.RELEASE]
	at org.attoparser.HtmlElement.handleCloseElementEnd(HtmlElement.java:169) ~[attoparser-2.0.5.RELEASE.jar:2.0.5.RELEASE]
	at org.attoparser.HtmlMarkupHandler.handleCloseElementEnd(HtmlMarkupHandler.java:412) ~[attoparser-2.0.5.RELEASE.jar:2.0.5.RELEASE]
	at org.attoparser.MarkupEventProcessorHandler.handleCloseElementEnd(MarkupEventProcessorHandler.java:473) ~[attoparser-2.0.5.RELEASE.jar:2.0.5.RELEASE]
	at org.attoparser.ParsingElementMarkupUtil.parseCloseElement(ParsingElementMarkupUtil.java:201) ~[attoparser-2.0.5.RELEASE.jar:2.0.5.RELEASE]
	at org.attoparser.MarkupParser.parseBuffer(MarkupParser.java:725) ~[attoparser-2.0.5.RELEASE.jar:2.0.5.RELEASE]
	at org.attoparser.MarkupParser.parseDocument(MarkupParser.java:301) ~[attoparser-2.0.5.RELEASE.jar:2.0.5.RELEASE]
	at org.attoparser.MarkupParser.parse(MarkupParser.java:257) ~[attoparser-2.0.5.RELEASE.jar:2.0.5.RELEASE]
	at org.thymeleaf.templateparser.markup.AbstractMarkupTemplateParser.parse(AbstractMarkupTemplateParser.java:230) ~[thymeleaf-3.0.15.RELEASE.jar:3.0.15.RELEASE]
	... 51 more
2026-02-16 21:57:21 [ERROR] [dispatcherServlet]:175 - Servlet.service() for servlet [dispatcherServlet] in context with path [/RailEase] threw exception [Request processing failed; nested exception is org.thymeleaf.exceptions.TemplateInputException: An error happened during template parsing (template: "class path resource [templates/user/view-trains.html]")] with root cause
org.thymeleaf.exceptions.TemplateProcessingException: Could not parse as expression: "0, 'asc'" (template: "user/view-trains" - line 137, col 26)
	at org.thymeleaf.standard.expression.StandardExpressionParser.parseExpression(StandardExpressionParser.java:131) ~[thymeleaf-3.0.15.RELEASE.jar:3.0.15.RELEASE]
	at org.thymeleaf.standard.expression.StandardExpressionParser.parseExpression(StandardExpressionParser.java:62) ~[thymeleaf-3.0.15.RELEASE.jar:3.0.15.RELEASE]
	at org.thymeleaf.standard.expression.StandardExpressionParser.parseExpression(StandardExpressionParser.java:44) ~[thymeleaf-3.0.15.RELEASE.jar:3.0.15.RELEASE]
	at org.thymeleaf.engine.EngineEventUtils.parseAttributeExpression(EngineEventUtils.java:220) ~[thymeleaf-3.0.15.RELEASE.jar:3.0.15.RELEASE]
	at org.thymeleaf.engine.EngineEventUtils.computeAttributeExpression(EngineEventUtils.java:207) ~[thymeleaf-3.0.15.RELEASE.jar:3.0.15.RELEASE]
	at org.thymeleaf.standard.processor.AbstractStandardExpressionAttributeTagProcessor.doProcess(AbstractStandardExpressionAttributeTagProcessor.java:125) ~[thymeleaf-3.0.15.RELEASE.jar:3.0.15.RELEASE]
	at org.thymeleaf.processor.element.AbstractAttributeTagProcessor.doProcess(AbstractAttributeTagProcessor.java:74) ~[thymeleaf-3.0.15.RELEASE.jar:3.0.15.RELEASE]
	at org.thymeleaf.processor.element.AbstractElementTagProcessor.process(AbstractElementTagProcessor.java:95) ~[thymeleaf-3.0.15.RELEASE.jar:3.0.15.RELEASE]
	at org.thymeleaf.util.ProcessorConfigurationUtils$ElementTagProcessorWrapper.process(ProcessorConfigurationUtils.java:633) ~[thymeleaf-3.0.15.RELEASE.jar:3.0.15.RELEASE]
	at org.thymeleaf.engine.ProcessorTemplateHandler.handleOpenElement(ProcessorTemplateHandler.java:1314) ~[thymeleaf-3.0.15.RELEASE.jar:3.0.15.RELEASE]
	at org.thymeleaf.engine.OpenElementTag.beHandled(OpenElementTag.java:205) ~[thymeleaf-3.0.15.RELEASE.jar:3.0.15.RELEASE]
	at org.thymeleaf.engine.Model.process(Model.java:282) ~[thymeleaf-3.0.15.RELEASE.jar:3.0.15.RELEASE]
	at org.thymeleaf.engine.ProcessorTemplateHandler.handleOpenElement(ProcessorTemplateHandler.java:1587) ~[thymeleaf-3.0.15.RELEASE.jar:3.0.15.RELEASE]
	at org.thymeleaf.engine.OpenElementTag.beHandled(OpenElementTag.java:205) ~[thymeleaf-3.0.15.RELEASE.jar:3.0.15.RELEASE]
	at org.thymeleaf.engine.Model.process(Model.java:282) ~[thymeleaf-3.0.15.RELEASE.jar:3.0.15.RELEASE]
	at org.thymeleaf.engine.ProcessorTemplateHandler.handleOpenElement(ProcessorTemplateHandler.java:1587) ~[thymeleaf-3.0.15.RELEASE.jar:3.0.15.RELEASE]
	at org.thymeleaf.engine.OpenElementTag.beHandled(OpenElementTag.java:205) ~[thymeleaf-3.0.15.RELEASE.jar:3.0.15.RELEASE]
	at org.thymeleaf.engine.Model.process(Model.java:282) ~[thymeleaf-3.0.15.RELEASE.jar:3.0.15.RELEASE]
	at org.thymeleaf.engine.Model.process(Model.java:290) ~[thymeleaf-3.0.15.RELEASE.jar:3.0.15.RELEASE]
	at org.thymeleaf.engine.GatheringModelProcessable.process(GatheringModelProcessable.java:78) ~[thymeleaf-3.0.15.RELEASE.jar:3.0.15.RELEASE]
	at org.thymeleaf.engine.ProcessorTemplateHandler.handleCloseElement(ProcessorTemplateHandler.java:1640) ~[thymeleaf-3.0.15.RELEASE.jar:3.0.15.RELEASE]
	at org.thymeleaf.engine.TemplateHandlerAdapterMarkupHandler.handleCloseElementEnd(TemplateHandlerAdapterMarkupHandler.java:388) ~[thymeleaf-3.0.15.RELEASE.jar:3.0.15.RELEASE]
	at org.thymeleaf.templateparser.markup.InlinedOutputExpressionMarkupHandler$InlineMarkupAdapterPreProcessorHandler.handleCloseElementEnd(InlinedOutputExpressionMarkupHandler.java:322) ~[thymeleaf-3.0.15.RELEASE.jar:3.0.15.RELEASE]
	at org.thymeleaf.standard.inline.OutputExpressionInlinePreProcessorHandler.handleCloseElementEnd(OutputExpressionInlinePreProcessorHandler.java:220) ~[thymeleaf-3.0.15.RELEASE.jar:3.0.15.RELEASE]
	at org.thymeleaf.templateparser.markup.InlinedOutputExpressionMarkupHandler.handleCloseElementEnd(InlinedOutputExpressionMarkupHandler.java:164) ~[thymeleaf-3.0.15.RELEASE.jar:3.0.15.RELEASE]
	at org.attoparser.HtmlElement.handleCloseElementEnd(HtmlElement.java:169) ~[attoparser-2.0.5.RELEASE.jar:2.0.5.RELEASE]
	at org.attoparser.HtmlMarkupHandler.handleCloseElementEnd(HtmlMarkupHandler.java:412) ~[attoparser-2.0.5.RELEASE.jar:2.0.5.RELEASE]
	at org.attoparser.MarkupEventProcessorHandler.handleCloseElementEnd(MarkupEventProcessorHandler.java:473) ~[attoparser-2.0.5.RELEASE.jar:2.0.5.RELEASE]
	at org.attoparser.ParsingElementMarkupUtil.parseCloseElement(ParsingElementMarkupUtil.java:201) ~[attoparser-2.0.5.RELEASE.jar:2.0.5.RELEASE]
	at org.attoparser.MarkupParser.parseBuffer(MarkupParser.java:725) ~[attoparser-2.0.5.RELEASE.jar:2.0.5.RELEASE]
	at org.attoparser.MarkupParser.parseDocument(MarkupParser.java:301) ~[attoparser-2.0.5.RELEASE.jar:2.0.5.RELEASE]
	at org.attoparser.MarkupParser.parse(MarkupParser.java:257) ~[attoparser-2.0.5.RELEASE.jar:2.0.5.RELEASE]
	at org.thymeleaf.templateparser.markup.AbstractMarkupTemplateParser.parse(AbstractMarkupTemplateParser.java:230) ~[thymeleaf-3.0.15.RELEASE.jar:3.0.15.RELEASE]
	at org.thymeleaf.templateparser.markup.AbstractMarkupTemplateParser.parseStandalone(AbstractMarkupTemplateParser.java:100) ~[thymeleaf-3.0.15.RELEASE.jar:3.0.15.RELEASE]
	at org.thymeleaf.engine.TemplateManager.parseAndProcess(TemplateManager.java:666) ~[thymeleaf-3.0.15.RELEASE.jar:3.0.15.RELEASE]
	at org.thymeleaf.TemplateEngine.process(TemplateEngine.java:1098) ~[thymeleaf-3.0.15.RELEASE.jar:3.0.15.RELEASE]
	at org.thymeleaf.TemplateEngine.process(TemplateEngine.java:1072) ~[thymeleaf-3.0.15.RELEASE.jar:3.0.15.RELEASE]
	at org.thymeleaf.spring5.view.ThymeleafView.renderFragment(ThymeleafView.java:366) ~[thymeleaf-spring5-3.0.15.RELEASE.jar:3.0.15.RELEASE]
	at org.thymeleaf.spring5.view.ThymeleafView.render(ThymeleafView.java:190) ~[thymeleaf-spring5-3.0.15.RELEASE.jar:3.0.15.RELEASE]
	at org.springframework.web.servlet.DispatcherServlet.render(DispatcherServlet.java:1406) ~[spring-webmvc-5.3.28.jar:5.3.28]
	at org.springframework.web.servlet.DispatcherServlet.processDispatchResult(DispatcherServlet.java:1150) ~[spring-webmvc-5.3.28.jar:5.3.28]
	at org.springframework.web.servlet.DispatcherServlet.doDispatch(DispatcherServlet.java:1089) ~[spring-webmvc-5.3.28.jar:5.3.28]
	at org.springframework.web.servlet.DispatcherServlet.doService(DispatcherServlet.java:965) ~[spring-webmvc-5.3.28.jar:5.3.28]
	at org.springframework.web.servlet.FrameworkServlet.processRequest(FrameworkServlet.java:1006) ~[spring-webmvc-5.3.28.jar:5.3.28]
	at org.springframework.web.servlet.FrameworkServlet.doGet(FrameworkServlet.java:898) ~[spring-webmvc-5.3.28.jar:5.3.28]
	at javax.servlet.http.HttpServlet.service(HttpServlet.java:529) ~[tomcat-embed-core-9.0.76.jar:4.0.FR]
	at org.springframework.web.servlet.FrameworkServlet.service(FrameworkServlet.java:883) ~[spring-webmvc-5.3.28.jar:5.3.28]
	at javax.servlet.http.HttpServlet.service(HttpServlet.java:623) ~[tomcat-embed-core-9.0.76.jar:4.0.FR]
	at org.apache.catalina.core.ApplicationFilterChain.internalDoFilter(ApplicationFilterChain.java:209) ~[tomcat-embed-core-9.0.76.jar:9.0.76]
	at org.apache.catalina.core.ApplicationFilterChain.doFilter(ApplicationFilterChain.java:153) ~[tomcat-embed-core-9.0.76.jar:9.0.76]
	at org.apache.tomcat.websocket.server.WsFilter.doFilter(WsFilter.java:51) ~[tomcat-embed-websocket-9.0.76.jar:9.0.76]
	at org.apache.catalina.core.ApplicationFilterChain.internalDoFilter(ApplicationFilterChain.java:178) ~[tomcat-embed-core-9.0.76.jar:9.0.76]
	at org.apache.catalina.core.ApplicationFilterChain.doFilter(ApplicationFilterChain.java:153) ~[tomcat-embed-core-9.0.76.jar:9.0.76]
	at org.springframework.web.servlet.resource.ResourceUrlEncodingFilter.doFilter(ResourceUrlEncodingFilter.java:67) ~[spring-webmvc-5.3.28.jar:5.3.28]
	at org.apache.catalina.core.ApplicationFilterChain.internalDoFilter(ApplicationFilterChain.java:178) ~[tomcat-embed-core-9.0.76.jar:9.0.76]
	at org.apache.catalina.core.ApplicationFilterChain.doFilter(ApplicationFilterChain.java:153) ~[tomcat-embed-core-9.0.76.jar:9.0.76]
	at org.springframework.web.filter.RequestContextFilter.doFilterInternal(RequestContextFilter.java:100) ~[spring-web-5.3.28.jar:5.3.28]
	at org.springframework.web.filter.OncePerRequestFilter.doFilter(OncePerRequestFilter.java:117) ~[spring-web-5.3.28.jar:5.3.28]
	at org.apache.catalina.core.ApplicationFilterChain.internalDoFilter(ApplicationFilterChain.java:178) ~[tomcat-embed-core-9.0.76.jar:9.0.76]
	at org.apache.catalina.core.ApplicationFilterChain.doFilter(ApplicationFilterChain.java:153) ~[tomcat-embed-core-9.0.76.jar:9.0.76]
	at org.springframework.web.filter.FormContentFilter.doFilterInternal(FormContentFilter.java:93) ~[spring-web-5.3.28.jar:5.3.28]
	at org.springframework.web.filter.OncePerRequestFilter.doFilter(OncePerRequestFilter.java:117) ~[spring-web-5.3.28.jar:5.3.28]
	at org.apache.catalina.core.ApplicationFilterChain.internalDoFilter(ApplicationFilterChain.java:178) ~[tomcat-embed-core-9.0.76.jar:9.0.76]
	at org.apache.catalina.core.ApplicationFilterChain.doFilter(ApplicationFilterChain.java:153) ~[tomcat-embed-core-9.0.76.jar:9.0.76]
	at org.springframework.web.filter.CharacterEncodingFilter.doFilterInternal(CharacterEncodingFilter.java:201) ~[spring-web-5.3.28.jar:5.3.28]
	at org.springframework.web.filter.OncePerRequestFilter.doFilter(OncePerRequestFilter.java:117) ~[spring-web-5.3.28.jar:5.3.28]
	at org.apache.catalina.core.ApplicationFilterChain.internalDoFilter(ApplicationFilterChain.java:178) ~[tomcat-embed-core-9.0.76.jar:9.0.76]
	at org.apache.catalina.core.ApplicationFilterChain.doFilter(ApplicationFilterChain.java:153) ~[tomcat-embed-core-9.0.76.jar:9.0.76]
	at org.apache.catalina.core.StandardWrapperValve.invoke(StandardWrapperValve.java:167) ~[tomcat-embed-core-9.0.76.jar:9.0.76]
	at org.apache.catalina.core.StandardContextValve.invoke(StandardContextValve.java:90) ~[tomcat-embed-core-9.0.76.jar:9.0.76]
	at org.apache.catalina.authenticator.AuthenticatorBase.invoke(AuthenticatorBase.java:481) ~[tomcat-embed-core-9.0.76.jar:9.0.76]
	at org.apache.catalina.core.StandardHostValve.invoke(StandardHostValve.java:130) ~[tomcat-embed-core-9.0.76.jar:9.0.76]
	at org.apache.catalina.valves.ErrorReportValve.invoke(ErrorReportValve.java:93) ~[tomcat-embed-core-9.0.76.jar:9.0.76]
	at org.apache.catalina.core.StandardEngineValve.invoke(StandardEngineValve.java:74) ~[tomcat-embed-core-9.0.76.jar:9.0.76]
	at org.apache.catalina.connector.CoyoteAdapter.service(CoyoteAdapter.java:343) ~[tomcat-embed-core-9.0.76.jar:9.0.76]
	at org.apache.coyote.http11.Http11Processor.service(Http11Processor.java:390) ~[tomcat-embed-core-9.0.76.jar:9.0.76]
	at org.apache.coyote.AbstractProcessorLight.process(AbstractProcessorLight.java:63) ~[tomcat-embed-core-9.0.76.jar:9.0.76]
	at org.apache.coyote.AbstractProtocol$ConnectionHandler.process(AbstractProtocol.java:926) ~[tomcat-embed-core-9.0.76.jar:9.0.76]
	at org.apache.tomcat.util.net.NioEndpoint$SocketProcessor.doRun(NioEndpoint.java:1791) ~[tomcat-embed-core-9.0.76.jar:9.0.76]
	at org.apache.tomcat.util.net.SocketProcessorBase.run(SocketProcessorBase.java:52) ~[tomcat-embed-core-9.0.76.jar:9.0.76]
	at org.apache.tomcat.util.threads.ThreadPoolExecutor.runWorker(ThreadPoolExecutor.java:1191) ~[tomcat-embed-core-9.0.76.jar:9.0.76]
	at org.apache.tomcat.util.threads.ThreadPoolExecutor$Worker.run(ThreadPoolExecutor.java:659) ~[tomcat-embed-core-9.0.76.jar:9.0.76]
	at org.apache.tomcat.util.threads.TaskThread$WrappingRunnable.run(TaskThread.java:61) ~[tomcat-embed-core-9.0.76.jar:9.0.76]
	at java.lang.Thread.run(Thread.java:1583) ~[?:?]
2026-02-16 21:57:21 [ERROR] TemplateEngine:1136 - [THYMELEAF][http-nio-8080-exec-2] Exception processing template "error": An error happened during template parsing (template: "class path resource [templates/error.html]")
org.thymeleaf.exceptions.TemplateInputException: An error happened during template parsing (template: "class path resource [templates/error.html]")
	at org.thymeleaf.templateparser.markup.AbstractMarkupTemplateParser.parse(AbstractMarkupTemplateParser.java:235) ~[thymeleaf-3.0.15.RELEASE.jar:3.0.15.RELEASE]
	at org.thymeleaf.templateparser.markup.AbstractMarkupTemplateParser.parseStandalone(AbstractMarkupTemplateParser.java:100) ~[thymeleaf-3.0.15.RELEASE.jar:3.0.15.RELEASE]
	at org.thymeleaf.engine.TemplateManager.parseAndProcess(TemplateManager.java:666) ~[thymeleaf-3.0.15.RELEASE.jar:3.0.15.RELEASE]
	at org.thymeleaf.TemplateEngine.process(TemplateEngine.java:1098) ~[thymeleaf-3.0.15.RELEASE.jar:3.0.15.RELEASE]
	at org.thymeleaf.TemplateEngine.process(TemplateEngine.java:1072) ~[thymeleaf-3.0.15.RELEASE.jar:3.0.15.RELEASE]
	at org.thymeleaf.spring5.view.ThymeleafView.renderFragment(ThymeleafView.java:366) ~[thymeleaf-spring5-3.0.15.RELEASE.jar:3.0.15.RELEASE]
	at org.thymeleaf.spring5.view.ThymeleafView.render(ThymeleafView.java:190) ~[thymeleaf-spring5-3.0.15.RELEASE.jar:3.0.15.RELEASE]
	at org.springframework.web.servlet.DispatcherServlet.render(DispatcherServlet.java:1406) ~[spring-webmvc-5.3.28.jar:5.3.28]
	at org.springframework.web.servlet.DispatcherServlet.processDispatchResult(DispatcherServlet.java:1150) ~[spring-webmvc-5.3.28.jar:5.3.28]
	at org.springframework.web.servlet.DispatcherServlet.doDispatch(DispatcherServlet.java:1089) ~[spring-webmvc-5.3.28.jar:5.3.28]
	at org.springframework.web.servlet.DispatcherServlet.doService(DispatcherServlet.java:965) ~[spring-webmvc-5.3.28.jar:5.3.28]
	at org.springframework.web.servlet.FrameworkServlet.processRequest(FrameworkServlet.java:1006) ~[spring-webmvc-5.3.28.jar:5.3.28]
	at org.springframework.web.servlet.FrameworkServlet.doGet(FrameworkServlet.java:898) ~[spring-webmvc-5.3.28.jar:5.3.28]
	at javax.servlet.http.HttpServlet.service(HttpServlet.java:529) ~[tomcat-embed-core-9.0.76.jar:4.0.FR]
	at org.springframework.web.servlet.FrameworkServlet.service(FrameworkServlet.java:883) ~[spring-webmvc-5.3.28.jar:5.3.28]
	at javax.servlet.http.HttpServlet.service(HttpServlet.java:623) ~[tomcat-embed-core-9.0.76.jar:4.0.FR]
	at org.apache.catalina.core.ApplicationFilterChain.internalDoFilter(ApplicationFilterChain.java:209) ~[tomcat-embed-core-9.0.76.jar:9.0.76]
	at org.apache.catalina.core.ApplicationFilterChain.doFilter(ApplicationFilterChain.java:153) ~[tomcat-embed-core-9.0.76.jar:9.0.76]
	at org.springframework.web.filter.RequestContextFilter.doFilterInternal(RequestContextFilter.java:100) ~[spring-web-5.3.28.jar:5.3.28]
	at org.springframework.web.filter.OncePerRequestFilter.doFilter(OncePerRequestFilter.java:117) ~[spring-web-5.3.28.jar:5.3.28]
	at org.apache.catalina.core.ApplicationFilterChain.internalDoFilter(ApplicationFilterChain.java:178) ~[tomcat-embed-core-9.0.76.jar:9.0.76]
	at org.apache.catalina.core.ApplicationFilterChain.doFilter(ApplicationFilterChain.java:153) ~[tomcat-embed-core-9.0.76.jar:9.0.76]
	at org.springframework.web.filter.OncePerRequestFilter.doFilter(OncePerRequestFilter.java:102) ~[spring-web-5.3.28.jar:5.3.28]
	at org.apache.catalina.core.ApplicationFilterChain.internalDoFilter(ApplicationFilterChain.java:178) ~[tomcat-embed-core-9.0.76.jar:9.0.76]
	at org.apache.catalina.core.ApplicationFilterChain.doFilter(ApplicationFilterChain.java:153) ~[tomcat-embed-core-9.0.76.jar:9.0.76]
	at org.springframework.web.filter.OncePerRequestFilter.doFilter(OncePerRequestFilter.java:102) ~[spring-web-5.3.28.jar:5.3.28]
	at org.apache.catalina.core.ApplicationFilterChain.internalDoFilter(ApplicationFilterChain.java:178) ~[tomcat-embed-core-9.0.76.jar:9.0.76]
	at org.apache.catalina.core.ApplicationFilterChain.doFilter(ApplicationFilterChain.java:153) ~[tomcat-embed-core-9.0.76.jar:9.0.76]
	at org.apache.catalina.core.ApplicationDispatcher.invoke(ApplicationDispatcher.java:661) ~[tomcat-embed-core-9.0.76.jar:9.0.76]
	at org.apache.catalina.core.ApplicationDispatcher.doInclude(ApplicationDispatcher.java:537) ~[tomcat-embed-core-9.0.76.jar:9.0.76]
	at org.apache.catalina.core.ApplicationDispatcher.include(ApplicationDispatcher.java:480) ~[tomcat-embed-core-9.0.76.jar:9.0.76]
	at org.apache.catalina.core.StandardHostValve.custom(StandardHostValve.java:354) ~[tomcat-embed-core-9.0.76.jar:9.0.76]
	at org.apache.catalina.core.StandardHostValve.status(StandardHostValve.java:237) ~[tomcat-embed-core-9.0.76.jar:9.0.76]
	at org.apache.catalina.core.StandardHostValve.throwable(StandardHostValve.java:319) ~[tomcat-embed-core-9.0.76.jar:9.0.76]
	at org.apache.catalina.core.StandardHostValve.invoke(StandardHostValve.java:164) ~[tomcat-embed-core-9.0.76.jar:9.0.76]
	at org.apache.catalina.valves.ErrorReportValve.invoke(ErrorReportValve.java:93) ~[tomcat-embed-core-9.0.76.jar:9.0.76]
	at org.apache.catalina.core.StandardEngineValve.invoke(StandardEngineValve.java:74) ~[tomcat-embed-core-9.0.76.jar:9.0.76]
	at org.apache.catalina.connector.CoyoteAdapter.service(CoyoteAdapter.java:343) ~[tomcat-embed-core-9.0.76.jar:9.0.76]
	at org.apache.coyote.http11.Http11Processor.service(Http11Processor.java:390) ~[tomcat-embed-core-9.0.76.jar:9.0.76]
	at org.apache.coyote.AbstractProcessorLight.process(AbstractProcessorLight.java:63) ~[tomcat-embed-core-9.0.76.jar:9.0.76]
	at org.apache.coyote.AbstractProtocol$ConnectionHandler.process(AbstractProtocol.java:926) ~[tomcat-embed-core-9.0.76.jar:9.0.76]
	at org.apache.tomcat.util.net.NioEndpoint$SocketProcessor.doRun(NioEndpoint.java:1791) ~[tomcat-embed-core-9.0.76.jar:9.0.76]
	at org.apache.tomcat.util.net.SocketProcessorBase.run(SocketProcessorBase.java:52) ~[tomcat-embed-core-9.0.76.jar:9.0.76]
	at org.apache.tomcat.util.threads.ThreadPoolExecutor.runWorker(ThreadPoolExecutor.java:1191) ~[tomcat-embed-core-9.0.76.jar:9.0.76]
	at org.apache.tomcat.util.threads.ThreadPoolExecutor$Worker.run(ThreadPoolExecutor.java:659) ~[tomcat-embed-core-9.0.76.jar:9.0.76]
	at org.apache.tomcat.util.threads.TaskThread$WrappingRunnable.run(TaskThread.java:61) ~[tomcat-embed-core-9.0.76.jar:9.0.76]
	at java.lang.Thread.run(Thread.java:1583) ~[?:?]
Caused by: java.io.FileNotFoundException: class path resource [templates/error.html] cannot be opened because it does not exist
	at org.springframework.core.io.ClassPathResource.getInputStream(ClassPathResource.java:199) ~[spring-core-5.3.28.jar:5.3.28]
	at org.thymeleaf.spring5.templateresource.SpringResourceTemplateResource.reader(SpringResourceTemplateResource.java:103) ~[thymeleaf-spring5-3.0.15.RELEASE.jar:3.0.15.RELEASE]
	at org.thymeleaf.templateparser.markup.AbstractMarkupTemplateParser.parse(AbstractMarkupTemplateParser.java:223) ~[thymeleaf-3.0.15.RELEASE.jar:3.0.15.RELEASE]
	... 46 more
2026-02-16 21:57:21 [ERROR] [dispatcherServlet]:175 - Servlet.service() for servlet [dispatcherServlet] threw exception
java.io.FileNotFoundException: class path resource [templates/error.html] cannot be opened because it does not exist
	at org.springframework.core.io.ClassPathResource.getInputStream(ClassPathResource.java:199) ~[spring-core-5.3.28.jar:5.3.28]
	at org.thymeleaf.spring5.templateresource.SpringResourceTemplateResource.reader(SpringResourceTemplateResource.java:103) ~[thymeleaf-spring5-3.0.15.RELEASE.jar:3.0.15.RELEASE]
	at org.thymeleaf.templateparser.markup.AbstractMarkupTemplateParser.parse(AbstractMarkupTemplateParser.java:223) ~[thymeleaf-3.0.15.RELEASE.jar:3.0.15.RELEASE]
	at org.thymeleaf.templateparser.markup.AbstractMarkupTemplateParser.parseStandalone(AbstractMarkupTemplateParser.java:100) ~[thymeleaf-3.0.15.RELEASE.jar:3.0.15.RELEASE]
	at org.thymeleaf.engine.TemplateManager.parseAndProcess(TemplateManager.java:666) ~[thymeleaf-3.0.15.RELEASE.jar:3.0.15.RELEASE]
	at org.thymeleaf.TemplateEngine.process(TemplateEngine.java:1098) ~[thymeleaf-3.0.15.RELEASE.jar:3.0.15.RELEASE]
	at org.thymeleaf.TemplateEngine.process(TemplateEngine.java:1072) ~[thymeleaf-3.0.15.RELEASE.jar:3.0.15.RELEASE]
	at org.thymeleaf.spring5.view.ThymeleafView.renderFragment(ThymeleafView.java:366) ~[thymeleaf-spring5-3.0.15.RELEASE.jar:3.0.15.RELEASE]
	at org.thymeleaf.spring5.view.ThymeleafView.render(ThymeleafView.java:190) ~[thymeleaf-spring5-3.0.15.RELEASE.jar:3.0.15.RELEASE]
	at org.springframework.web.servlet.DispatcherServlet.render(DispatcherServlet.java:1406) ~[spring-webmvc-5.3.28.jar:5.3.28]
	at org.springframework.web.servlet.DispatcherServlet.processDispatchResult(DispatcherServlet.java:1150) ~[spring-webmvc-5.3.28.jar:5.3.28]
	at org.springframework.web.servlet.DispatcherServlet.doDispatch(DispatcherServlet.java:1089) ~[spring-webmvc-5.3.28.jar:5.3.28]
	at org.springframework.web.servlet.DispatcherServlet.doService(DispatcherServlet.java:965) ~[spring-webmvc-5.3.28.jar:5.3.28]
	at org.springframework.web.servlet.FrameworkServlet.processRequest(FrameworkServlet.java:1006) ~[spring-webmvc-5.3.28.jar:5.3.28]
	at org.springframework.web.servlet.FrameworkServlet.doGet(FrameworkServlet.java:898) ~[spring-webmvc-5.3.28.jar:5.3.28]
	at javax.servlet.http.HttpServlet.service(HttpServlet.java:529) ~[tomcat-embed-core-9.0.76.jar:4.0.FR]
	at org.springframework.web.servlet.FrameworkServlet.service(FrameworkServlet.java:883) ~[spring-webmvc-5.3.28.jar:5.3.28]
	at javax.servlet.http.HttpServlet.service(HttpServlet.java:623) ~[tomcat-embed-core-9.0.76.jar:4.0.FR]
	at org.apache.catalina.core.ApplicationFilterChain.internalDoFilter(ApplicationFilterChain.java:209) ~[tomcat-embed-core-9.0.76.jar:9.0.76]
	at org.apache.catalina.core.ApplicationFilterChain.doFilter(ApplicationFilterChain.java:153) ~[tomcat-embed-core-9.0.76.jar:9.0.76]
	at org.springframework.web.filter.RequestContextFilter.doFilterInternal(RequestContextFilter.java:100) ~[spring-web-5.3.28.jar:5.3.28]
	at org.springframework.web.filter.OncePerRequestFilter.doFilter(OncePerRequestFilter.java:117) ~[spring-web-5.3.28.jar:5.3.28]
	at org.apache.catalina.core.ApplicationFilterChain.internalDoFilter(ApplicationFilterChain.java:178) ~[tomcat-embed-core-9.0.76.jar:9.0.76]
	at org.apache.catalina.core.ApplicationFilterChain.doFilter(ApplicationFilterChain.java:153) ~[tomcat-embed-core-9.0.76.jar:9.0.76]
	at org.springframework.web.filter.OncePerRequestFilter.doFilter(OncePerRequestFilter.java:102) ~[spring-web-5.3.28.jar:5.3.28]
	at org.apache.catalina.core.ApplicationFilterChain.internalDoFilter(ApplicationFilterChain.java:178) ~[tomcat-embed-core-9.0.76.jar:9.0.76]
	at org.apache.catalina.core.ApplicationFilterChain.doFilter(ApplicationFilterChain.java:153) ~[tomcat-embed-core-9.0.76.jar:9.0.76]
	at org.springframework.web.filter.OncePerRequestFilter.doFilter(OncePerRequestFilter.java:102) ~[spring-web-5.3.28.jar:5.3.28]
	at org.apache.catalina.core.ApplicationFilterChain.internalDoFilter(ApplicationFilterChain.java:178) ~[tomcat-embed-core-9.0.76.jar:9.0.76]
	at org.apache.catalina.core.ApplicationFilterChain.doFilter(ApplicationFilterChain.java:153) ~[tomcat-embed-core-9.0.76.jar:9.0.76]
	at org.apache.catalina.core.ApplicationDispatcher.invoke(ApplicationDispatcher.java:661) ~[tomcat-embed-core-9.0.76.jar:9.0.76]
	at org.apache.catalina.core.ApplicationDispatcher.doInclude(ApplicationDispatcher.java:537) ~[tomcat-embed-core-9.0.76.jar:9.0.76]
	at org.apache.catalina.core.ApplicationDispatcher.include(ApplicationDispatcher.java:480) ~[tomcat-embed-core-9.0.76.jar:9.0.76]
	at org.apache.catalina.core.StandardHostValve.custom(StandardHostValve.java:354) ~[tomcat-embed-core-9.0.76.jar:9.0.76]
	at org.apache.catalina.core.StandardHostValve.status(StandardHostValve.java:237) ~[tomcat-embed-core-9.0.76.jar:9.0.76]
	at org.apache.catalina.core.StandardHostValve.throwable(StandardHostValve.java:319) ~[tomcat-embed-core-9.0.76.jar:9.0.76]
	at org.apache.catalina.core.StandardHostValve.invoke(StandardHostValve.java:164) ~[tomcat-embed-core-9.0.76.jar:9.0.76]
	at org.apache.catalina.valves.ErrorReportValve.invoke(ErrorReportValve.java:93) ~[tomcat-embed-core-9.0.76.jar:9.0.76]
	at org.apache.catalina.core.StandardEngineValve.invoke(StandardEngineValve.java:74) ~[tomcat-embed-core-9.0.76.jar:9.0.76]
	at org.apache.catalina.connector.CoyoteAdapter.service(CoyoteAdapter.java:343) ~[tomcat-embed-core-9.0.76.jar:9.0.76]
	at org.apache.coyote.http11.Http11Processor.service(Http11Processor.java:390) ~[tomcat-embed-core-9.0.76.jar:9.0.76]
	at org.apache.coyote.AbstractProcessorLight.process(AbstractProcessorLight.java:63) ~[tomcat-embed-core-9.0.76.jar:9.0.76]
	at org.apache.coyote.AbstractProtocol$ConnectionHandler.process(AbstractProtocol.java:926) ~[tomcat-embed-core-9.0.76.jar:9.0.76]
	at org.apache.tomcat.util.net.NioEndpoint$SocketProcessor.doRun(NioEndpoint.java:1791) ~[tomcat-embed-core-9.0.76.jar:9.0.76]
	at org.apache.tomcat.util.net.SocketProcessorBase.run(SocketProcessorBase.java:52) ~[tomcat-embed-core-9.0.76.jar:9.0.76]
	at org.apache.tomcat.util.threads.ThreadPoolExecutor.runWorker(ThreadPoolExecutor.java:1191) ~[tomcat-embed-core-9.0.76.jar:9.0.76]
	at org.apache.tomcat.util.threads.ThreadPoolExecutor$Worker.run(ThreadPoolExecutor.java:659) ~[tomcat-embed-core-9.0.76.jar:9.0.76]
	at org.apache.tomcat.util.threads.TaskThread$WrappingRunnable.run(TaskThread.java:61) ~[tomcat-embed-core-9.0.76.jar:9.0.76]
	at java.lang.Thread.run(Thread.java:1583) ~[?:?]
2026-02-16 21:57:21 [ERROR] [localhost]:175 - Exception Processing ErrorPage[errorCode=0, location=/error]
org.springframework.web.util.NestedServletException: Request processing failed; nested exception is org.thymeleaf.exceptions.TemplateInputException: An error happened during template parsing (template: "class path resource [templates/error.html]")
	at org.springframework.web.servlet.FrameworkServlet.processRequest(FrameworkServlet.java:1014) ~[spring-webmvc-5.3.28.jar:5.3.28]
	at org.springframework.web.servlet.FrameworkServlet.doGet(FrameworkServlet.java:898) ~[spring-webmvc-5.3.28.jar:5.3.28]
	at javax.servlet.http.HttpServlet.service(HttpServlet.java:529) ~[tomcat-embed-core-9.0.76.jar:4.0.FR]
	at org.springframework.web.servlet.FrameworkServlet.service(FrameworkServlet.java:883) ~[spring-webmvc-5.3.28.jar:5.3.28]
	at javax.servlet.http.HttpServlet.service(HttpServlet.java:623) ~[tomcat-embed-core-9.0.76.jar:4.0.FR]
	at org.apache.catalina.core.ApplicationFilterChain.internalDoFilter(ApplicationFilterChain.java:209) ~[tomcat-embed-core-9.0.76.jar:9.0.76]
	at org.apache.catalina.core.ApplicationFilterChain.doFilter(ApplicationFilterChain.java:153) ~[tomcat-embed-core-9.0.76.jar:9.0.76]
	at org.springframework.web.filter.RequestContextFilter.doFilterInternal(RequestContextFilter.java:100) ~[spring-web-5.3.28.jar:5.3.28]
	at org.springframework.web.filter.OncePerRequestFilter.doFilter(OncePerRequestFilter.java:117) ~[spring-web-5.3.28.jar:5.3.28]
	at org.apache.catalina.core.ApplicationFilterChain.internalDoFilter(ApplicationFilterChain.java:178) ~[tomcat-embed-core-9.0.76.jar:9.0.76]
	at org.apache.catalina.core.ApplicationFilterChain.doFilter(ApplicationFilterChain.java:153) ~[tomcat-embed-core-9.0.76.jar:9.0.76]
	at org.springframework.web.filter.OncePerRequestFilter.doFilter(OncePerRequestFilter.java:102) ~[spring-web-5.3.28.jar:5.3.28]
	at org.apache.catalina.core.ApplicationFilterChain.internalDoFilter(ApplicationFilterChain.java:178) ~[tomcat-embed-core-9.0.76.jar:9.0.76]
	at org.apache.catalina.core.ApplicationFilterChain.doFilter(ApplicationFilterChain.java:153) ~[tomcat-embed-core-9.0.76.jar:9.0.76]
	at org.springframework.web.filter.OncePerRequestFilter.doFilter(OncePerRequestFilter.java:102) ~[spring-web-5.3.28.jar:5.3.28]
	at org.apache.catalina.core.ApplicationFilterChain.internalDoFilter(ApplicationFilterChain.java:178) ~[tomcat-embed-core-9.0.76.jar:9.0.76]
	at org.apache.catalina.core.ApplicationFilterChain.doFilter(ApplicationFilterChain.java:153) ~[tomcat-embed-core-9.0.76.jar:9.0.76]
	at org.apache.catalina.core.ApplicationDispatcher.invoke(ApplicationDispatcher.java:661) ~[tomcat-embed-core-9.0.76.jar:9.0.76]
	at org.apache.catalina.core.ApplicationDispatcher.doInclude(ApplicationDispatcher.java:537) ~[tomcat-embed-core-9.0.76.jar:9.0.76]
	at org.apache.catalina.core.ApplicationDispatcher.include(ApplicationDispatcher.java:480) ~[tomcat-embed-core-9.0.76.jar:9.0.76]
	at org.apache.catalina.core.StandardHostValve.custom(StandardHostValve.java:354) ~[tomcat-embed-core-9.0.76.jar:9.0.76]
	at org.apache.catalina.core.StandardHostValve.status(StandardHostValve.java:237) ~[tomcat-embed-core-9.0.76.jar:9.0.76]
	at org.apache.catalina.core.StandardHostValve.throwable(StandardHostValve.java:319) ~[tomcat-embed-core-9.0.76.jar:9.0.76]
	at org.apache.catalina.core.StandardHostValve.invoke(StandardHostValve.java:164) ~[tomcat-embed-core-9.0.76.jar:9.0.76]
	at org.apache.catalina.valves.ErrorReportValve.invoke(ErrorReportValve.java:93) ~[tomcat-embed-core-9.0.76.jar:9.0.76]
	at org.apache.catalina.core.StandardEngineValve.invoke(StandardEngineValve.java:74) ~[tomcat-embed-core-9.0.76.jar:9.0.76]
	at org.apache.catalina.connector.CoyoteAdapter.service(CoyoteAdapter.java:343) ~[tomcat-embed-core-9.0.76.jar:9.0.76]
	at org.apache.coyote.http11.Http11Processor.service(Http11Processor.java:390) ~[tomcat-embed-core-9.0.76.jar:9.0.76]
	at org.apache.coyote.AbstractProcessorLight.process(AbstractProcessorLight.java:63) ~[tomcat-embed-core-9.0.76.jar:9.0.76]
	at org.apache.coyote.AbstractProtocol$ConnectionHandler.process(AbstractProtocol.java:926) ~[tomcat-embed-core-9.0.76.jar:9.0.76]
	at org.apache.tomcat.util.net.NioEndpoint$SocketProcessor.doRun(NioEndpoint.java:1791) ~[tomcat-embed-core-9.0.76.jar:9.0.76]
	at org.apache.tomcat.util.net.SocketProcessorBase.run(SocketProcessorBase.java:52) ~[tomcat-embed-core-9.0.76.jar:9.0.76]
	at org.apache.tomcat.util.threads.ThreadPoolExecutor.runWorker(ThreadPoolExecutor.java:1191) ~[tomcat-embed-core-9.0.76.jar:9.0.76]
	at org.apache.tomcat.util.threads.ThreadPoolExecutor$Worker.run(ThreadPoolExecutor.java:659) ~[tomcat-embed-core-9.0.76.jar:9.0.76]
	at org.apache.tomcat.util.threads.TaskThread$WrappingRunnable.run(TaskThread.java:61) ~[tomcat-embed-core-9.0.76.jar:9.0.76]
	at java.lang.Thread.run(Thread.java:1583) ~[?:?]
Caused by: org.thymeleaf.exceptions.TemplateInputException: An error happened during template parsing (template: "class path resource [templates/error.html]")
	at org.thymeleaf.templateparser.markup.AbstractMarkupTemplateParser.parse(AbstractMarkupTemplateParser.java:235) ~[thymeleaf-3.0.15.RELEASE.jar:3.0.15.RELEASE]
	at org.thymeleaf.templateparser.markup.AbstractMarkupTemplateParser.parseStandalone(AbstractMarkupTemplateParser.java:100) ~[thymeleaf-3.0.15.RELEASE.jar:3.0.15.RELEASE]
	at org.thymeleaf.engine.TemplateManager.parseAndProcess(TemplateManager.java:666) ~[thymeleaf-3.0.15.RELEASE.jar:3.0.15.RELEASE]
	at org.thymeleaf.TemplateEngine.process(TemplateEngine.java:1098) ~[thymeleaf-3.0.15.RELEASE.jar:3.0.15.RELEASE]
	at org.thymeleaf.TemplateEngine.process(TemplateEngine.java:1072) ~[thymeleaf-3.0.15.RELEASE.jar:3.0.15.RELEASE]
	at org.thymeleaf.spring5.view.ThymeleafView.renderFragment(ThymeleafView.java:366) ~[thymeleaf-spring5-3.0.15.RELEASE.jar:3.0.15.RELEASE]
	at org.thymeleaf.spring5.view.ThymeleafView.render(ThymeleafView.java:190) ~[thymeleaf-spring5-3.0.15.RELEASE.jar:3.0.15.RELEASE]
	at org.springframework.web.servlet.DispatcherServlet.render(DispatcherServlet.java:1406) ~[spring-webmvc-5.3.28.jar:5.3.28]
	at org.springframework.web.servlet.DispatcherServlet.processDispatchResult(DispatcherServlet.java:1150) ~[spring-webmvc-5.3.28.jar:5.3.28]
	at org.springframework.web.servlet.DispatcherServlet.doDispatch(DispatcherServlet.java:1089) ~[spring-webmvc-5.3.28.jar:5.3.28]
	at org.springframework.web.servlet.DispatcherServlet.doService(DispatcherServlet.java:965) ~[spring-webmvc-5.3.28.jar:5.3.28]
	at org.springframework.web.servlet.FrameworkServlet.processRequest(FrameworkServlet.java:1006) ~[spring-webmvc-5.3.28.jar:5.3.28]
	... 35 more
Caused by: java.io.FileNotFoundException: class path resource [templates/error.html] cannot be opened because it does not exist
	at org.springframework.core.io.ClassPathResource.getInputStream(ClassPathResource.java:199) ~[spring-core-5.3.28.jar:5.3.28]
	at org.thymeleaf.spring5.templateresource.SpringResourceTemplateResource.reader(SpringResourceTemplateResource.java:103) ~[thymeleaf-spring5-3.0.15.RELEASE.jar:3.0.15.RELEASE]
	at org.thymeleaf.templateparser.markup.AbstractMarkupTemplateParser.parse(AbstractMarkupTemplateParser.java:223) ~[thymeleaf-3.0.15.RELEASE.jar:3.0.15.RELEASE]
	at org.thymeleaf.templateparser.markup.AbstractMarkupTemplateParser.parseStandalone(AbstractMarkupTemplateParser.java:100) ~[thymeleaf-3.0.15.RELEASE.jar:3.0.15.RELEASE]
	at org.thymeleaf.engine.TemplateManager.parseAndProcess(TemplateManager.java:666) ~[thymeleaf-3.0.15.RELEASE.jar:3.0.15.RELEASE]
	at org.thymeleaf.TemplateEngine.process(TemplateEngine.java:1098) ~[thymeleaf-3.0.15.RELEASE.jar:3.0.15.RELEASE]
	at org.thymeleaf.TemplateEngine.process(TemplateEngine.java:1072) ~[thymeleaf-3.0.15.RELEASE.jar:3.0.15.RELEASE]
	at org.thymeleaf.spring5.view.ThymeleafView.renderFragment(ThymeleafView.java:366) ~[thymeleaf-spring5-3.0.15.RELEASE.jar:3.0.15.RELEASE]
	at org.thymeleaf.spring5.view.ThymeleafView.render(ThymeleafView.java:190) ~[thymeleaf-spring5-3.0.15.RELEASE.jar:3.0.15.RELEASE]
	at org.springframework.web.servlet.DispatcherServlet.render(DispatcherServlet.java:1406) ~[spring-webmvc-5.3.28.jar:5.3.28]
	at org.springframework.web.servlet.DispatcherServlet.processDispatchResult(DispatcherServlet.java:1150) ~[spring-webmvc-5.3.28.jar:5.3.28]
	at org.springframework.web.servlet.DispatcherServlet.doDispatch(DispatcherServlet.java:1089) ~[spring-webmvc-5.3.28.jar:5.3.28]
	at org.springframework.web.servlet.DispatcherServlet.doService(DispatcherServlet.java:965) ~[spring-webmvc-5.3.28.jar:5.3.28]
	at org.springframework.web.servlet.FrameworkServlet.processRequest(FrameworkServlet.java:1006) ~[spring-webmvc-5.3.28.jar:5.3.28]
	... 35 more
2026-02-16 21:57:33 [DEBUG] SQL:144 - 
    select
        train0_.train_no as train_no1_3_,
        train0_.ac_fare as ac_fare2_3_,
        train0_.ac_seats as ac_seats3_3_,
        train0_.arrival_time as arrival_4_3_,
        train0_.departure_time as departur5_3_,
        train0_.destination_station as destinat6_3_,
        train0_.general_fare as general_7_3_,
        train0_.general_seats as general_8_3_,
        train0_.is_active as is_activ9_3_,
        train0_.journey_date as journey10_3_,
        train0_.sleeper_fare as sleeper11_3_,
        train0_.sleeper_seats as sleeper12_3_,
        train0_.source_station as source_13_3_,
        train0_.train_name as train_n14_3_ 
    from
        trains train0_ 
    where
        train0_.is_active=1
2026-02-16 21:57:34 [ERROR] TemplateEngine:1136 - [THYMELEAF][http-nio-8080-exec-3] Exception processing template "user/view-trains": An error happened during template parsing (template: "class path resource [templates/user/view-trains.html]")
org.thymeleaf.exceptions.TemplateInputException: An error happened during template parsing (template: "class path resource [templates/user/view-trains.html]")
	at org.thymeleaf.templateparser.markup.AbstractMarkupTemplateParser.parse(AbstractMarkupTemplateParser.java:241) ~[thymeleaf-3.0.15.RELEASE.jar:3.0.15.RELEASE]
	at org.thymeleaf.templateparser.markup.AbstractMarkupTemplateParser.parseStandalone(AbstractMarkupTemplateParser.java:100) ~[thymeleaf-3.0.15.RELEASE.jar:3.0.15.RELEASE]
	at org.thymeleaf.engine.TemplateManager.parseAndProcess(TemplateManager.java:666) ~[thymeleaf-3.0.15.RELEASE.jar:3.0.15.RELEASE]
	at org.thymeleaf.TemplateEngine.process(TemplateEngine.java:1098) ~[thymeleaf-3.0.15.RELEASE.jar:3.0.15.RELEASE]
	at org.thymeleaf.TemplateEngine.process(TemplateEngine.java:1072) ~[thymeleaf-3.0.15.RELEASE.jar:3.0.15.RELEASE]
	at org.thymeleaf.spring5.view.ThymeleafView.renderFragment(ThymeleafView.java:366) ~[thymeleaf-spring5-3.0.15.RELEASE.jar:3.0.15.RELEASE]
	at org.thymeleaf.spring5.view.ThymeleafView.render(ThymeleafView.java:190) ~[thymeleaf-spring5-3.0.15.RELEASE.jar:3.0.15.RELEASE]
	at org.springframework.web.servlet.DispatcherServlet.render(DispatcherServlet.java:1406) ~[spring-webmvc-5.3.28.jar:5.3.28]
	at org.springframework.web.servlet.DispatcherServlet.processDispatchResult(DispatcherServlet.java:1150) ~[spring-webmvc-5.3.28.jar:5.3.28]
	at org.springframework.web.servlet.DispatcherServlet.doDispatch(DispatcherServlet.java:1089) ~[spring-webmvc-5.3.28.jar:5.3.28]
	at org.springframework.web.servlet.DispatcherServlet.doService(DispatcherServlet.java:965) ~[spring-webmvc-5.3.28.jar:5.3.28]
	at org.springframework.web.servlet.FrameworkServlet.processRequest(FrameworkServlet.java:1006) ~[spring-webmvc-5.3.28.jar:5.3.28]
	at org.springframework.web.servlet.FrameworkServlet.doGet(FrameworkServlet.java:898) ~[spring-webmvc-5.3.28.jar:5.3.28]
	at javax.servlet.http.HttpServlet.service(HttpServlet.java:529) ~[tomcat-embed-core-9.0.76.jar:4.0.FR]
	at org.springframework.web.servlet.FrameworkServlet.service(FrameworkServlet.java:883) ~[spring-webmvc-5.3.28.jar:5.3.28]
	at javax.servlet.http.HttpServlet.service(HttpServlet.java:623) ~[tomcat-embed-core-9.0.76.jar:4.0.FR]
	at org.apache.catalina.core.ApplicationFilterChain.internalDoFilter(ApplicationFilterChain.java:209) ~[tomcat-embed-core-9.0.76.jar:9.0.76]
	at org.apache.catalina.core.ApplicationFilterChain.doFilter(ApplicationFilterChain.java:153) ~[tomcat-embed-core-9.0.76.jar:9.0.76]
	at org.apache.tomcat.websocket.server.WsFilter.doFilter(WsFilter.java:51) ~[tomcat-embed-websocket-9.0.76.jar:9.0.76]
	at org.apache.catalina.core.ApplicationFilterChain.internalDoFilter(ApplicationFilterChain.java:178) ~[tomcat-embed-core-9.0.76.jar:9.0.76]
	at org.apache.catalina.core.ApplicationFilterChain.doFilter(ApplicationFilterChain.java:153) ~[tomcat-embed-core-9.0.76.jar:9.0.76]
	at org.springframework.web.servlet.resource.ResourceUrlEncodingFilter.doFilter(ResourceUrlEncodingFilter.java:67) ~[spring-webmvc-5.3.28.jar:5.3.28]
	at org.apache.catalina.core.ApplicationFilterChain.internalDoFilter(ApplicationFilterChain.java:178) ~[tomcat-embed-core-9.0.76.jar:9.0.76]
	at org.apache.catalina.core.ApplicationFilterChain.doFilter(ApplicationFilterChain.java:153) ~[tomcat-embed-core-9.0.76.jar:9.0.76]
	at org.springframework.web.filter.RequestContextFilter.doFilterInternal(RequestContextFilter.java:100) ~[spring-web-5.3.28.jar:5.3.28]
	at org.springframework.web.filter.OncePerRequestFilter.doFilter(OncePerRequestFilter.java:117) ~[spring-web-5.3.28.jar:5.3.28]
	at org.apache.catalina.core.ApplicationFilterChain.internalDoFilter(ApplicationFilterChain.java:178) ~[tomcat-embed-core-9.0.76.jar:9.0.76]
	at org.apache.catalina.core.ApplicationFilterChain.doFilter(ApplicationFilterChain.java:153) ~[tomcat-embed-core-9.0.76.jar:9.0.76]
	at org.springframework.web.filter.FormContentFilter.doFilterInternal(FormContentFilter.java:93) ~[spring-web-5.3.28.jar:5.3.28]
	at org.springframework.web.filter.OncePerRequestFilter.doFilter(OncePerRequestFilter.java:117) ~[spring-web-5.3.28.jar:5.3.28]
	at org.apache.catalina.core.ApplicationFilterChain.internalDoFilter(ApplicationFilterChain.java:178) ~[tomcat-embed-core-9.0.76.jar:9.0.76]
	at org.apache.catalina.core.ApplicationFilterChain.doFilter(ApplicationFilterChain.java:153) ~[tomcat-embed-core-9.0.76.jar:9.0.76]
	at org.springframework.web.filter.CharacterEncodingFilter.doFilterInternal(CharacterEncodingFilter.java:201) ~[spring-web-5.3.28.jar:5.3.28]
	at org.springframework.web.filter.OncePerRequestFilter.doFilter(OncePerRequestFilter.java:117) ~[spring-web-5.3.28.jar:5.3.28]
	at org.apache.catalina.core.ApplicationFilterChain.internalDoFilter(ApplicationFilterChain.java:178) ~[tomcat-embed-core-9.0.76.jar:9.0.76]
	at org.apache.catalina.core.ApplicationFilterChain.doFilter(ApplicationFilterChain.java:153) ~[tomcat-embed-core-9.0.76.jar:9.0.76]
	at org.apache.catalina.core.StandardWrapperValve.invoke(StandardWrapperValve.java:167) ~[tomcat-embed-core-9.0.76.jar:9.0.76]
	at org.apache.catalina.core.StandardContextValve.invoke(StandardContextValve.java:90) ~[tomcat-embed-core-9.0.76.jar:9.0.76]
	at org.apache.catalina.authenticator.AuthenticatorBase.invoke(AuthenticatorBase.java:481) ~[tomcat-embed-core-9.0.76.jar:9.0.76]
	at org.apache.catalina.core.StandardHostValve.invoke(StandardHostValve.java:130) ~[tomcat-embed-core-9.0.76.jar:9.0.76]
	at org.apache.catalina.valves.ErrorReportValve.invoke(ErrorReportValve.java:93) ~[tomcat-embed-core-9.0.76.jar:9.0.76]
	at org.apache.catalina.core.StandardEngineValve.invoke(StandardEngineValve.java:74) ~[tomcat-embed-core-9.0.76.jar:9.0.76]
	at org.apache.catalina.connector.CoyoteAdapter.service(CoyoteAdapter.java:343) ~[tomcat-embed-core-9.0.76.jar:9.0.76]
	at org.apache.coyote.http11.Http11Processor.service(Http11Processor.java:390) ~[tomcat-embed-core-9.0.76.jar:9.0.76]
	at org.apache.coyote.AbstractProcessorLight.process(AbstractProcessorLight.java:63) ~[tomcat-embed-core-9.0.76.jar:9.0.76]
	at org.apache.coyote.AbstractProtocol$ConnectionHandler.process(AbstractProtocol.java:926) ~[tomcat-embed-core-9.0.76.jar:9.0.76]
	at org.apache.tomcat.util.net.NioEndpoint$SocketProcessor.doRun(NioEndpoint.java:1791) ~[tomcat-embed-core-9.0.76.jar:9.0.76]
	at org.apache.tomcat.util.net.SocketProcessorBase.run(SocketProcessorBase.java:52) ~[tomcat-embed-core-9.0.76.jar:9.0.76]
	at org.apache.tomcat.util.threads.ThreadPoolExecutor.runWorker(ThreadPoolExecutor.java:1191) ~[tomcat-embed-core-9.0.76.jar:9.0.76]
	at org.apache.tomcat.util.threads.ThreadPoolExecutor$Worker.run(ThreadPoolExecutor.java:659) ~[tomcat-embed-core-9.0.76.jar:9.0.76]
	at org.apache.tomcat.util.threads.TaskThread$WrappingRunnable.run(TaskThread.java:61) ~[tomcat-embed-core-9.0.76.jar:9.0.76]
	at java.lang.Thread.run(Thread.java:1583) ~[?:?]
Caused by: org.attoparser.ParseException: Could not parse as expression: "0, 'asc'" (template: "user/view-trains" - line 137, col 26)
	at org.attoparser.MarkupParser.parseDocument(MarkupParser.java:393) ~[attoparser-2.0.5.RELEASE.jar:2.0.5.RELEASE]
	at org.attoparser.MarkupParser.parse(MarkupParser.java:257) ~[attoparser-2.0.5.RELEASE.jar:2.0.5.RELEASE]
	at org.thymeleaf.templateparser.markup.AbstractMarkupTemplateParser.parse(AbstractMarkupTemplateParser.java:230) ~[thymeleaf-3.0.15.RELEASE.jar:3.0.15.RELEASE]
	... 51 more
Caused by: org.thymeleaf.exceptions.TemplateProcessingException: Could not parse as expression: "0, 'asc'" (template: "user/view-trains" - line 137, col 26)
	at org.thymeleaf.standard.expression.StandardExpressionParser.parseExpression(StandardExpressionParser.java:131) ~[thymeleaf-3.0.15.RELEASE.jar:3.0.15.RELEASE]
	at org.thymeleaf.standard.expression.StandardExpressionParser.parseExpression(StandardExpressionParser.java:62) ~[thymeleaf-3.0.15.RELEASE.jar:3.0.15.RELEASE]
	at org.thymeleaf.standard.expression.StandardExpressionParser.parseExpression(StandardExpressionParser.java:44) ~[thymeleaf-3.0.15.RELEASE.jar:3.0.15.RELEASE]
	at org.thymeleaf.engine.EngineEventUtils.parseAttributeExpression(EngineEventUtils.java:220) ~[thymeleaf-3.0.15.RELEASE.jar:3.0.15.RELEASE]
	at org.thymeleaf.engine.EngineEventUtils.computeAttributeExpression(EngineEventUtils.java:207) ~[thymeleaf-3.0.15.RELEASE.jar:3.0.15.RELEASE]
	at org.thymeleaf.standard.processor.AbstractStandardExpressionAttributeTagProcessor.doProcess(AbstractStandardExpressionAttributeTagProcessor.java:125) ~[thymeleaf-3.0.15.RELEASE.jar:3.0.15.RELEASE]
	at org.thymeleaf.processor.element.AbstractAttributeTagProcessor.doProcess(AbstractAttributeTagProcessor.java:74) ~[thymeleaf-3.0.15.RELEASE.jar:3.0.15.RELEASE]
	at org.thymeleaf.processor.element.AbstractElementTagProcessor.process(AbstractElementTagProcessor.java:95) ~[thymeleaf-3.0.15.RELEASE.jar:3.0.15.RELEASE]
	at org.thymeleaf.util.ProcessorConfigurationUtils$ElementTagProcessorWrapper.process(ProcessorConfigurationUtils.java:633) ~[thymeleaf-3.0.15.RELEASE.jar:3.0.15.RELEASE]
	at org.thymeleaf.engine.ProcessorTemplateHandler.handleOpenElement(ProcessorTemplateHandler.java:1314) ~[thymeleaf-3.0.15.RELEASE.jar:3.0.15.RELEASE]
	at org.thymeleaf.engine.OpenElementTag.beHandled(OpenElementTag.java:205) ~[thymeleaf-3.0.15.RELEASE.jar:3.0.15.RELEASE]
	at org.thymeleaf.engine.Model.process(Model.java:282) ~[thymeleaf-3.0.15.RELEASE.jar:3.0.15.RELEASE]
	at org.thymeleaf.engine.ProcessorTemplateHandler.handleOpenElement(ProcessorTemplateHandler.java:1587) ~[thymeleaf-3.0.15.RELEASE.jar:3.0.15.RELEASE]
	at org.thymeleaf.engine.OpenElementTag.beHandled(OpenElementTag.java:205) ~[thymeleaf-3.0.15.RELEASE.jar:3.0.15.RELEASE]
	at org.thymeleaf.engine.Model.process(Model.java:282) ~[thymeleaf-3.0.15.RELEASE.jar:3.0.15.RELEASE]
	at org.thymeleaf.engine.ProcessorTemplateHandler.handleOpenElement(ProcessorTemplateHandler.java:1587) ~[thymeleaf-3.0.15.RELEASE.jar:3.0.15.RELEASE]
	at org.thymeleaf.engine.OpenElementTag.beHandled(OpenElementTag.java:205) ~[thymeleaf-3.0.15.RELEASE.jar:3.0.15.RELEASE]
	at org.thymeleaf.engine.Model.process(Model.java:282) ~[thymeleaf-3.0.15.RELEASE.jar:3.0.15.RELEASE]
	at org.thymeleaf.engine.Model.process(Model.java:290) ~[thymeleaf-3.0.15.RELEASE.jar:3.0.15.RELEASE]
	at org.thymeleaf.engine.GatheringModelProcessable.process(GatheringModelProcessable.java:78) ~[thymeleaf-3.0.15.RELEASE.jar:3.0.15.RELEASE]
	at org.thymeleaf.engine.ProcessorTemplateHandler.handleCloseElement(ProcessorTemplateHandler.java:1640) ~[thymeleaf-3.0.15.RELEASE.jar:3.0.15.RELEASE]
	at org.thymeleaf.engine.TemplateHandlerAdapterMarkupHandler.handleCloseElementEnd(TemplateHandlerAdapterMarkupHandler.java:388) ~[thymeleaf-3.0.15.RELEASE.jar:3.0.15.RELEASE]
	at org.thymeleaf.templateparser.markup.InlinedOutputExpressionMarkupHandler$InlineMarkupAdapterPreProcessorHandler.handleCloseElementEnd(InlinedOutputExpressionMarkupHandler.java:322) ~[thymeleaf-3.0.15.RELEASE.jar:3.0.15.RELEASE]
	at org.thymeleaf.standard.inline.OutputExpressionInlinePreProcessorHandler.handleCloseElementEnd(OutputExpressionInlinePreProcessorHandler.java:220) ~[thymeleaf-3.0.15.RELEASE.jar:3.0.15.RELEASE]
	at org.thymeleaf.templateparser.markup.InlinedOutputExpressionMarkupHandler.handleCloseElementEnd(InlinedOutputExpressionMarkupHandler.java:164) ~[thymeleaf-3.0.15.RELEASE.jar:3.0.15.RELEASE]
	at org.attoparser.HtmlElement.handleCloseElementEnd(HtmlElement.java:169) ~[attoparser-2.0.5.RELEASE.jar:2.0.5.RELEASE]
	at org.attoparser.HtmlMarkupHandler.handleCloseElementEnd(HtmlMarkupHandler.java:412) ~[attoparser-2.0.5.RELEASE.jar:2.0.5.RELEASE]
	at org.attoparser.MarkupEventProcessorHandler.handleCloseElementEnd(MarkupEventProcessorHandler.java:473) ~[attoparser-2.0.5.RELEASE.jar:2.0.5.RELEASE]
	at org.attoparser.ParsingElementMarkupUtil.parseCloseElement(ParsingElementMarkupUtil.java:201) ~[attoparser-2.0.5.RELEASE.jar:2.0.5.RELEASE]
	at org.attoparser.MarkupParser.parseBuffer(MarkupParser.java:725) ~[attoparser-2.0.5.RELEASE.jar:2.0.5.RELEASE]
	at org.attoparser.MarkupParser.parseDocument(MarkupParser.java:301) ~[attoparser-2.0.5.RELEASE.jar:2.0.5.RELEASE]
	at org.attoparser.MarkupParser.parse(MarkupParser.java:257) ~[attoparser-2.0.5.RELEASE.jar:2.0.5.RELEASE]
	at org.thymeleaf.templateparser.markup.AbstractMarkupTemplateParser.parse(AbstractMarkupTemplateParser.java:230) ~[thymeleaf-3.0.15.RELEASE.jar:3.0.15.RELEASE]
	... 51 more
2026-02-16 21:57:34 [ERROR] [dispatcherServlet]:175 - Servlet.service() for servlet [dispatcherServlet] in context with path [/RailEase] threw exception [Request processing failed; nested exception is org.thymeleaf.exceptions.TemplateInputException: An error happened during template parsing (template: "class path resource [templates/user/view-trains.html]")] with root cause
org.thymeleaf.exceptions.TemplateProcessingException: Could not parse as expression: "0, 'asc'" (template: "user/view-trains" - line 137, col 26)
	at org.thymeleaf.standard.expression.StandardExpressionParser.parseExpression(StandardExpressionParser.java:131) ~[thymeleaf-3.0.15.RELEASE.jar:3.0.15.RELEASE]
	at org.thymeleaf.standard.expression.StandardExpressionParser.parseExpression(StandardExpressionParser.java:62) ~[thymeleaf-3.0.15.RELEASE.jar:3.0.15.RELEASE]
	at org.thymeleaf.standard.expression.StandardExpressionParser.parseExpression(StandardExpressionParser.java:44) ~[thymeleaf-3.0.15.RELEASE.jar:3.0.15.RELEASE]
	at org.thymeleaf.engine.EngineEventUtils.parseAttributeExpression(EngineEventUtils.java:220) ~[thymeleaf-3.0.15.RELEASE.jar:3.0.15.RELEASE]
	at org.thymeleaf.engine.EngineEventUtils.computeAttributeExpression(EngineEventUtils.java:207) ~[thymeleaf-3.0.15.RELEASE.jar:3.0.15.RELEASE]
	at org.thymeleaf.standard.processor.AbstractStandardExpressionAttributeTagProcessor.doProcess(AbstractStandardExpressionAttributeTagProcessor.java:125) ~[thymeleaf-3.0.15.RELEASE.jar:3.0.15.RELEASE]
	at org.thymeleaf.processor.element.AbstractAttributeTagProcessor.doProcess(AbstractAttributeTagProcessor.java:74) ~[thymeleaf-3.0.15.RELEASE.jar:3.0.15.RELEASE]
	at org.thymeleaf.processor.element.AbstractElementTagProcessor.process(AbstractElementTagProcessor.java:95) ~[thymeleaf-3.0.15.RELEASE.jar:3.0.15.RELEASE]
	at org.thymeleaf.util.ProcessorConfigurationUtils$ElementTagProcessorWrapper.process(ProcessorConfigurationUtils.java:633) ~[thymeleaf-3.0.15.RELEASE.jar:3.0.15.RELEASE]
	at org.thymeleaf.engine.ProcessorTemplateHandler.handleOpenElement(ProcessorTemplateHandler.java:1314) ~[thymeleaf-3.0.15.RELEASE.jar:3.0.15.RELEASE]
	at org.thymeleaf.engine.OpenElementTag.beHandled(OpenElementTag.java:205) ~[thymeleaf-3.0.15.RELEASE.jar:3.0.15.RELEASE]
	at org.thymeleaf.engine.Model.process(Model.java:282) ~[thymeleaf-3.0.15.RELEASE.jar:3.0.15.RELEASE]
	at org.thymeleaf.engine.ProcessorTemplateHandler.handleOpenElement(ProcessorTemplateHandler.java:1587) ~[thymeleaf-3.0.15.RELEASE.jar:3.0.15.RELEASE]
	at org.thymeleaf.engine.OpenElementTag.beHandled(OpenElementTag.java:205) ~[thymeleaf-3.0.15.RELEASE.jar:3.0.15.RELEASE]
	at org.thymeleaf.engine.Model.process(Model.java:282) ~[thymeleaf-3.0.15.RELEASE.jar:3.0.15.RELEASE]
	at org.thymeleaf.engine.ProcessorTemplateHandler.handleOpenElement(ProcessorTemplateHandler.java:1587) ~[thymeleaf-3.0.15.RELEASE.jar:3.0.15.RELEASE]
	at org.thymeleaf.engine.OpenElementTag.beHandled(OpenElementTag.java:205) ~[thymeleaf-3.0.15.RELEASE.jar:3.0.15.RELEASE]
	at org.thymeleaf.engine.Model.process(Model.java:282) ~[thymeleaf-3.0.15.RELEASE.jar:3.0.15.RELEASE]
	at org.thymeleaf.engine.Model.process(Model.java:290) ~[thymeleaf-3.0.15.RELEASE.jar:3.0.15.RELEASE]
	at org.thymeleaf.engine.GatheringModelProcessable.process(GatheringModelProcessable.java:78) ~[thymeleaf-3.0.15.RELEASE.jar:3.0.15.RELEASE]
	at org.thymeleaf.engine.ProcessorTemplateHandler.handleCloseElement(ProcessorTemplateHandler.java:1640) ~[thymeleaf-3.0.15.RELEASE.jar:3.0.15.RELEASE]
	at org.thymeleaf.engine.TemplateHandlerAdapterMarkupHandler.handleCloseElementEnd(TemplateHandlerAdapterMarkupHandler.java:388) ~[thymeleaf-3.0.15.RELEASE.jar:3.0.15.RELEASE]
	at org.thymeleaf.templateparser.markup.InlinedOutputExpressionMarkupHandler$InlineMarkupAdapterPreProcessorHandler.handleCloseElementEnd(InlinedOutputExpressionMarkupHandler.java:322) ~[thymeleaf-3.0.15.RELEASE.jar:3.0.15.RELEASE]
	at org.thymeleaf.standard.inline.OutputExpressionInlinePreProcessorHandler.handleCloseElementEnd(OutputExpressionInlinePreProcessorHandler.java:220) ~[thymeleaf-3.0.15.RELEASE.jar:3.0.15.RELEASE]
	at org.thymeleaf.templateparser.markup.InlinedOutputExpressionMarkupHandler.handleCloseElementEnd(InlinedOutputExpressionMarkupHandler.java:164) ~[thymeleaf-3.0.15.RELEASE.jar:3.0.15.RELEASE]
	at org.attoparser.HtmlElement.handleCloseElementEnd(HtmlElement.java:169) ~[attoparser-2.0.5.RELEASE.jar:2.0.5.RELEASE]
	at org.attoparser.HtmlMarkupHandler.handleCloseElementEnd(HtmlMarkupHandler.java:412) ~[attoparser-2.0.5.RELEASE.jar:2.0.5.RELEASE]
	at org.attoparser.MarkupEventProcessorHandler.handleCloseElementEnd(MarkupEventProcessorHandler.java:473) ~[attoparser-2.0.5.RELEASE.jar:2.0.5.RELEASE]
	at org.attoparser.ParsingElementMarkupUtil.parseCloseElement(ParsingElementMarkupUtil.java:201) ~[attoparser-2.0.5.RELEASE.jar:2.0.5.RELEASE]
	at org.attoparser.MarkupParser.parseBuffer(MarkupParser.java:725) ~[attoparser-2.0.5.RELEASE.jar:2.0.5.RELEASE]
	at org.attoparser.MarkupParser.parseDocument(MarkupParser.java:301) ~[attoparser-2.0.5.RELEASE.jar:2.0.5.RELEASE]
	at org.attoparser.MarkupParser.parse(MarkupParser.java:257) ~[attoparser-2.0.5.RELEASE.jar:2.0.5.RELEASE]
	at org.thymeleaf.templateparser.markup.AbstractMarkupTemplateParser.parse(AbstractMarkupTemplateParser.java:230) ~[thymeleaf-3.0.15.RELEASE.jar:3.0.15.RELEASE]
	at org.thymeleaf.templateparser.markup.AbstractMarkupTemplateParser.parseStandalone(AbstractMarkupTemplateParser.java:100) ~[thymeleaf-3.0.15.RELEASE.jar:3.0.15.RELEASE]
	at org.thymeleaf.engine.TemplateManager.parseAndProcess(TemplateManager.java:666) ~[thymeleaf-3.0.15.RELEASE.jar:3.0.15.RELEASE]
	at org.thymeleaf.TemplateEngine.process(TemplateEngine.java:1098) ~[thymeleaf-3.0.15.RELEASE.jar:3.0.15.RELEASE]
	at org.thymeleaf.TemplateEngine.process(TemplateEngine.java:1072) ~[thymeleaf-3.0.15.RELEASE.jar:3.0.15.RELEASE]
	at org.thymeleaf.spring5.view.ThymeleafView.renderFragment(ThymeleafView.java:366) ~[thymeleaf-spring5-3.0.15.RELEASE.jar:3.0.15.RELEASE]
	at org.thymeleaf.spring5.view.ThymeleafView.render(ThymeleafView.java:190) ~[thymeleaf-spring5-3.0.15.RELEASE.jar:3.0.15.RELEASE]
	at org.springframework.web.servlet.DispatcherServlet.render(DispatcherServlet.java:1406) ~[spring-webmvc-5.3.28.jar:5.3.28]
	at org.springframework.web.servlet.DispatcherServlet.processDispatchResult(DispatcherServlet.java:1150) ~[spring-webmvc-5.3.28.jar:5.3.28]
	at org.springframework.web.servlet.DispatcherServlet.doDispatch(DispatcherServlet.java:1089) ~[spring-webmvc-5.3.28.jar:5.3.28]
	at org.springframework.web.servlet.DispatcherServlet.doService(DispatcherServlet.java:965) ~[spring-webmvc-5.3.28.jar:5.3.28]
	at org.springframework.web.servlet.FrameworkServlet.processRequest(FrameworkServlet.java:1006) ~[spring-webmvc-5.3.28.jar:5.3.28]
	at org.springframework.web.servlet.FrameworkServlet.doGet(FrameworkServlet.java:898) ~[spring-webmvc-5.3.28.jar:5.3.28]
	at javax.servlet.http.HttpServlet.service(HttpServlet.java:529) ~[tomcat-embed-core-9.0.76.jar:4.0.FR]
	at org.springframework.web.servlet.FrameworkServlet.service(FrameworkServlet.java:883) ~[spring-webmvc-5.3.28.jar:5.3.28]
	at javax.servlet.http.HttpServlet.service(HttpServlet.java:623) ~[tomcat-embed-core-9.0.76.jar:4.0.FR]
	at org.apache.catalina.core.ApplicationFilterChain.internalDoFilter(ApplicationFilterChain.java:209) ~[tomcat-embed-core-9.0.76.jar:9.0.76]
	at org.apache.catalina.core.ApplicationFilterChain.doFilter(ApplicationFilterChain.java:153) ~[tomcat-embed-core-9.0.76.jar:9.0.76]
	at org.apache.tomcat.websocket.server.WsFilter.doFilter(WsFilter.java:51) ~[tomcat-embed-websocket-9.0.76.jar:9.0.76]
	at org.apache.catalina.core.ApplicationFilterChain.internalDoFilter(ApplicationFilterChain.java:178) ~[tomcat-embed-core-9.0.76.jar:9.0.76]
	at org.apache.catalina.core.ApplicationFilterChain.doFilter(ApplicationFilterChain.java:153) ~[tomcat-embed-core-9.0.76.jar:9.0.76]
	at org.springframework.web.servlet.resource.ResourceUrlEncodingFilter.doFilter(ResourceUrlEncodingFilter.java:67) ~[spring-webmvc-5.3.28.jar:5.3.28]
	at org.apache.catalina.core.ApplicationFilterChain.internalDoFilter(ApplicationFilterChain.java:178) ~[tomcat-embed-core-9.0.76.jar:9.0.76]
	at org.apache.catalina.core.ApplicationFilterChain.doFilter(ApplicationFilterChain.java:153) ~[tomcat-embed-core-9.0.76.jar:9.0.76]
	at org.springframework.web.filter.RequestContextFilter.doFilterInternal(RequestContextFilter.java:100) ~[spring-web-5.3.28.jar:5.3.28]
	at org.springframework.web.filter.OncePerRequestFilter.doFilter(OncePerRequestFilter.java:117) ~[spring-web-5.3.28.jar:5.3.28]
	at org.apache.catalina.core.ApplicationFilterChain.internalDoFilter(ApplicationFilterChain.java:178) ~[tomcat-embed-core-9.0.76.jar:9.0.76]
	at org.apache.catalina.core.ApplicationFilterChain.doFilter(ApplicationFilterChain.java:153) ~[tomcat-embed-core-9.0.76.jar:9.0.76]
	at org.springframework.web.filter.FormContentFilter.doFilterInternal(FormContentFilter.java:93) ~[spring-web-5.3.28.jar:5.3.28]
	at org.springframework.web.filter.OncePerRequestFilter.doFilter(OncePerRequestFilter.java:117) ~[spring-web-5.3.28.jar:5.3.28]
	at org.apache.catalina.core.ApplicationFilterChain.internalDoFilter(ApplicationFilterChain.java:178) ~[tomcat-embed-core-9.0.76.jar:9.0.76]
	at org.apache.catalina.core.ApplicationFilterChain.doFilter(ApplicationFilterChain.java:153) ~[tomcat-embed-core-9.0.76.jar:9.0.76]
	at org.springframework.web.filter.CharacterEncodingFilter.doFilterInternal(CharacterEncodingFilter.java:201) ~[spring-web-5.3.28.jar:5.3.28]
	at org.springframework.web.filter.OncePerRequestFilter.doFilter(OncePerRequestFilter.java:117) ~[spring-web-5.3.28.jar:5.3.28]
	at org.apache.catalina.core.ApplicationFilterChain.internalDoFilter(ApplicationFilterChain.java:178) ~[tomcat-embed-core-9.0.76.jar:9.0.76]
	at org.apache.catalina.core.ApplicationFilterChain.doFilter(ApplicationFilterChain.java:153) ~[tomcat-embed-core-9.0.76.jar:9.0.76]
	at org.apache.catalina.core.StandardWrapperValve.invoke(StandardWrapperValve.java:167) ~[tomcat-embed-core-9.0.76.jar:9.0.76]
	at org.apache.catalina.core.StandardContextValve.invoke(StandardContextValve.java:90) ~[tomcat-embed-core-9.0.76.jar:9.0.76]
	at org.apache.catalina.authenticator.AuthenticatorBase.invoke(AuthenticatorBase.java:481) ~[tomcat-embed-core-9.0.76.jar:9.0.76]
	at org.apache.catalina.core.StandardHostValve.invoke(StandardHostValve.java:130) ~[tomcat-embed-core-9.0.76.jar:9.0.76]
	at org.apache.catalina.valves.ErrorReportValve.invoke(ErrorReportValve.java:93) ~[tomcat-embed-core-9.0.76.jar:9.0.76]
	at org.apache.catalina.core.StandardEngineValve.invoke(StandardEngineValve.java:74) ~[tomcat-embed-core-9.0.76.jar:9.0.76]
	at org.apache.catalina.connector.CoyoteAdapter.service(CoyoteAdapter.java:343) ~[tomcat-embed-core-9.0.76.jar:9.0.76]
	at org.apache.coyote.http11.Http11Processor.service(Http11Processor.java:390) ~[tomcat-embed-core-9.0.76.jar:9.0.76]
	at org.apache.coyote.AbstractProcessorLight.process(AbstractProcessorLight.java:63) ~[tomcat-embed-core-9.0.76.jar:9.0.76]
	at org.apache.coyote.AbstractProtocol$ConnectionHandler.process(AbstractProtocol.java:926) ~[tomcat-embed-core-9.0.76.jar:9.0.76]
	at org.apache.tomcat.util.net.NioEndpoint$SocketProcessor.doRun(NioEndpoint.java:1791) ~[tomcat-embed-core-9.0.76.jar:9.0.76]
	at org.apache.tomcat.util.net.SocketProcessorBase.run(SocketProcessorBase.java:52) ~[tomcat-embed-core-9.0.76.jar:9.0.76]
	at org.apache.tomcat.util.threads.ThreadPoolExecutor.runWorker(ThreadPoolExecutor.java:1191) ~[tomcat-embed-core-9.0.76.jar:9.0.76]
	at org.apache.tomcat.util.threads.ThreadPoolExecutor$Worker.run(ThreadPoolExecutor.java:659) ~[tomcat-embed-core-9.0.76.jar:9.0.76]
	at org.apache.tomcat.util.threads.TaskThread$WrappingRunnable.run(TaskThread.java:61) ~[tomcat-embed-core-9.0.76.jar:9.0.76]
	at java.lang.Thread.run(Thread.java:1583) ~[?:?]
2026-02-16 21:57:34 [ERROR] TemplateEngine:1136 - [THYMELEAF][http-nio-8080-exec-3] Exception processing template "error": An error happened during template parsing (template: "class path resource [templates/error.html]")
org.thymeleaf.exceptions.TemplateInputException: An error happened during template parsing (template: "class path resource [templates/error.html]")
	at org.thymeleaf.templateparser.markup.AbstractMarkupTemplateParser.parse(AbstractMarkupTemplateParser.java:235) ~[thymeleaf-3.0.15.RELEASE.jar:3.0.15.RELEASE]
	at org.thymeleaf.templateparser.markup.AbstractMarkupTemplateParser.parseStandalone(AbstractMarkupTemplateParser.java:100) ~[thymeleaf-3.0.15.RELEASE.jar:3.0.15.RELEASE]
	at org.thymeleaf.engine.TemplateManager.parseAndProcess(TemplateManager.java:666) ~[thymeleaf-3.0.15.RELEASE.jar:3.0.15.RELEASE]
	at org.thymeleaf.TemplateEngine.process(TemplateEngine.java:1098) ~[thymeleaf-3.0.15.RELEASE.jar:3.0.15.RELEASE]
	at org.thymeleaf.TemplateEngine.process(TemplateEngine.java:1072) ~[thymeleaf-3.0.15.RELEASE.jar:3.0.15.RELEASE]
	at org.thymeleaf.spring5.view.ThymeleafView.renderFragment(ThymeleafView.java:366) ~[thymeleaf-spring5-3.0.15.RELEASE.jar:3.0.15.RELEASE]
	at org.thymeleaf.spring5.view.ThymeleafView.render(ThymeleafView.java:190) ~[thymeleaf-spring5-3.0.15.RELEASE.jar:3.0.15.RELEASE]
	at org.springframework.web.servlet.DispatcherServlet.render(DispatcherServlet.java:1406) ~[spring-webmvc-5.3.28.jar:5.3.28]
	at org.springframework.web.servlet.DispatcherServlet.processDispatchResult(DispatcherServlet.java:1150) ~[spring-webmvc-5.3.28.jar:5.3.28]
	at org.springframework.web.servlet.DispatcherServlet.doDispatch(DispatcherServlet.java:1089) ~[spring-webmvc-5.3.28.jar:5.3.28]
	at org.springframework.web.servlet.DispatcherServlet.doService(DispatcherServlet.java:965) ~[spring-webmvc-5.3.28.jar:5.3.28]
	at org.springframework.web.servlet.FrameworkServlet.processRequest(FrameworkServlet.java:1006) ~[spring-webmvc-5.3.28.jar:5.3.28]
	at org.springframework.web.servlet.FrameworkServlet.doGet(FrameworkServlet.java:898) ~[spring-webmvc-5.3.28.jar:5.3.28]
	at javax.servlet.http.HttpServlet.service(HttpServlet.java:529) ~[tomcat-embed-core-9.0.76.jar:4.0.FR]
	at org.springframework.web.servlet.FrameworkServlet.service(FrameworkServlet.java:883) ~[spring-webmvc-5.3.28.jar:5.3.28]
	at javax.servlet.http.HttpServlet.service(HttpServlet.java:623) ~[tomcat-embed-core-9.0.76.jar:4.0.FR]
	at org.apache.catalina.core.ApplicationFilterChain.internalDoFilter(ApplicationFilterChain.java:209) ~[tomcat-embed-core-9.0.76.jar:9.0.76]
	at org.apache.catalina.core.ApplicationFilterChain.doFilter(ApplicationFilterChain.java:153) ~[tomcat-embed-core-9.0.76.jar:9.0.76]
	at org.springframework.web.filter.RequestContextFilter.doFilterInternal(RequestContextFilter.java:100) ~[spring-web-5.3.28.jar:5.3.28]
	at org.springframework.web.filter.OncePerRequestFilter.doFilter(OncePerRequestFilter.java:117) ~[spring-web-5.3.28.jar:5.3.28]
	at org.apache.catalina.core.ApplicationFilterChain.internalDoFilter(ApplicationFilterChain.java:178) ~[tomcat-embed-core-9.0.76.jar:9.0.76]
	at org.apache.catalina.core.ApplicationFilterChain.doFilter(ApplicationFilterChain.java:153) ~[tomcat-embed-core-9.0.76.jar:9.0.76]
	at org.springframework.web.filter.OncePerRequestFilter.doFilter(OncePerRequestFilter.java:102) ~[spring-web-5.3.28.jar:5.3.28]
	at org.apache.catalina.core.ApplicationFilterChain.internalDoFilter(ApplicationFilterChain.java:178) ~[tomcat-embed-core-9.0.76.jar:9.0.76]
	at org.apache.catalina.core.ApplicationFilterChain.doFilter(ApplicationFilterChain.java:153) ~[tomcat-embed-core-9.0.76.jar:9.0.76]
	at org.springframework.web.filter.OncePerRequestFilter.doFilter(OncePerRequestFilter.java:102) ~[spring-web-5.3.28.jar:5.3.28]
	at org.apache.catalina.core.ApplicationFilterChain.internalDoFilter(ApplicationFilterChain.java:178) ~[tomcat-embed-core-9.0.76.jar:9.0.76]
	at org.apache.catalina.core.ApplicationFilterChain.doFilter(ApplicationFilterChain.java:153) ~[tomcat-embed-core-9.0.76.jar:9.0.76]
	at org.apache.catalina.core.ApplicationDispatcher.invoke(ApplicationDispatcher.java:661) ~[tomcat-embed-core-9.0.76.jar:9.0.76]
	at org.apache.catalina.core.ApplicationDispatcher.doInclude(ApplicationDispatcher.java:537) ~[tomcat-embed-core-9.0.76.jar:9.0.76]
	at org.apache.catalina.core.ApplicationDispatcher.include(ApplicationDispatcher.java:480) ~[tomcat-embed-core-9.0.76.jar:9.0.76]
	at org.apache.catalina.core.StandardHostValve.custom(StandardHostValve.java:354) ~[tomcat-embed-core-9.0.76.jar:9.0.76]
	at org.apache.catalina.core.StandardHostValve.status(StandardHostValve.java:237) ~[tomcat-embed-core-9.0.76.jar:9.0.76]
	at org.apache.catalina.core.StandardHostValve.throwable(StandardHostValve.java:319) ~[tomcat-embed-core-9.0.76.jar:9.0.76]
	at org.apache.catalina.core.StandardHostValve.invoke(StandardHostValve.java:164) ~[tomcat-embed-core-9.0.76.jar:9.0.76]
	at org.apache.catalina.valves.ErrorReportValve.invoke(ErrorReportValve.java:93) ~[tomcat-embed-core-9.0.76.jar:9.0.76]
	at org.apache.catalina.core.StandardEngineValve.invoke(StandardEngineValve.java:74) ~[tomcat-embed-core-9.0.76.jar:9.0.76]
	at org.apache.catalina.connector.CoyoteAdapter.service(CoyoteAdapter.java:343) ~[tomcat-embed-core-9.0.76.jar:9.0.76]
	at org.apache.coyote.http11.Http11Processor.service(Http11Processor.java:390) ~[tomcat-embed-core-9.0.76.jar:9.0.76]
	at org.apache.coyote.AbstractProcessorLight.process(AbstractProcessorLight.java:63) ~[tomcat-embed-core-9.0.76.jar:9.0.76]
	at org.apache.coyote.AbstractProtocol$ConnectionHandler.process(AbstractProtocol.java:926) ~[tomcat-embed-core-9.0.76.jar:9.0.76]
	at org.apache.tomcat.util.net.NioEndpoint$SocketProcessor.doRun(NioEndpoint.java:1791) ~[tomcat-embed-core-9.0.76.jar:9.0.76]
	at org.apache.tomcat.util.net.SocketProcessorBase.run(SocketProcessorBase.java:52) ~[tomcat-embed-core-9.0.76.jar:9.0.76]
	at org.apache.tomcat.util.threads.ThreadPoolExecutor.runWorker(ThreadPoolExecutor.java:1191) ~[tomcat-embed-core-9.0.76.jar:9.0.76]
	at org.apache.tomcat.util.threads.ThreadPoolExecutor$Worker.run(ThreadPoolExecutor.java:659) ~[tomcat-embed-core-9.0.76.jar:9.0.76]
	at org.apache.tomcat.util.threads.TaskThread$WrappingRunnable.run(TaskThread.java:61) ~[tomcat-embed-core-9.0.76.jar:9.0.76]
	at java.lang.Thread.run(Thread.java:1583) ~[?:?]
Caused by: java.io.FileNotFoundException: class path resource [templates/error.html] cannot be opened because it does not exist
	at org.springframework.core.io.ClassPathResource.getInputStream(ClassPathResource.java:199) ~[spring-core-5.3.28.jar:5.3.28]
	at org.thymeleaf.spring5.templateresource.SpringResourceTemplateResource.reader(SpringResourceTemplateResource.java:103) ~[thymeleaf-spring5-3.0.15.RELEASE.jar:3.0.15.RELEASE]
	at org.thymeleaf.templateparser.markup.AbstractMarkupTemplateParser.parse(AbstractMarkupTemplateParser.java:223) ~[thymeleaf-3.0.15.RELEASE.jar:3.0.15.RELEASE]
	... 46 more
2026-02-16 21:57:34 [ERROR] [dispatcherServlet]:175 - Servlet.service() for servlet [dispatcherServlet] threw exception
java.io.FileNotFoundException: class path resource [templates/error.html] cannot be opened because it does not exist
	at org.springframework.core.io.ClassPathResource.getInputStream(ClassPathResource.java:199) ~[spring-core-5.3.28.jar:5.3.28]
	at org.thymeleaf.spring5.templateresource.SpringResourceTemplateResource.reader(SpringResourceTemplateResource.java:103) ~[thymeleaf-spring5-3.0.15.RELEASE.jar:3.0.15.RELEASE]
	at org.thymeleaf.templateparser.markup.AbstractMarkupTemplateParser.parse(AbstractMarkupTemplateParser.java:223) ~[thymeleaf-3.0.15.RELEASE.jar:3.0.15.RELEASE]
	at org.thymeleaf.templateparser.markup.AbstractMarkupTemplateParser.parseStandalone(AbstractMarkupTemplateParser.java:100) ~[thymeleaf-3.0.15.RELEASE.jar:3.0.15.RELEASE]
	at org.thymeleaf.engine.TemplateManager.parseAndProcess(TemplateManager.java:666) ~[thymeleaf-3.0.15.RELEASE.jar:3.0.15.RELEASE]
	at org.thymeleaf.TemplateEngine.process(TemplateEngine.java:1098) ~[thymeleaf-3.0.15.RELEASE.jar:3.0.15.RELEASE]
	at org.thymeleaf.TemplateEngine.process(TemplateEngine.java:1072) ~[thymeleaf-3.0.15.RELEASE.jar:3.0.15.RELEASE]
	at org.thymeleaf.spring5.view.ThymeleafView.renderFragment(ThymeleafView.java:366) ~[thymeleaf-spring5-3.0.15.RELEASE.jar:3.0.15.RELEASE]
	at org.thymeleaf.spring5.view.ThymeleafView.render(ThymeleafView.java:190) ~[thymeleaf-spring5-3.0.15.RELEASE.jar:3.0.15.RELEASE]
	at org.springframework.web.servlet.DispatcherServlet.render(DispatcherServlet.java:1406) ~[spring-webmvc-5.3.28.jar:5.3.28]
	at org.springframework.web.servlet.DispatcherServlet.processDispatchResult(DispatcherServlet.java:1150) ~[spring-webmvc-5.3.28.jar:5.3.28]
	at org.springframework.web.servlet.DispatcherServlet.doDispatch(DispatcherServlet.java:1089) ~[spring-webmvc-5.3.28.jar:5.3.28]
	at org.springframework.web.servlet.DispatcherServlet.doService(DispatcherServlet.java:965) ~[spring-webmvc-5.3.28.jar:5.3.28]
	at org.springframework.web.servlet.FrameworkServlet.processRequest(FrameworkServlet.java:1006) ~[spring-webmvc-5.3.28.jar:5.3.28]
	at org.springframework.web.servlet.FrameworkServlet.doGet(FrameworkServlet.java:898) ~[spring-webmvc-5.3.28.jar:5.3.28]
	at javax.servlet.http.HttpServlet.service(HttpServlet.java:529) ~[tomcat-embed-core-9.0.76.jar:4.0.FR]
	at org.springframework.web.servlet.FrameworkServlet.service(FrameworkServlet.java:883) ~[spring-webmvc-5.3.28.jar:5.3.28]
	at javax.servlet.http.HttpServlet.service(HttpServlet.java:623) ~[tomcat-embed-core-9.0.76.jar:4.0.FR]
	at org.apache.catalina.core.ApplicationFilterChain.internalDoFilter(ApplicationFilterChain.java:209) ~[tomcat-embed-core-9.0.76.jar:9.0.76]
	at org.apache.catalina.core.ApplicationFilterChain.doFilter(ApplicationFilterChain.java:153) ~[tomcat-embed-core-9.0.76.jar:9.0.76]
	at org.springframework.web.filter.RequestContextFilter.doFilterInternal(RequestContextFilter.java:100) ~[spring-web-5.3.28.jar:5.3.28]
	at org.springframework.web.filter.OncePerRequestFilter.doFilter(OncePerRequestFilter.java:117) ~[spring-web-5.3.28.jar:5.3.28]
	at org.apache.catalina.core.ApplicationFilterChain.internalDoFilter(ApplicationFilterChain.java:178) ~[tomcat-embed-core-9.0.76.jar:9.0.76]
	at org.apache.catalina.core.ApplicationFilterChain.doFilter(ApplicationFilterChain.java:153) ~[tomcat-embed-core-9.0.76.jar:9.0.76]
	at org.springframework.web.filter.OncePerRequestFilter.doFilter(OncePerRequestFilter.java:102) ~[spring-web-5.3.28.jar:5.3.28]
	at org.apache.catalina.core.ApplicationFilterChain.internalDoFilter(ApplicationFilterChain.java:178) ~[tomcat-embed-core-9.0.76.jar:9.0.76]
	at org.apache.catalina.core.ApplicationFilterChain.doFilter(ApplicationFilterChain.java:153) ~[tomcat-embed-core-9.0.76.jar:9.0.76]
	at org.springframework.web.filter.OncePerRequestFilter.doFilter(OncePerRequestFilter.java:102) ~[spring-web-5.3.28.jar:5.3.28]
	at org.apache.catalina.core.ApplicationFilterChain.internalDoFilter(ApplicationFilterChain.java:178) ~[tomcat-embed-core-9.0.76.jar:9.0.76]
	at org.apache.catalina.core.ApplicationFilterChain.doFilter(ApplicationFilterChain.java:153) ~[tomcat-embed-core-9.0.76.jar:9.0.76]
	at org.apache.catalina.core.ApplicationDispatcher.invoke(ApplicationDispatcher.java:661) ~[tomcat-embed-core-9.0.76.jar:9.0.76]
	at org.apache.catalina.core.ApplicationDispatcher.doInclude(ApplicationDispatcher.java:537) ~[tomcat-embed-core-9.0.76.jar:9.0.76]
	at org.apache.catalina.core.ApplicationDispatcher.include(ApplicationDispatcher.java:480) ~[tomcat-embed-core-9.0.76.jar:9.0.76]
	at org.apache.catalina.core.StandardHostValve.custom(StandardHostValve.java:354) ~[tomcat-embed-core-9.0.76.jar:9.0.76]
	at org.apache.catalina.core.StandardHostValve.status(StandardHostValve.java:237) ~[tomcat-embed-core-9.0.76.jar:9.0.76]
	at org.apache.catalina.core.StandardHostValve.throwable(StandardHostValve.java:319) ~[tomcat-embed-core-9.0.76.jar:9.0.76]
	at org.apache.catalina.core.StandardHostValve.invoke(StandardHostValve.java:164) ~[tomcat-embed-core-9.0.76.jar:9.0.76]
	at org.apache.catalina.valves.ErrorReportValve.invoke(ErrorReportValve.java:93) ~[tomcat-embed-core-9.0.76.jar:9.0.76]
	at org.apache.catalina.core.StandardEngineValve.invoke(StandardEngineValve.java:74) ~[tomcat-embed-core-9.0.76.jar:9.0.76]
	at org.apache.catalina.connector.CoyoteAdapter.service(CoyoteAdapter.java:343) ~[tomcat-embed-core-9.0.76.jar:9.0.76]
	at org.apache.coyote.http11.Http11Processor.service(Http11Processor.java:390) ~[tomcat-embed-core-9.0.76.jar:9.0.76]
	at org.apache.coyote.AbstractProcessorLight.process(AbstractProcessorLight.java:63) ~[tomcat-embed-core-9.0.76.jar:9.0.76]
	at org.apache.coyote.AbstractProtocol$ConnectionHandler.process(AbstractProtocol.java:926) ~[tomcat-embed-core-9.0.76.jar:9.0.76]
	at org.apache.tomcat.util.net.NioEndpoint$SocketProcessor.doRun(NioEndpoint.java:1791) ~[tomcat-embed-core-9.0.76.jar:9.0.76]
	at org.apache.tomcat.util.net.SocketProcessorBase.run(SocketProcessorBase.java:52) ~[tomcat-embed-core-9.0.76.jar:9.0.76]
	at org.apache.tomcat.util.threads.ThreadPoolExecutor.runWorker(ThreadPoolExecutor.java:1191) ~[tomcat-embed-core-9.0.76.jar:9.0.76]
	at org.apache.tomcat.util.threads.ThreadPoolExecutor$Worker.run(ThreadPoolExecutor.java:659) ~[tomcat-embed-core-9.0.76.jar:9.0.76]
	at org.apache.tomcat.util.threads.TaskThread$WrappingRunnable.run(TaskThread.java:61) ~[tomcat-embed-core-9.0.76.jar:9.0.76]
	at java.lang.Thread.run(Thread.java:1583) ~[?:?]
2026-02-16 21:57:34 [ERROR] [localhost]:175 - Exception Processing ErrorPage[errorCode=0, location=/error]
org.springframework.web.util.NestedServletException: Request processing failed; nested exception is org.thymeleaf.exceptions.TemplateInputException: An error happened during template parsing (template: "class path resource [templates/error.html]")
	at org.springframework.web.servlet.FrameworkServlet.processRequest(FrameworkServlet.java:1014) ~[spring-webmvc-5.3.28.jar:5.3.28]
	at org.springframework.web.servlet.FrameworkServlet.doGet(FrameworkServlet.java:898) ~[spring-webmvc-5.3.28.jar:5.3.28]
	at javax.servlet.http.HttpServlet.service(HttpServlet.java:529) ~[tomcat-embed-core-9.0.76.jar:4.0.FR]
	at org.springframework.web.servlet.FrameworkServlet.service(FrameworkServlet.java:883) ~[spring-webmvc-5.3.28.jar:5.3.28]
	at javax.servlet.http.HttpServlet.service(HttpServlet.java:623) ~[tomcat-embed-core-9.0.76.jar:4.0.FR]
	at org.apache.catalina.core.ApplicationFilterChain.internalDoFilter(ApplicationFilterChain.java:209) ~[tomcat-embed-core-9.0.76.jar:9.0.76]
	at org.apache.catalina.core.ApplicationFilterChain.doFilter(ApplicationFilterChain.java:153) ~[tomcat-embed-core-9.0.76.jar:9.0.76]
	at org.springframework.web.filter.RequestContextFilter.doFilterInternal(RequestContextFilter.java:100) ~[spring-web-5.3.28.jar:5.3.28]
	at org.springframework.web.filter.OncePerRequestFilter.doFilter(OncePerRequestFilter.java:117) ~[spring-web-5.3.28.jar:5.3.28]
	at org.apache.catalina.core.ApplicationFilterChain.internalDoFilter(ApplicationFilterChain.java:178) ~[tomcat-embed-core-9.0.76.jar:9.0.76]
	at org.apache.catalina.core.ApplicationFilterChain.doFilter(ApplicationFilterChain.java:153) ~[tomcat-embed-core-9.0.76.jar:9.0.76]
	at org.springframework.web.filter.OncePerRequestFilter.doFilter(OncePerRequestFilter.java:102) ~[spring-web-5.3.28.jar:5.3.28]
	at org.apache.catalina.core.ApplicationFilterChain.internalDoFilter(ApplicationFilterChain.java:178) ~[tomcat-embed-core-9.0.76.jar:9.0.76]
	at org.apache.catalina.core.ApplicationFilterChain.doFilter(ApplicationFilterChain.java:153) ~[tomcat-embed-core-9.0.76.jar:9.0.76]
	at org.springframework.web.filter.OncePerRequestFilter.doFilter(OncePerRequestFilter.java:102) ~[spring-web-5.3.28.jar:5.3.28]
	at org.apache.catalina.core.ApplicationFilterChain.internalDoFilter(ApplicationFilterChain.java:178) ~[tomcat-embed-core-9.0.76.jar:9.0.76]
	at org.apache.catalina.core.ApplicationFilterChain.doFilter(ApplicationFilterChain.java:153) ~[tomcat-embed-core-9.0.76.jar:9.0.76]
	at org.apache.catalina.core.ApplicationDispatcher.invoke(ApplicationDispatcher.java:661) ~[tomcat-embed-core-9.0.76.jar:9.0.76]
	at org.apache.catalina.core.ApplicationDispatcher.doInclude(ApplicationDispatcher.java:537) ~[tomcat-embed-core-9.0.76.jar:9.0.76]
	at org.apache.catalina.core.ApplicationDispatcher.include(ApplicationDispatcher.java:480) ~[tomcat-embed-core-9.0.76.jar:9.0.76]
	at org.apache.catalina.core.StandardHostValve.custom(StandardHostValve.java:354) ~[tomcat-embed-core-9.0.76.jar:9.0.76]
	at org.apache.catalina.core.StandardHostValve.status(StandardHostValve.java:237) ~[tomcat-embed-core-9.0.76.jar:9.0.76]
	at org.apache.catalina.core.StandardHostValve.throwable(StandardHostValve.java:319) ~[tomcat-embed-core-9.0.76.jar:9.0.76]
	at org.apache.catalina.core.StandardHostValve.invoke(StandardHostValve.java:164) ~[tomcat-embed-core-9.0.76.jar:9.0.76]
	at org.apache.catalina.valves.ErrorReportValve.invoke(ErrorReportValve.java:93) ~[tomcat-embed-core-9.0.76.jar:9.0.76]
	at org.apache.catalina.core.StandardEngineValve.invoke(StandardEngineValve.java:74) ~[tomcat-embed-core-9.0.76.jar:9.0.76]
	at org.apache.catalina.connector.CoyoteAdapter.service(CoyoteAdapter.java:343) ~[tomcat-embed-core-9.0.76.jar:9.0.76]
	at org.apache.coyote.http11.Http11Processor.service(Http11Processor.java:390) ~[tomcat-embed-core-9.0.76.jar:9.0.76]
	at org.apache.coyote.AbstractProcessorLight.process(AbstractProcessorLight.java:63) ~[tomcat-embed-core-9.0.76.jar:9.0.76]
	at org.apache.coyote.AbstractProtocol$ConnectionHandler.process(AbstractProtocol.java:926) ~[tomcat-embed-core-9.0.76.jar:9.0.76]
	at org.apache.tomcat.util.net.NioEndpoint$SocketProcessor.doRun(NioEndpoint.java:1791) ~[tomcat-embed-core-9.0.76.jar:9.0.76]
	at org.apache.tomcat.util.net.SocketProcessorBase.run(SocketProcessorBase.java:52) ~[tomcat-embed-core-9.0.76.jar:9.0.76]
	at org.apache.tomcat.util.threads.ThreadPoolExecutor.runWorker(ThreadPoolExecutor.java:1191) ~[tomcat-embed-core-9.0.76.jar:9.0.76]
	at org.apache.tomcat.util.threads.ThreadPoolExecutor$Worker.run(ThreadPoolExecutor.java:659) ~[tomcat-embed-core-9.0.76.jar:9.0.76]
	at org.apache.tomcat.util.threads.TaskThread$WrappingRunnable.run(TaskThread.java:61) ~[tomcat-embed-core-9.0.76.jar:9.0.76]
	at java.lang.Thread.run(Thread.java:1583) ~[?:?]
Caused by: org.thymeleaf.exceptions.TemplateInputException: An error happened during template parsing (template: "class path resource [templates/error.html]")
	at org.thymeleaf.templateparser.markup.AbstractMarkupTemplateParser.parse(AbstractMarkupTemplateParser.java:235) ~[thymeleaf-3.0.15.RELEASE.jar:3.0.15.RELEASE]
	at org.thymeleaf.templateparser.markup.AbstractMarkupTemplateParser.parseStandalone(AbstractMarkupTemplateParser.java:100) ~[thymeleaf-3.0.15.RELEASE.jar:3.0.15.RELEASE]
	at org.thymeleaf.engine.TemplateManager.parseAndProcess(TemplateManager.java:666) ~[thymeleaf-3.0.15.RELEASE.jar:3.0.15.RELEASE]
	at org.thymeleaf.TemplateEngine.process(TemplateEngine.java:1098) ~[thymeleaf-3.0.15.RELEASE.jar:3.0.15.RELEASE]
	at org.thymeleaf.TemplateEngine.process(TemplateEngine.java:1072) ~[thymeleaf-3.0.15.RELEASE.jar:3.0.15.RELEASE]
	at org.thymeleaf.spring5.view.ThymeleafView.renderFragment(ThymeleafView.java:366) ~[thymeleaf-spring5-3.0.15.RELEASE.jar:3.0.15.RELEASE]
	at org.thymeleaf.spring5.view.ThymeleafView.render(ThymeleafView.java:190) ~[thymeleaf-spring5-3.0.15.RELEASE.jar:3.0.15.RELEASE]
	at org.springframework.web.servlet.DispatcherServlet.render(DispatcherServlet.java:1406) ~[spring-webmvc-5.3.28.jar:5.3.28]
	at org.springframework.web.servlet.DispatcherServlet.processDispatchResult(DispatcherServlet.java:1150) ~[spring-webmvc-5.3.28.jar:5.3.28]
	at org.springframework.web.servlet.DispatcherServlet.doDispatch(DispatcherServlet.java:1089) ~[spring-webmvc-5.3.28.jar:5.3.28]
	at org.springframework.web.servlet.DispatcherServlet.doService(DispatcherServlet.java:965) ~[spring-webmvc-5.3.28.jar:5.3.28]
	at org.springframework.web.servlet.FrameworkServlet.processRequest(FrameworkServlet.java:1006) ~[spring-webmvc-5.3.28.jar:5.3.28]
	... 35 more
Caused by: java.io.FileNotFoundException: class path resource [templates/error.html] cannot be opened because it does not exist
	at org.springframework.core.io.ClassPathResource.getInputStream(ClassPathResource.java:199) ~[spring-core-5.3.28.jar:5.3.28]
	at org.thymeleaf.spring5.templateresource.SpringResourceTemplateResource.reader(SpringResourceTemplateResource.java:103) ~[thymeleaf-spring5-3.0.15.RELEASE.jar:3.0.15.RELEASE]
	at org.thymeleaf.templateparser.markup.AbstractMarkupTemplateParser.parse(AbstractMarkupTemplateParser.java:223) ~[thymeleaf-3.0.15.RELEASE.jar:3.0.15.RELEASE]
	at org.thymeleaf.templateparser.markup.AbstractMarkupTemplateParser.parseStandalone(AbstractMarkupTemplateParser.java:100) ~[thymeleaf-3.0.15.RELEASE.jar:3.0.15.RELEASE]
	at org.thymeleaf.engine.TemplateManager.parseAndProcess(TemplateManager.java:666) ~[thymeleaf-3.0.15.RELEASE.jar:3.0.15.RELEASE]
	at org.thymeleaf.TemplateEngine.process(TemplateEngine.java:1098) ~[thymeleaf-3.0.15.RELEASE.jar:3.0.15.RELEASE]
	at org.thymeleaf.TemplateEngine.process(TemplateEngine.java:1072) ~[thymeleaf-3.0.15.RELEASE.jar:3.0.15.RELEASE]
	at org.thymeleaf.spring5.view.ThymeleafView.renderFragment(ThymeleafView.java:366) ~[thymeleaf-spring5-3.0.15.RELEASE.jar:3.0.15.RELEASE]
	at org.thymeleaf.spring5.view.ThymeleafView.render(ThymeleafView.java:190) ~[thymeleaf-spring5-3.0.15.RELEASE.jar:3.0.15.RELEASE]
	at org.springframework.web.servlet.DispatcherServlet.render(DispatcherServlet.java:1406) ~[spring-webmvc-5.3.28.jar:5.3.28]
	at org.springframework.web.servlet.DispatcherServlet.processDispatchResult(DispatcherServlet.java:1150) ~[spring-webmvc-5.3.28.jar:5.3.28]
	at org.springframework.web.servlet.DispatcherServlet.doDispatch(DispatcherServlet.java:1089) ~[spring-webmvc-5.3.28.jar:5.3.28]
	at org.springframework.web.servlet.DispatcherServlet.doService(DispatcherServlet.java:965) ~[spring-webmvc-5.3.28.jar:5.3.28]
	at org.springframework.web.servlet.FrameworkServlet.processRequest(FrameworkServlet.java:1006) ~[spring-webmvc-5.3.28.jar:5.3.28]
	... 35 more
2026-02-16 22:55:31 [INFO ] HikariDataSource:350 - HikariPool-1 - Shutdown initiated...
2026-02-16 22:55:31 [INFO ] HikariDataSource:352 - HikariPool-1 - Shutdown completed.
